node,z,head,psi,theta,K,C,flux,sink,kappa,v/KsTop,temp,time
16,-15,-1150.842,7.048249127,0.1728,7.33E-05,3.79E-05,0.002878,0,-1,0.000267,20,0
16,-15,-1150.332,7.047805875,0.1729,7.34E-05,3.79E-05,0.002876,0,-1,0.000266,20,0.1
16,-15,-1149.83,7.047369384,0.1729,7.35E-05,3.79E-05,0.002874,0,-1,0.000266,20,0.2
16,-15,-1149.335,7.046938793,0.1729,7.36E-05,3.80E-05,0.002873,0,-1,0.000266,20,0.3
16,-15,-1148.849,7.046515851,0.1729,7.37E-05,3.80E-05,0.002872,0,-1,0.000266,20,0.4
16,-15,-1148.371,7.046099695,0.1729,7.38E-05,3.80E-05,0.002872,0,-1,0.000266,20,0.5
16,-15,-1147.9,7.045689465,0.173,7.39E-05,3.80E-05,0.002872,0,-1,0.000266,20,0.6
16,-15,-1147.435,7.045284295,0.173,7.40E-05,3.80E-05,0.002873,0,-1,0.000266,20,0.7
16,-15,-1146.98,7.04488768,0.173,7.41E-05,3.81E-05,0.002875,0,-1,0.000266,20,0.8
16,-15,-1146.529,7.044494396,0.173,7.42E-05,3.81E-05,0.002876,0,-1,0.000266,20,0.9
16,-15,-1146.085,7.044107066,0.173,7.43E-05,3.81E-05,0.002878,0,-1,0.000267,20,1
16,-15,-1145.645,7.043723076,0.173,7.44E-05,3.81E-05,0.002881,0,-1,0.000267,20,1.1
16,-15,-1145.21,7.043343305,0.1731,7.45E-05,3.82E-05,0.002883,0,-1,0.000267,20,1.2
16,-15,-1144.779,7.042966884,0.1731,7.46E-05,3.82E-05,0.002886,0,-1,0.000267,20,1.3
16,-15,-1144.35,7.042592069,0.1731,7.47E-05,3.82E-05,0.002888,0,-1,0.000267,20,1.4
16,-15,-1143.923,7.042218862,0.1731,7.48E-05,3.82E-05,0.002891,0,-1,0.000268,20,1.5
16,-15,-1143.499,7.041848139,0.1731,7.49E-05,3.82E-05,0.002894,0,-1,0.000268,20,1.6
16,-15,-1143.076,7.041478153,0.1732,7.50E-05,3.83E-05,0.002897,0,-1,0.000268,20,1.7
16,-15,-1142.655,7.041109781,0.1732,7.51E-05,3.83E-05,0.0029,0,-1,0.000269,20,1.8
16,-15,-1142.233,7.040740397,0.1732,7.51E-05,3.83E-05,0.002903,0,-1,0.000269,20,1.9
16,-15,-1141.813,7.040372629,0.1732,7.52E-05,3.83E-05,0.002906,0,-1,0.000269,20,2
16,-15,-1141.394,7.040005601,0.1732,7.53E-05,3.83E-05,0.002909,0,-1,0.000269,20,2.1
16,-15,-1140.974,7.039637563,0.1732,7.54E-05,3.84E-05,0.002912,0,-1,0.00027,20,2.2
16,-15,-1140.555,7.039270265,0.1733,7.55E-05,3.84E-05,0.002915,0,-1,0.00027,20,2.3
16,-15,-1140.136,7.038902833,0.1733,7.56E-05,3.84E-05,0.002919,0,-1,0.00027,20,2.4
16,-15,-1139.717,7.038535265,0.1733,7.57E-05,3.84E-05,0.002922,0,-1,0.000271,20,2.5
16,-15,-1139.298,7.038167562,0.1733,7.58E-05,3.85E-05,0.002925,0,-1,0.000271,20,2.6
16,-15,-1138.878,7.037798846,0.1733,7.59E-05,3.85E-05,0.002928,0,-1,0.000271,20,2.7
16,-15,-1138.458,7.037429994,0.1733,7.60E-05,3.85E-05,0.002932,0,-1,0.000271,20,2.8
16,-15,-1138.038,7.037061006,0.1734,7.61E-05,3.85E-05,0.002935,0,-1,0.000272,20,2.9
16,-15,-1137.618,7.036691882,0.1734,7.61E-05,3.85E-05,0.002938,0,-1,0.000272,20,3
16,-15,-1137.197,7.036321742,0.1734,7.62E-05,3.86E-05,0.002941,0,-1,0.000272,20,3.1
16,-15,-1136.776,7.035951465,0.1734,7.63E-05,3.86E-05,0.002945,0,-1,0.000273,20,3.2
16,-15,-1136.354,7.03558017,0.1734,7.64E-05,3.86E-05,0.002948,0,-1,0.000273,20,3.3
16,-15,-1135.932,7.035208738,0.1734,7.65E-05,3.86E-05,0.002951,0,-1,0.000273,20,3.4
16,-15,-1135.51,7.034837168,0.1735,7.66E-05,3.86E-05,0.002955,0,-1,0.000274,20,3.5
16,-15,-1135.087,7.034464579,0.1735,7.67E-05,3.87E-05,0.002958,0,-1,0.000274,20,3.6
16,-15,-1134.664,7.034091851,0.1735,7.68E-05,3.87E-05,0.002961,0,-1,0.000274,20,3.7
16,-15,-1134.24,7.033718102,0.1735,7.69E-05,3.87E-05,0.002965,0,-1,0.000275,20,3.8
16,-15,-1133.815,7.033343332,0.1735,7.70E-05,3.87E-05,0.002968,0,-1,0.000275,20,3.9
16,-15,-1133.391,7.032969303,0.1735,7.71E-05,3.88E-05,0.002972,0,-1,0.000275,20,4
16,-15,-1132.966,7.032594252,0.1736,7.72E-05,3.88E-05,0.002975,0,-1,0.000275,20,4.1
16,-15,-1132.54,7.032218177,0.1736,7.73E-05,3.88E-05,0.002978,0,-1,0.000276,20,4.2
16,-15,-1132.115,7.031842844,0.1736,7.74E-05,3.88E-05,0.002982,0,-1,0.000276,20,4.3
16,-15,-1131.688,7.031465602,0.1736,7.74E-05,3.88E-05,0.002985,0,-1,0.000276,20,4.4
16,-15,-1131.261,7.031088219,0.1736,7.75E-05,3.89E-05,0.002989,0,-1,0.000277,20,4.5
16,-15,-1130.834,7.030710693,0.1736,7.76E-05,3.89E-05,0.002992,0,-1,0.000277,20,4.6
16,-15,-1130.407,7.030333024,0.1737,7.77E-05,3.89E-05,0.002996,0,-1,0.000277,20,4.7
16,-15,-1129.979,7.029954327,0.1737,7.78E-05,3.89E-05,0.002999,0,-1,0.000278,20,4.8
16,-15,-1129.552,7.029576373,0.1737,7.79E-05,3.89E-05,0.003003,0,-1,0.000278,20,4.9
16,-15,-1129.124,7.02919739,0.1737,7.80E-05,3.90E-05,0.003007,0,-1,0.000278,20,5
16,-15,-1128.695,7.028817377,0.1737,7.81E-05,3.90E-05,0.00301,0,-1,0.000279,20,5.1
16,-15,-1128.266,7.02843722,0.1737,7.82E-05,3.90E-05,0.003014,0,-1,0.000279,20,5.2
16,-15,-1127.838,7.028057805,0.1738,7.83E-05,3.90E-05,0.003018,0,-1,0.000279,20,5.3
16,-15,-1127.409,7.027677359,0.1738,7.84E-05,3.91E-05,0.003021,0,-1,0.00028,20,5.4
16,-15,-1126.98,7.027296768,0.1738,7.85E-05,3.91E-05,0.003025,0,-1,0.00028,20,5.5
16,-15,-1126.551,7.026916032,0.1738,7.86E-05,3.91E-05,0.003029,0,-1,0.00028,20,5.6
16,-15,-1126.122,7.026535151,0.1738,7.87E-05,3.91E-05,0.003033,0,-1,0.000281,20,5.7
16,-15,-1125.693,7.026154125,0.1738,7.88E-05,3.91E-05,0.003036,0,-1,0.000281,20,5.8
16,-15,-1125.264,7.025772954,0.1739,7.88E-05,3.92E-05,0.00304,0,-1,0.000282,20,5.9
16,-15,-1124.835,7.025391637,0.1739,7.89E-05,3.92E-05,0.003044,0,-1,0.000282,20,6
16,-15,-1124.406,7.025010175,0.1739,7.90E-05,3.92E-05,0.003048,0,-1,0.000282,20,6.1
16,-15,-1123.977,7.024628568,0.1739,7.91E-05,3.92E-05,0.003052,0,-1,0.000283,20,6.2
16,-15,-1123.547,7.024245924,0.1739,7.92E-05,3.92E-05,0.003056,0,-1,0.000283,20,6.3
16,-15,-1123.119,7.023864915,0.1739,7.93E-05,3.93E-05,0.00306,0,-1,0.000283,20,6.4
16,-15,-1122.691,7.023483761,0.174,7.94E-05,3.93E-05,0.003064,0,-1,0.000284,20,6.5
16,-15,-1122.263,7.023102461,0.174,7.95E-05,3.93E-05,0.003068,0,-1,0.000284,20,6.6
16,-15,-1121.836,7.022721908,0.174,7.96E-05,3.93E-05,0.003072,0,-1,0.000284,20,6.7
16,-15,-1121.41,7.022342101,0.174,7.97E-05,3.94E-05,0.003076,0,-1,0.000285,20,6.8
16,-15,-1120.984,7.02196215,0.174,7.98E-05,3.94E-05,0.00308,0,-1,0.000285,20,6.9
16,-15,-1120.559,7.021582947,0.174,7.99E-05,3.94E-05,0.003084,0,-1,0.000286,20,7
16,-15,-1120.135,7.021204493,0.1741,8.00E-05,3.94E-05,0.003088,0,-1,0.000286,20,7.1
16,-15,-1119.711,7.020825895,0.1741,8.01E-05,3.94E-05,0.003092,0,-1,0.000286,20,7.2
16,-15,-1119.288,7.020448048,0.1741,8.02E-05,3.95E-05,0.003096,0,-1,0.000287,20,7.3
16,-15,-1118.867,7.020071845,0.1741,8.02E-05,3.95E-05,0.0031,0,-1,0.000287,20,7.4
16,-15,-1118.445,7.019694607,0.1741,8.03E-05,3.95E-05,0.003105,0,-1,0.000287,20,7.5
16,-15,-1118.024,7.01931812,0.1741,8.04E-05,3.95E-05,0.003109,0,-1,0.000288,20,7.6
16,-15,-1117.604,7.018942387,0.1742,8.05E-05,3.95E-05,0.003113,0,-1,0.000288,20,7.7
16,-15,-1117.184,7.018566512,0.1742,8.06E-05,3.96E-05,0.003117,0,-1,0.000289,20,7.8
16,-15,-1116.765,7.018191392,0.1742,8.07E-05,3.96E-05,0.003122,0,-1,0.000289,20,7.9
16,-15,-1116.346,7.017816131,0.1742,8.08E-05,3.96E-05,0.003126,0,-1,0.000289,20,8
16,-15,-1115.927,7.017440729,0.1742,8.09E-05,3.96E-05,0.003131,0,-1,0.00029,20,8.1
16,-15,-1115.51,7.017066978,0.1742,8.10E-05,3.96E-05,0.003136,0,-1,0.00029,20,8.2
16,-15,-1115.092,7.016692192,0.1743,8.11E-05,3.97E-05,0.00314,0,-1,0.000291,20,8.3
16,-15,-1114.675,7.016318162,0.1743,8.12E-05,3.97E-05,0.003145,0,-1,0.000291,20,8.4
16,-15,-1114.259,7.015944889,0.1743,8.12E-05,3.97E-05,0.00315,0,-1,0.000292,20,8.5
16,-15,-1113.843,7.015571477,0.1743,8.13E-05,3.97E-05,0.003154,0,-1,0.000292,20,8.6
16,-15,-1113.427,7.015197926,0.1743,8.14E-05,3.98E-05,0.003159,0,-1,0.000293,20,8.7
16,-15,-1113.012,7.014825133,0.1743,8.15E-05,3.98E-05,0.003164,0,-1,0.000293,20,8.8
16,-15,-1112.597,7.014452201,0.1744,8.16E-05,3.98E-05,0.003169,0,-1,0.000293,20,8.9
16,-15,-1112.182,7.01407913,0.1744,8.17E-05,3.98E-05,0.003174,0,-1,0.000294,20,9
16,-15,-1111.769,7.013707719,0.1744,8.18E-05,3.98E-05,0.003179,0,-1,0.000294,20,9.1
16,-15,-1111.355,7.013335271,0.1744,8.19E-05,3.99E-05,0.003184,0,-1,0.000295,20,9.2
16,-15,-1110.942,7.012963583,0.1744,8.20E-05,3.99E-05,0.003189,0,-1,0.000295,20,9.3
16,-15,-1110.53,7.012592658,0.1744,8.21E-05,3.99E-05,0.003194,0,-1,0.000296,20,9.4
16,-15,-1110.118,7.012221595,0.1745,8.22E-05,3.99E-05,0.0032,0,-1,0.000296,20,9.5
16,-15,-1109.706,7.011850394,0.1745,8.22E-05,3.99E-05,0.003205,0,-1,0.000297,20,9.6
16,-15,-1109.295,7.011479957,0.1745,8.23E-05,4.00E-05,0.00321,0,-1,0.000297,20,9.7
16,-15,-1108.885,7.011110285,0.1745,8.24E-05,4.00E-05,0.003215,0,-1,0.000298,20,9.8
16,-15,-1108.474,7.010739574,0.1745,8.25E-05,4.00E-05,0.003221,0,-1,0.000298,20,9.9
16,-15,-1108.065,7.01037053,0.1745,8.26E-05,4.00E-05,0.003226,0,-1,0.000299,20,10
16,-15,-1107.656,7.01000135,0.1746,8.27E-05,4.00E-05,0.003231,0,-1,0.000299,20,10.1
16,-15,-1107.247,7.009632033,0.1746,8.28E-05,4.01E-05,0.003237,0,-1,0.0003,20,10.2
16,-15,-1106.838,7.009262581,0.1746,8.29E-05,4.01E-05,0.003242,0,-1,0.0003,20,10.3
16,-15,-1106.43,7.008893895,0.1746,8.30E-05,4.01E-05,0.003248,0,-1,0.000301,20,10.4
16,-15,-1106.023,7.008525978,0.1746,8.30E-05,4.01E-05,0.003253,0,-1,0.000301,20,10.5
16,-15,-1105.616,7.008157925,0.1746,8.31E-05,4.01E-05,0.003259,0,-1,0.000302,20,10.6
16,-15,-1105.21,7.007790641,0.1747,8.32E-05,4.02E-05,0.003265,0,-1,0.000302,20,10.7
16,-15,-1104.804,7.007423223,0.1747,8.33E-05,4.02E-05,0.00327,0,-1,0.000303,20,10.8
16,-15,-1104.398,7.007055669,0.1747,8.34E-05,4.02E-05,0.003276,0,-1,0.000303,20,10.9
16,-15,-1103.993,7.006688886,0.1747,8.35E-05,4.02E-05,0.003282,0,-1,0.000304,20,11
16,-15,-1103.588,7.006321969,0.1747,8.36E-05,4.02E-05,0.003287,0,-1,0.000304,20,11.1
16,-15,-1103.183,7.005954917,0.1747,8.37E-05,4.03E-05,0.003293,0,-1,0.000305,20,11.2
16,-15,-1102.779,7.005588637,0.1747,8.38E-05,4.03E-05,0.003299,0,-1,0.000305,20,11.3
16,-15,-1102.375,7.005222222,0.1748,8.38E-05,4.03E-05,0.003305,0,-1,0.000306,20,11.4
16,-15,-1101.971,7.004855674,0.1748,8.39E-05,4.03E-05,0.003311,0,-1,0.000307,20,11.5
16,-15,-1101.568,7.004489898,0.1748,8.40E-05,4.03E-05,0.003316,0,-1,0.000307,20,11.6
16,-15,-1101.165,7.004123989,0.1748,8.41E-05,4.04E-05,0.003322,0,-1,0.000308,20,11.7
16,-15,-1100.763,7.003758855,0.1748,8.42E-05,4.04E-05,0.003328,0,-1,0.000308,20,11.8
16,-15,-1100.361,7.003393587,0.1748,8.43E-05,4.04E-05,0.003334,0,-1,0.000309,20,11.9
16,-15,-1099.959,7.003028185,0.1749,8.44E-05,4.04E-05,0.00334,0,-1,0.000309,20,12
16,-15,-1099.558,7.00266356,0.1749,8.45E-05,4.05E-05,0.003346,0,-1,0.00031,20,12.1
16,-15,-1099.156,7.002297892,0.1749,8.45E-05,4.05E-05,0.003352,0,-1,0.00031,20,12.2
16,-15,-1098.755,7.001933,0.1749,8.46E-05,4.05E-05,0.003358,0,-1,0.000311,20,12.3
16,-15,-1098.355,7.001568885,0.1749,8.47E-05,4.05E-05,0.003364,0,-1,0.000311,20,12.4
16,-15,-1097.954,7.001203727,0.1749,8.48E-05,4.05E-05,0.00337,0,-1,0.000312,20,12.5
16,-15,-1097.554,7.000839346,0.175,8.49E-05,4.06E-05,0.003376,0,-1,0.000313,20,12.6
16,-15,-1097.154,7.000474833,0.175,8.50E-05,4.06E-05,0.003382,0,-1,0.000313,20,12.7
16,-15,-1096.754,7.000110187,0.175,8.51E-05,4.06E-05,0.003389,0,-1,0.000314,20,12.8
16,-15,-1096.354,6.999745408,0.175,8.52E-05,4.06E-05,0.003395,0,-1,0.000314,20,12.9
16,-15,-1095.954,6.999380496,0.175,8.52E-05,4.06E-05,0.003401,0,-1,0.000315,20,13
16,-15,-1095.555,6.999016363,0.175,8.53E-05,4.07E-05,0.003407,0,-1,0.000315,20,13.1
16,-15,-1095.156,6.998652098,0.175,8.54E-05,4.07E-05,0.003413,0,-1,0.000316,20,13.2
16,-15,-1094.756,6.998286786,0.1751,8.55E-05,4.07E-05,0.003419,0,-1,0.000317,20,13.3
16,-15,-1094.358,6.997923169,0.1751,8.56E-05,4.07E-05,0.003426,0,-1,0.000317,20,13.4
16,-15,-1093.958,6.997557591,0.1751,8.57E-05,4.07E-05,0.003432,0,-1,0.000318,20,13.5
16,-15,-1093.56,6.997193708,0.1751,8.58E-05,4.08E-05,0.003438,0,-1,0.000318,20,13.6
16,-15,-1093.161,6.996828778,0.1751,8.59E-05,4.08E-05,0.003445,0,-1,0.000319,20,13.7
16,-15,-1092.762,6.996463715,0.1751,8.59E-05,4.08E-05,0.003451,0,-1,0.00032,20,13.8
16,-15,-1092.364,6.996099434,0.1752,8.60E-05,4.08E-05,0.003457,0,-1,0.00032,20,13.9
16,-15,-1091.967,6.995735936,0.1752,8.61E-05,4.08E-05,0.003463,0,-1,0.000321,20,14
16,-15,-1091.571,6.995373222,0.1752,8.62E-05,4.09E-05,0.003469,0,-1,0.000321,20,14.1
16,-15,-1091.177,6.995012209,0.1752,8.63E-05,4.09E-05,0.003475,0,-1,0.000322,20,14.2
16,-15,-1090.784,6.994651983,0.1752,8.64E-05,4.09E-05,0.003481,0,-1,0.000322,20,14.3
16,-15,-1090.392,6.994292544,0.1752,8.65E-05,4.09E-05,0.003487,0,-1,0.000323,20,14.4
16,-15,-1090.002,6.99393481,0.1753,8.65E-05,4.09E-05,0.003493,0,-1,0.000323,20,14.5
16,-15,-1089.612,6.993576949,0.1753,8.66E-05,4.10E-05,0.0035,0,-1,0.000324,20,14.6
16,-15,-1089.224,6.993220795,0.1753,8.67E-05,4.10E-05,0.003506,0,-1,0.000325,20,14.7
16,-15,-1088.836,6.992864515,0.1753,8.68E-05,4.10E-05,0.003512,0,-1,0.000325,20,14.8
16,-15,-1088.448,6.992508107,0.1753,8.69E-05,4.10E-05,0.003519,0,-1,0.000326,20,14.9
16,-15,-1088.061,6.992152492,0.1753,8.70E-05,4.10E-05,0.003525,0,-1,0.000326,20,15
16,-15,-1087.675,6.99179767,0.1753,8.71E-05,4.10E-05,0.003532,0,-1,0.000327,20,15.1
16,-15,-1087.288,6.991441801,0.1754,8.71E-05,4.11E-05,0.003538,0,-1,0.000328,20,15.2
16,-15,-1086.902,6.991086727,0.1754,8.72E-05,4.11E-05,0.003545,0,-1,0.000328,20,15.3
16,-15,-1086.515,6.990730605,0.1754,8.73E-05,4.11E-05,0.003551,0,-1,0.000329,20,15.4
16,-15,-1086.129,6.990375278,0.1754,8.74E-05,4.11E-05,0.003558,0,-1,0.000329,20,15.5
16,-15,-1085.741,6.990017982,0.1754,8.75E-05,4.11E-05,0.003565,0,-1,0.00033,20,15.6
16,-15,-1085.354,6.98966148,0.1754,8.76E-05,4.12E-05,0.003572,0,-1,0.000331,20,15.7
16,-15,-1084.967,6.989304851,0.1755,8.76E-05,4.12E-05,0.003578,0,-1,0.000331,20,15.8
16,-15,-1084.58,6.988948094,0.1755,8.77E-05,4.12E-05,0.003585,0,-1,0.000332,20,15.9
16,-15,-1084.192,6.988590288,0.1755,8.78E-05,4.12E-05,0.003592,0,-1,0.000333,20,16
16,-15,-1083.804,6.988232354,0.1755,8.79E-05,4.12E-05,0.003599,0,-1,0.000333,20,16.1
16,-15,-1083.415,6.987873368,0.1755,8.80E-05,4.13E-05,0.003606,0,-1,0.000334,20,16.2
16,-15,-1083.026,6.987514254,0.1755,8.81E-05,4.13E-05,0.003612,0,-1,0.000334,20,16.3
16,-15,-1082.636,6.987154087,0.1755,8.82E-05,4.13E-05,0.003619,0,-1,0.000335,20,16.4
16,-15,-1082.247,6.986794714,0.1756,8.82E-05,4.13E-05,0.003626,0,-1,0.000336,20,16.5
16,-15,-1081.856,6.986433364,0.1756,8.83E-05,4.13E-05,0.003633,0,-1,0.000336,20,16.6
16,-15,-1081.465,6.986071882,0.1756,8.84E-05,4.14E-05,0.00364,0,-1,0.000337,20,16.7
16,-15,-1081.074,6.98571027,0.1756,8.85E-05,4.14E-05,0.003647,0,-1,0.000338,20,16.8
16,-15,-1080.682,6.985347602,0.1756,8.86E-05,4.14E-05,0.003654,0,-1,0.000338,20,16.9
16,-15,-1080.29,6.984984803,0.1756,8.87E-05,4.14E-05,0.003661,0,-1,0.000339,20,17
16,-15,-1079.897,6.984620945,0.1757,8.87E-05,4.14E-05,0.003668,0,-1,0.00034,20,17.1
16,-15,-1079.504,6.984256955,0.1757,8.88E-05,4.15E-05,0.003675,0,-1,0.00034,20,17.2
16,-15,-1079.11,6.983891906,0.1757,8.89E-05,4.15E-05,0.003682,0,-1,0.000341,20,17.3
16,-15,-1078.716,6.983526724,0.1757,8.90E-05,4.15E-05,0.003689,0,-1,0.000342,20,17.4
16,-15,-1078.321,6.983160481,0.1757,8.91E-05,4.15E-05,0.003696,0,-1,0.000342,20,17.5
16,-15,-1077.926,6.982794103,0.1757,8.92E-05,4.15E-05,0.003703,0,-1,0.000343,20,17.6
16,-15,-1077.53,6.982426664,0.1757,8.93E-05,4.16E-05,0.00371,0,-1,0.000344,20,17.7
16,-15,-1077.134,6.982059089,0.1758,8.94E-05,4.16E-05,0.003718,0,-1,0.000344,20,17.8
16,-15,-1076.736,6.981689522,0.1758,8.94E-05,4.16E-05,0.003725,0,-1,0.000345,20,17.9
16,-15,-1076.339,6.981320747,0.1758,8.95E-05,4.16E-05,0.003732,0,-1,0.000346,20,18
16,-15,-1075.94,6.980949977,0.1758,8.96E-05,4.16E-05,0.003739,0,-1,0.000346,20,18.1
16,-15,-1075.542,6.98058,0.1758,8.97E-05,4.17E-05,0.003746,0,-1,0.000347,20,18.2
16,-15,-1075.142,6.980208025,0.1758,8.98E-05,4.17E-05,0.003753,0,-1,0.000348,20,18.3
16,-15,-1074.742,6.979835912,0.1759,8.99E-05,4.17E-05,0.00376,0,-1,0.000348,20,18.4
16,-15,-1074.342,6.97946366,0.1759,9.00E-05,4.17E-05,0.003768,0,-1,0.000349,20,18.5
16,-15,-1073.941,6.979090339,0.1759,9.00E-05,4.17E-05,0.003775,0,-1,0.00035,20,18.6
16,-15,-1073.539,6.978715946,0.1759,9.01E-05,4.18E-05,0.003782,0,-1,0.00035,20,18.7
16,-15,-1073.137,6.978341414,0.1759,9.02E-05,4.18E-05,0.003789,0,-1,0.000351,20,18.8
16,-15,-1072.734,6.977965809,0.1759,9.03E-05,4.18E-05,0.003796,0,-1,0.000352,20,18.9
16,-15,-1072.33,6.97758913,0.176,9.04E-05,4.18E-05,0.003803,0,-1,0.000352,20,19
16,-15,-1071.926,6.977212309,0.176,9.05E-05,4.18E-05,0.003811,0,-1,0.000353,20,19.1
16,-15,-1071.521,6.976834413,0.176,9.06E-05,4.19E-05,0.003818,0,-1,0.000354,20,19.2
16,-15,-1071.116,6.976456375,0.176,9.07E-05,4.19E-05,0.003825,0,-1,0.000354,20,19.3
16,-15,-1070.71,6.976077259,0.176,9.08E-05,4.19E-05,0.003832,0,-1,0.000355,20,19.4
16,-15,-1070.304,6.975697999,0.176,9.08E-05,4.19E-05,0.003839,0,-1,0.000356,20,19.5
16,-15,-1069.897,6.975317661,0.176,9.09E-05,4.19E-05,0.003847,0,-1,0.000356,20,19.6
16,-15,-1069.489,6.974936243,0.1761,9.10E-05,4.20E-05,0.003854,0,-1,0.000357,20,19.7
16,-15,-1069.081,6.97455468,0.1761,9.11E-05,4.20E-05,0.003861,0,-1,0.000358,20,19.8
16,-15,-1068.672,6.974172035,0.1761,9.12E-05,4.20E-05,0.003868,0,-1,0.000358,20,19.9
16,-15,-1068.263,6.973789244,0.1761,9.13E-05,4.20E-05,0.003876,0,-1,0.000359,20,20
16,-15,-1067.853,6.97340537,0.1761,9.14E-05,4.20E-05,0.003883,0,-1,0.00036,20,20.1
16,-15,-1067.443,6.973021348,0.1761,9.15E-05,4.21E-05,0.00389,0,-1,0.00036,20,20.2
16,-15,-1067.032,6.972636241,0.1762,9.16E-05,4.21E-05,0.003897,0,-1,0.000361,20,20.3
16,-15,-1066.62,6.972250049,0.1762,9.16E-05,4.21E-05,0.003904,0,-1,0.000362,20,20.4
16,-15,-1066.208,6.971863708,0.1762,9.17E-05,4.21E-05,0.003912,0,-1,0.000362,20,20.5
16,-15,-1065.795,6.971476279,0.1762,9.18E-05,4.21E-05,0.003919,0,-1,0.000363,20,20.6
16,-15,-1065.381,6.971087761,0.1762,9.19E-05,4.22E-05,0.003926,0,-1,0.000364,20,20.7
16,-15,-1064.968,6.970700031,0.1762,9.20E-05,4.22E-05,0.003933,0,-1,0.000364,20,20.8
16,-15,-1064.553,6.970310272,0.1763,9.21E-05,4.22E-05,0.00394,0,-1,0.000365,20,20.9
16,-15,-1064.138,6.969920361,0.1763,9.22E-05,4.22E-05,0.003948,0,-1,0.000366,20,21
16,-15,-1063.722,6.969529358,0.1763,9.23E-05,4.23E-05,0.003955,0,-1,0.000366,20,21.1
16,-15,-1063.306,6.969138201,0.1763,9.24E-05,4.23E-05,0.003962,0,-1,0.000367,20,21.2
16,-15,-1062.889,6.968745951,0.1763,9.25E-05,4.23E-05,0.003969,0,-1,0.000368,20,21.3
16,-15,-1062.471,6.968352606,0.1763,9.26E-05,4.23E-05,0.003977,0,-1,0.000368,20,21.4
16,-15,-1062.052,6.967958165,0.1764,9.26E-05,4.23E-05,0.003984,0,-1,0.000369,20,21.5
16,-15,-1061.634,6.96756451,0.1764,9.27E-05,4.24E-05,0.003991,0,-1,0.00037,20,21.6
16,-15,-1061.214,6.967168815,0.1764,9.28E-05,4.24E-05,0.003998,0,-1,0.00037,20,21.7
16,-15,-1060.794,6.966772963,0.1764,9.29E-05,4.24E-05,0.004005,0,-1,0.000371,20,21.8
16,-15,-1060.377,6.966379784,0.1764,9.30E-05,4.24E-05,0.004012,0,-1,0.000371,20,21.9
16,-15,-1059.961,6.965987394,0.1764,9.31E-05,4.24E-05,0.004018,0,-1,0.000372,20,22
16,-15,-1059.547,6.965596737,0.1765,9.32E-05,4.25E-05,0.004024,0,-1,0.000373,20,22.1
16,-15,-1059.134,6.965206872,0.1765,9.33E-05,4.25E-05,0.004031,0,-1,0.000373,20,22.2
16,-15,-1058.721,6.964816855,0.1765,9.34E-05,4.25E-05,0.004037,0,-1,0.000374,20,22.3
16,-15,-1058.308,6.964426685,0.1765,9.35E-05,4.25E-05,0.004044,0,-1,0.000374,20,22.4
16,-15,-1057.894,6.964035418,0.1765,9.36E-05,4.25E-05,0.004051,0,-1,0.000375,20,22.5
16,-15,-1057.48,6.963643998,0.1765,9.36E-05,4.26E-05,0.004057,0,-1,0.000376,20,22.6
16,-15,-1057.064,6.963250533,0.1766,9.37E-05,4.26E-05,0.004064,0,-1,0.000376,20,22.7
16,-15,-1056.647,6.962855966,0.1766,9.38E-05,4.26E-05,0.004071,0,-1,0.000377,20,22.8
16,-15,-1056.228,6.96245935,0.1766,9.39E-05,4.26E-05,0.004078,0,-1,0.000378,20,22.9
16,-15,-1055.808,6.96206163,0.1766,9.40E-05,4.26E-05,0.004086,0,-1,0.000378,20,23
16,-15,-1055.387,6.961662803,0.1766,9.41E-05,4.27E-05,0.004093,0,-1,0.000379,20,23.1
16,-15,-1054.964,6.961261922,0.1766,9.42E-05,4.27E-05,0.0041,0,-1,0.00038,20,23.2
16,-15,-1054.54,6.960859932,0.1767,9.43E-05,4.27E-05,0.004107,0,-1,0.00038,20,23.3
16,-15,-1054.115,6.960456831,0.1767,9.44E-05,4.27E-05,0.004115,0,-1,0.000381,20,23.4
16,-15,-1053.688,6.96005167,0.1767,9.45E-05,4.28E-05,0.004122,0,-1,0.000382,20,23.5
16,-15,-1053.26,6.959645395,0.1767,9.46E-05,4.28E-05,0.004129,0,-1,0.000382,20,23.6
16,-15,-1052.831,6.959238005,0.1767,9.47E-05,4.28E-05,0.004137,0,-1,0.000383,20,23.7
16,-15,-1052.401,6.958829499,0.1767,9.48E-05,4.28E-05,0.004144,0,-1,0.000384,20,23.8
16,-15,-1051.969,6.958418925,0.1768,9.48E-05,4.28E-05,0.004152,0,-1,0.000384,20,23.9
16,-15,-1051.536,6.958007231,0.1768,9.49E-05,4.29E-05,0.004159,0,-1,0.000385,20,24
16,-15,-1051.103,6.957595368,0.1768,9.50E-05,4.29E-05,0.004167,0,-1,0.000386,20,24.1
16,-15,-1050.667,6.95718048,0.1768,9.51E-05,4.29E-05,0.004174,0,-1,0.000386,20,24.2
16,-15,-1050.231,6.956765419,0.1768,9.52E-05,4.29E-05,0.004182,0,-1,0.000387,20,24.3
16,-15,-1049.794,6.956349233,0.1768,9.53E-05,4.29E-05,0.004189,0,-1,0.000388,20,24.4
16,-15,-1049.356,6.955931922,0.1769,9.54E-05,4.30E-05,0.004197,0,-1,0.000389,20,24.5
16,-15,-1048.917,6.955513482,0.1769,9.55E-05,4.30E-05,0.004204,0,-1,0.000389,20,24.6
16,-15,-1048.477,6.955093914,0.1769,9.56E-05,4.30E-05,0.004212,0,-1,0.00039,20,24.7
16,-15,-1048.036,6.954673215,0.1769,9.57E-05,4.30E-05,0.004219,0,-1,0.000391,20,24.8
16,-15,-1047.594,6.954251385,0.1769,9.58E-05,4.31E-05,0.004226,0,-1,0.000391,20,24.9
16,-15,-1047.151,6.953828422,0.1769,9.59E-05,4.31E-05,0.004234,0,-1,0.000392,20,25
36,-35,-617.783,6.426137263,0.2026,0.0004395,8.76E-05,0.007202,0,-1,0.000667,20,0
36,-35,-617.39,6.425500915,0.2026,0.00044,8.77E-05,0.007268,0,-1,0.000673,20,0.1
36,-35,-617.003,6.424873886,0.2026,0.0004406,8.77E-05,0.007314,0,-1,0.000677,20,0.2
36,-35,-616.617,6.424248086,0.2026,0.0004411,8.78E-05,0.007349,0,-1,0.000681,20,0.3
36,-35,-616.23,6.42362027,0.2027,0.0004416,8.78E-05,0.007379,0,-1,0.000683,20,0.4
36,-35,-615.844,6.422993685,0.2027,0.0004422,8.79E-05,0.007402,0,-1,0.000685,20,0.5
36,-35,-615.457,6.422365081,0.2027,0.0004427,8.79E-05,0.007423,0,-1,0.000687,20,0.6
36,-35,-615.071,6.421737708,0.2028,0.0004433,8.80E-05,0.007442,0,-1,0.000689,20,0.7
36,-35,-614.686,6.421111568,0.2028,0.0004438,8.81E-05,0.007459,0,-1,0.000691,20,0.8
36,-35,-614.3,6.420483408,0.2028,0.0004443,8.81E-05,0.007475,0,-1,0.000692,20,0.9
36,-35,-613.915,6.419856482,0.2028,0.0004449,8.82E-05,0.007489,0,-1,0.000693,20,1
36,-35,-613.54,6.419245462,0.2029,0.0004455,8.82E-05,0.007504,0,-1,0.000695,20,1.1
36,-35,-613.217,6.41871887,0.2029,0.0004466,8.83E-05,0.007522,0,-1,0.000696,20,1.2
36,-35,-612.868,6.418149578,0.2029,0.0004478,8.84E-05,0.007538,0,-1,0.000698,20,1.3
36,-35,-612.517,6.417576697,0.203,0.000449,8.85E-05,0.007554,0,-1,0.000699,20,1.4
36,-35,-612.158,6.416990419,0.203,0.0004503,8.86E-05,0.007569,0,-1,0.000701,20,1.5
36,-35,-611.795,6.416397259,0.2031,0.0004515,8.87E-05,0.007583,0,-1,0.000702,20,1.6
36,-35,-611.428,6.415797205,0.2031,0.0004528,8.88E-05,0.007598,0,-1,0.000703,20,1.7
36,-35,-611.06,6.415195154,0.2031,0.0004541,8.89E-05,0.007611,0,-1,0.000705,20,1.8
36,-35,-610.689,6.414587828,0.2032,0.0004553,8.90E-05,0.007625,0,-1,0.000706,20,1.9
36,-35,-610.317,6.413978494,0.2032,0.0004566,8.91E-05,0.007638,0,-1,0.000707,20,2
36,-35,-609.943,6.41336551,0.2032,0.0004579,8.92E-05,0.007652,0,-1,0.000709,20,2.1
36,-35,-609.568,6.41275051,0.2033,0.0004592,8.92E-05,0.007665,0,-1,0.00071,20,2.2
36,-35,-609.191,6.412131847,0.2033,0.0004605,8.93E-05,0.007678,0,-1,0.000711,20,2.3
36,-35,-608.813,6.41151116,0.2034,0.0004618,8.94E-05,0.007692,0,-1,0.000712,20,2.4
36,-35,-608.434,6.410888443,0.2034,0.0004631,8.95E-05,0.007705,0,-1,0.000713,20,2.5
36,-35,-608.054,6.410263694,0.2034,0.0004645,8.96E-05,0.007718,0,-1,0.000715,20,2.6
36,-35,-607.673,6.409636908,0.2035,0.0004658,8.97E-05,0.007731,0,-1,0.000716,20,2.7
36,-35,-607.29,6.409006436,0.2035,0.0004671,8.98E-05,0.007745,0,-1,0.000717,20,2.8
36,-35,-606.907,6.408375567,0.2036,0.0004684,8.99E-05,0.007758,0,-1,0.000718,20,2.9
36,-35,-606.523,6.40774265,0.2036,0.0004698,9.00E-05,0.007771,0,-1,0.00072,20,3
36,-35,-606.138,6.407107683,0.2036,0.0004711,9.01E-05,0.007784,0,-1,0.000721,20,3.1
36,-35,-605.751,6.406469011,0.2037,0.0004724,9.02E-05,0.007798,0,-1,0.000722,20,3.2
36,-35,-605.364,6.40582993,0.2037,0.0004738,9.03E-05,0.007811,0,-1,0.000723,20,3.3
36,-35,-604.976,6.405188788,0.2038,0.0004751,9.04E-05,0.007824,0,-1,0.000724,20,3.4
36,-35,-604.587,6.40454558,0.2038,0.0004765,9.05E-05,0.007838,0,-1,0.000726,20,3.5
36,-35,-604.197,6.403900304,0.2038,0.0004778,9.06E-05,0.007851,0,-1,0.000727,20,3.6
36,-35,-603.806,6.403252954,0.2039,0.0004792,9.07E-05,0.007864,0,-1,0.000728,20,3.7
36,-35,-603.415,6.402605186,0.2039,0.0004805,9.08E-05,0.007878,0,-1,0.000729,20,3.8
36,-35,-603.022,6.40195368,0.204,0.0004819,9.09E-05,0.007891,0,-1,0.000731,20,3.9
36,-35,-602.629,6.40130175,0.204,0.0004832,9.10E-05,0.007905,0,-1,0.000732,20,4
36,-35,-602.234,6.400646074,0.204,0.0004846,9.11E-05,0.007918,0,-1,0.000733,20,4.1
36,-35,-601.84,6.399991629,0.2041,0.000486,9.12E-05,0.007931,0,-1,0.000734,20,4.2
36,-35,-601.444,6.39933343,0.2041,0.0004873,9.13E-05,0.007945,0,-1,0.000736,20,4.3
36,-35,-601.048,6.398674798,0.2042,0.0004887,9.14E-05,0.007958,0,-1,0.000737,20,4.4
36,-35,-600.65,6.398012402,0.2042,0.0004901,9.15E-05,0.007971,0,-1,0.000738,20,4.5
36,-35,-600.253,6.397351233,0.2042,0.0004915,9.16E-05,0.007984,0,-1,0.000739,20,4.6
36,-35,-599.854,6.396686292,0.2043,0.0004928,9.17E-05,0.007998,0,-1,0.000741,20,4.7
36,-35,-599.455,6.396020909,0.2043,0.0004942,9.18E-05,0.008011,0,-1,0.000742,20,4.8
36,-35,-599.055,6.395353414,0.2044,0.0004956,9.19E-05,0.008024,0,-1,0.000743,20,4.9
36,-35,-598.654,6.394683802,0.2044,0.000497,9.20E-05,0.008038,0,-1,0.000744,20,5
36,-35,-598.252,6.39401207,0.2044,0.0004984,9.21E-05,0.008051,0,-1,0.000745,20,5.1
36,-35,-597.85,6.393339886,0.2045,0.0004998,9.22E-05,0.008065,0,-1,0.000747,20,5.2
36,-35,-597.446,6.392663903,0.2045,0.0005012,9.23E-05,0.008078,0,-1,0.000748,20,5.3
36,-35,-597.042,6.391987463,0.2046,0.0005026,9.24E-05,0.008092,0,-1,0.000749,20,5.4
36,-35,-596.637,6.391308888,0.2046,0.000504,9.26E-05,0.008105,0,-1,0.00075,20,5.5
36,-35,-596.231,6.390628176,0.2047,0.0005054,9.27E-05,0.008119,0,-1,0.000752,20,5.6
36,-35,-595.831,6.38995707,0.2047,0.0005068,9.28E-05,0.008138,0,-1,0.000754,20,5.7
36,-35,-595.446,6.389310705,0.2047,0.0005081,9.29E-05,0.008168,0,-1,0.000756,20,5.8
36,-35,-595.063,6.388667282,0.2048,0.0005094,9.30E-05,0.008191,0,-1,0.000758,20,5.9
36,-35,-594.682,6.388026809,0.2048,0.0005107,9.30E-05,0.008213,0,-1,0.00076,20,6
36,-35,-594.3,6.387384242,0.2049,0.000512,9.31E-05,0.008233,0,-1,0.000762,20,6.1
36,-35,-593.917,6.386739579,0.2049,0.0005134,9.32E-05,0.008251,0,-1,0.000764,20,6.2
36,-35,-593.533,6.386092815,0.2049,0.0005147,9.33E-05,0.008269,0,-1,0.000766,20,6.3
36,-35,-593.147,6.38544226,0.205,0.000516,9.34E-05,0.008286,0,-1,0.000767,20,6.4
36,-35,-592.759,6.384787908,0.205,0.0005174,9.35E-05,0.008303,0,-1,0.000769,20,6.5
36,-35,-592.37,6.38413144,0.2051,0.0005187,9.36E-05,0.00832,0,-1,0.00077,20,6.6
36,-35,-591.98,6.383472851,0.2051,0.0005201,9.37E-05,0.008337,0,-1,0.000772,20,6.7
36,-35,-591.588,6.382810447,0.2051,0.0005214,9.38E-05,0.008353,0,-1,0.000773,20,6.8
36,-35,-591.196,6.382147604,0.2052,0.0005228,9.39E-05,0.008369,0,-1,0.000775,20,6.9
36,-35,-590.802,6.381480936,0.2052,0.0005242,9.40E-05,0.008385,0,-1,0.000776,20,7
36,-35,-590.407,6.38081213,0.2053,0.0005255,9.41E-05,0.008401,0,-1,0.000778,20,7.1
36,-35,-590.011,6.380141181,0.2053,0.0005269,9.42E-05,0.008417,0,-1,0.000779,20,7.2
36,-35,-589.614,6.379468086,0.2053,0.0005283,9.43E-05,0.008432,0,-1,0.000781,20,7.3
36,-35,-589.216,6.37879284,0.2054,0.0005296,9.44E-05,0.008448,0,-1,0.000782,20,7.4
36,-35,-588.817,6.378115439,0.2054,0.000531,9.45E-05,0.008463,0,-1,0.000784,20,7.5
36,-35,-588.418,6.37743758,0.2055,0.0005324,9.46E-05,0.008478,0,-1,0.000785,20,7.6
36,-35,-588.017,6.376755859,0.2055,0.0005338,9.48E-05,0.008493,0,-1,0.000786,20,7.7
36,-35,-587.617,6.376075375,0.2055,0.0005352,9.49E-05,0.008508,0,-1,0.000788,20,7.8
36,-35,-587.215,6.375391022,0.2056,0.0005366,9.50E-05,0.008523,0,-1,0.000789,20,7.9
36,-35,-586.813,6.3747062,0.2056,0.000538,9.51E-05,0.008538,0,-1,0.000791,20,8
36,-35,-586.411,6.374020909,0.2057,0.0005393,9.52E-05,0.008553,0,-1,0.000792,20,8.1
36,-35,-586.008,6.373333441,0.2057,0.0005407,9.53E-05,0.008568,0,-1,0.000793,20,8.2
36,-35,-585.604,6.372643793,0.2058,0.0005421,9.54E-05,0.008582,0,-1,0.000795,20,8.3
36,-35,-585.199,6.37195196,0.2058,0.0005435,9.55E-05,0.008597,0,-1,0.000796,20,8.4
36,-35,-584.794,6.371259648,0.2058,0.0005449,9.56E-05,0.008612,0,-1,0.000797,20,8.5
36,-35,-584.389,6.370566857,0.2059,0.0005463,9.57E-05,0.008626,0,-1,0.000799,20,8.6
36,-35,-583.983,6.369871873,0.2059,0.0005477,9.58E-05,0.008641,0,-1,0.0008,20,8.7
36,-35,-583.576,6.369174692,0.206,0.0005492,9.59E-05,0.008656,0,-1,0.000801,20,8.8
36,-35,-583.169,6.368477024,0.206,0.0005506,9.60E-05,0.00867,0,-1,0.000803,20,8.9
36,-35,-582.761,6.367777154,0.206,0.000552,9.61E-05,0.008685,0,-1,0.000804,20,9
36,-35,-582.353,6.367076793,0.2061,0.0005534,9.62E-05,0.008699,0,-1,0.000805,20,9.1
36,-35,-581.945,6.366375942,0.2061,0.0005548,9.63E-05,0.008714,0,-1,0.000807,20,9.2
36,-35,-581.535,6.365671159,0.2062,0.0005562,9.64E-05,0.008728,0,-1,0.000808,20,9.3
36,-35,-581.126,6.364967601,0.2062,0.0005576,9.65E-05,0.008742,0,-1,0.000809,20,9.4
36,-35,-580.716,6.364261825,0.2063,0.000559,9.66E-05,0.008757,0,-1,0.000811,20,9.5
36,-35,-580.306,6.363555551,0.2063,0.0005605,9.67E-05,0.008771,0,-1,0.000812,20,9.6
36,-35,-579.895,6.362847053,0.2063,0.0005619,9.68E-05,0.008785,0,-1,0.000813,20,9.7
36,-35,-579.484,6.362138052,0.2064,0.0005633,9.69E-05,0.008799,0,-1,0.000815,20,9.8
36,-35,-579.073,6.361428549,0.2064,0.0005647,9.70E-05,0.008813,0,-1,0.000816,20,9.9
36,-35,-578.662,6.360718542,0.2065,0.0005662,9.71E-05,0.008827,0,-1,0.000817,20,10
36,-35,-578.252,6.36000976,0.2065,0.0005676,9.72E-05,0.008843,0,-1,0.000819,20,10.1
36,-35,-577.848,6.359310858,0.2066,0.000569,9.73E-05,0.008862,0,-1,0.000821,20,10.2
36,-35,-577.446,6.358614932,0.2066,0.0005704,9.75E-05,0.008882,0,-1,0.000822,20,10.3
36,-35,-577.048,6.357925452,0.2066,0.0005717,9.76E-05,0.008901,0,-1,0.000824,20,10.4
36,-35,-576.652,6.357238965,0.2067,0.0005731,9.77E-05,0.00892,0,-1,0.000826,20,10.5
36,-35,-576.257,6.356553742,0.2067,0.0005745,9.78E-05,0.008938,0,-1,0.000828,20,10.6
36,-35,-575.863,6.355869785,0.2068,0.0005758,9.79E-05,0.008956,0,-1,0.000829,20,10.7
36,-35,-575.47,6.355187098,0.2068,0.0005772,9.80E-05,0.008973,0,-1,0.000831,20,10.8
36,-35,-575.076,6.354502206,0.2068,0.0005786,9.81E-05,0.008989,0,-1,0.000832,20,10.9
36,-35,-574.683,6.353818584,0.2069,0.0005799,9.82E-05,0.009005,0,-1,0.000834,20,11
36,-35,-574.29,6.353134495,0.2069,0.0005813,9.83E-05,0.009021,0,-1,0.000835,20,11.1
36,-35,-573.898,6.35245168,0.207,0.0005826,9.84E-05,0.009035,0,-1,0.000837,20,11.2
36,-35,-573.506,6.351768399,0.207,0.000584,9.85E-05,0.00905,0,-1,0.000838,20,11.3
36,-35,-573.114,6.35108465,0.207,0.0005854,9.86E-05,0.009064,0,-1,0.000839,20,11.4
36,-35,-572.723,6.350402179,0.2071,0.0005867,9.87E-05,0.009078,0,-1,0.000841,20,11.5
36,-35,-572.332,6.349719243,0.2071,0.0005881,9.88E-05,0.009092,0,-1,0.000842,20,11.6
36,-35,-571.941,6.349035839,0.2072,0.0005894,9.89E-05,0.009105,0,-1,0.000843,20,11.7
36,-35,-571.551,6.348353718,0.2072,0.0005908,9.90E-05,0.009119,0,-1,0.000844,20,11.8
36,-35,-571.161,6.347671131,0.2072,0.0005921,9.91E-05,0.009132,0,-1,0.000846,20,11.9
36,-35,-570.771,6.346988078,0.2073,0.0005935,9.92E-05,0.009145,0,-1,0.000847,20,12
36,-35,-570.381,6.346304559,0.2073,0.0005948,9.93E-05,0.009158,0,-1,0.000848,20,12.1
36,-35,-569.991,6.345620571,0.2074,0.0005962,9.94E-05,0.00917,0,-1,0.000849,20,12.2
36,-35,-569.602,6.344937871,0.2074,0.0005975,9.95E-05,0.009183,0,-1,0.00085,20,12.3
36,-35,-569.213,6.344254705,0.2074,0.0005988,9.96E-05,0.009195,0,-1,0.000851,20,12.4
36,-35,-568.824,6.343571072,0.2075,0.0006002,9.97E-05,0.009207,0,-1,0.000853,20,12.5
36,-35,-568.435,6.342886971,0.2075,0.0006015,9.98E-05,0.009219,0,-1,0.000854,20,12.6
36,-35,-568.047,6.342204162,0.2076,0.0006029,9.99E-05,0.009231,0,-1,0.000855,20,12.7
36,-35,-567.659,6.341520886,0.2076,0.0006042,1.00E-04,0.009243,0,-1,0.000856,20,12.8
36,-35,-567.271,6.340837144,0.2076,0.0006056,1.00E-04,0.009255,0,-1,0.000857,20,12.9
36,-35,-566.884,6.340154697,0.2077,0.0006069,0.0001001,0.009266,0,-1,0.000858,20,13
36,-35,-566.497,6.339471785,0.2077,0.0006082,0.0001002,0.009277,0,-1,0.000859,20,13.1
36,-35,-566.11,6.338788406,0.2078,0.0006096,0.0001003,0.009288,0,-1,0.00086,20,13.2
36,-35,-565.724,6.338106327,0.2078,0.0006109,0.0001004,0.009299,0,-1,0.000861,20,13.3
36,-35,-565.338,6.337423782,0.2078,0.0006123,0.0001005,0.00931,0,-1,0.000862,20,13.4
36,-35,-564.953,6.336742542,0.2079,0.0006136,0.0001006,0.00932,0,-1,0.000863,20,13.5
36,-35,-564.568,6.336060837,0.2079,0.0006149,0.0001007,0.009331,0,-1,0.000864,20,13.6
36,-35,-564.184,6.335380439,0.208,0.0006162,0.0001008,0.009341,0,-1,0.000865,20,13.7
36,-35,-563.801,6.334701352,0.208,0.0006176,0.0001009,0.009351,0,-1,0.000866,20,13.8
36,-35,-563.418,6.334021804,0.208,0.0006189,0.000101,0.009361,0,-1,0.000867,20,13.9
36,-35,-563.036,6.333343569,0.2081,0.0006202,0.0001011,0.00937,0,-1,0.000868,20,14
36,-35,-562.654,6.332664874,0.2081,0.0006215,0.0001012,0.00938,0,-1,0.000868,20,14.1
36,-35,-562.274,6.331989276,0.2082,0.0006229,0.0001013,0.009389,0,-1,0.000869,20,14.2
36,-35,-561.894,6.33131322,0.2082,0.0006242,0.0001014,0.009398,0,-1,0.00087,20,14.3
36,-35,-561.515,6.330638488,0.2082,0.0006255,0.0001015,0.009407,0,-1,0.000871,20,14.4
36,-35,-561.137,6.329965082,0.2083,0.0006268,0.0001016,0.009417,0,-1,0.000872,20,14.5
36,-35,-560.762,6.329296573,0.2083,0.0006281,0.0001017,0.009427,0,-1,0.000873,20,14.6
36,-35,-560.39,6.32863297,0.2083,0.0006294,0.0001018,0.009439,0,-1,0.000874,20,14.7
36,-35,-560.021,6.327974283,0.2084,0.0006307,0.0001019,0.00945,0,-1,0.000875,20,14.8
36,-35,-559.654,6.327318736,0.2084,0.0006319,0.000102,0.009462,0,-1,0.000876,20,14.9
36,-35,-559.29,6.326668122,0.2085,0.0006332,0.0001021,0.009473,0,-1,0.000877,20,15
36,-35,-558.928,6.326020663,0.2085,0.0006344,0.0001022,0.009484,0,-1,0.000878,20,15.1
36,-35,-558.568,6.325376366,0.2085,0.0006357,0.0001023,0.009494,0,-1,0.000879,20,15.2
36,-35,-558.211,6.324737027,0.2086,0.0006369,0.0001024,0.009504,0,-1,0.00088,20,15.3
36,-35,-557.855,6.324099072,0.2086,0.0006381,0.0001025,0.009513,0,-1,0.000881,20,15.4
36,-35,-557.501,6.323464297,0.2086,0.0006394,0.0001025,0.009522,0,-1,0.000882,20,15.5
36,-35,-557.148,6.322830914,0.2087,0.0006406,0.0001026,0.009531,0,-1,0.000882,20,15.6
36,-35,-556.797,6.322200721,0.2087,0.0006418,0.0001027,0.009539,0,-1,0.000883,20,15.7
36,-35,-556.447,6.321571928,0.2088,0.000643,0.0001028,0.009548,0,-1,0.000884,20,15.8
36,-35,-556.098,6.320944538,0.2088,0.0006442,0.0001029,0.009556,0,-1,0.000885,20,15.9
36,-35,-555.75,6.320318553,0.2088,0.0006454,0.000103,0.009564,0,-1,0.000886,20,16
36,-35,-555.404,6.319695777,0.2089,0.0006466,0.0001031,0.009571,0,-1,0.000886,20,16.1
36,-35,-555.058,6.319072613,0.2089,0.0006478,0.0001032,0.009579,0,-1,0.000887,20,16.2
36,-35,-554.714,6.318452666,0.2089,0.000649,0.0001033,0.009586,0,-1,0.000888,20,16.3
36,-35,-554.37,6.317832334,0.209,0.0006502,0.0001033,0.009593,0,-1,0.000888,20,16.4
36,-35,-554.028,6.317215227,0.209,0.0006514,0.0001034,0.0096,0,-1,0.000889,20,16.5
36,-35,-553.687,6.316599545,0.209,0.0006526,0.0001035,0.009607,0,-1,0.00089,20,16.6
36,-35,-553.346,6.315983484,0.2091,0.0006537,0.0001036,0.009614,0,-1,0.00089,20,16.7
36,-35,-553.007,6.31537066,0.2091,0.0006549,0.0001037,0.00962,0,-1,0.000891,20,16.8
36,-35,-552.668,6.31475746,0.2091,0.0006561,0.0001038,0.009626,0,-1,0.000891,20,16.9
36,-35,-552.331,6.314147504,0.2092,0.0006573,0.0001039,0.009632,0,-1,0.000892,20,17
36,-35,-551.995,6.313538988,0.2092,0.0006584,0.0001039,0.009638,0,-1,0.000892,20,17.1
36,-35,-551.659,6.312930102,0.2092,0.0006596,0.000104,0.009644,0,-1,0.000893,20,17.2
36,-35,-551.325,6.312324472,0.2093,0.0006607,0.0001041,0.00965,0,-1,0.000893,20,17.3
36,-35,-550.992,6.31172029,0.2093,0.0006619,0.0001042,0.009655,0,-1,0.000894,20,17.4
36,-35,-550.66,6.311117559,0.2094,0.000663,0.0001043,0.00966,0,-1,0.000894,20,17.5
36,-35,-550.329,6.310516281,0.2094,0.0006642,0.0001044,0.009665,0,-1,0.000895,20,17.6
36,-35,-549.999,6.30991646,0.2094,0.0006653,0.0001045,0.00967,0,-1,0.000895,20,17.7
36,-35,-549.67,6.309318098,0.2095,0.0006665,0.0001045,0.009675,0,-1,0.000896,20,17.8
36,-35,-549.342,6.308721198,0.2095,0.0006676,0.0001046,0.009679,0,-1,0.000896,20,17.9
36,-35,-549.015,6.308125764,0.2095,0.0006687,0.0001047,0.009683,0,-1,0.000897,20,18
36,-35,-548.69,6.307533619,0.2096,0.0006699,0.0001048,0.009687,0,-1,0.000897,20,18.1
36,-35,-548.366,6.306942947,0.2096,0.000671,0.0001049,0.009691,0,-1,0.000897,20,18.2
36,-35,-548.042,6.306351926,0.2096,0.0006721,0.000105,0.009695,0,-1,0.000898,20,18.3
36,-35,-547.72,6.305764207,0.2097,0.0006732,0.000105,0.009699,0,-1,0.000898,20,18.4
36,-35,-547.399,6.30517797,0.2097,0.0006743,0.0001051,0.009702,0,-1,0.000898,20,18.5
36,-35,-547.08,6.304595044,0.2097,0.0006754,0.0001052,0.009705,0,-1,0.000899,20,18.6
36,-35,-546.761,6.304011778,0.2098,0.0006765,0.0001053,0.009708,0,-1,0.000899,20,18.7
36,-35,-546.444,6.303431832,0.2098,0.0006776,0.0001054,0.009711,0,-1,0.000899,20,18.8
36,-35,-546.128,6.302853381,0.2098,0.0006787,0.0001054,0.009714,0,-1,0.000899,20,18.9
36,-35,-545.813,6.302276426,0.2099,0.0006798,0.0001055,0.009717,0,-1,0.0009,20,19
36,-35,-545.499,6.301700972,0.2099,0.0006809,0.0001056,0.009719,0,-1,0.0009,20,19.1
36,-35,-545.187,6.301128855,0.2099,0.000682,0.0001057,0.009722,0,-1,0.0009,20,19.2
36,-35,-544.877,6.300560081,0.2099,0.0006831,0.0001058,0.009725,0,-1,0.0009,20,19.3
36,-35,-544.57,6.299996492,0.21,0.0006841,0.0001058,0.009728,0,-1,0.000901,20,19.4
36,-35,-544.265,6.299436261,0.21,0.0006852,0.0001059,0.009732,0,-1,0.000901,20,19.5
36,-35,-543.961,6.298877553,0.21,0.0006862,0.000106,0.009735,0,-1,0.000901,20,19.6
36,-35,-543.661,6.298325891,0.2101,0.0006873,0.0001061,0.009739,0,-1,0.000902,20,19.7
36,-35,-543.362,6.297775764,0.2101,0.0006883,0.0001062,0.009742,0,-1,0.000902,20,19.8
36,-35,-543.065,6.297229018,0.2101,0.0006893,0.0001062,0.009746,0,-1,0.000902,20,19.9
36,-35,-542.77,6.296685657,0.2102,0.0006903,0.0001063,0.009749,0,-1,0.000903,20,20
36,-35,-542.477,6.296145688,0.2102,0.0006914,0.0001064,0.009752,0,-1,0.000903,20,20.1
36,-35,-542.187,6.29561096,0.2102,0.0006924,0.0001065,0.009754,0,-1,0.000903,20,20.2
36,-35,-541.898,6.295077792,0.2103,0.0006934,0.0001065,0.009756,0,-1,0.000903,20,20.3
36,-35,-541.612,6.294549878,0.2103,0.0006943,0.0001066,0.009757,0,-1,0.000903,20,20.4
36,-35,-541.328,6.29402538,0.2103,0.0006953,0.0001067,0.009759,0,-1,0.000904,20,20.5
36,-35,-541.045,6.293502455,0.2103,0.0006963,0.0001067,0.00976,0,-1,0.000904,20,20.6
36,-35,-540.764,6.292982954,0.2104,0.0006973,0.0001068,0.009761,0,-1,0.000904,20,20.7
36,-35,-540.485,6.292466885,0.2104,0.0006982,0.0001069,0.009762,0,-1,0.000904,20,20.8
36,-35,-540.207,6.291952399,0.2104,0.0006992,0.000107,0.009763,0,-1,0.000904,20,20.9
36,-35,-539.93,6.291439502,0.2105,0.0007002,0.000107,0.009764,0,-1,0.000904,20,21
36,-35,-539.655,6.290930046,0.2105,0.0007011,0.0001071,0.009765,0,-1,0.000904,20,21.1
36,-35,-539.38,6.290420332,0.2105,0.0007021,0.0001072,0.009766,0,-1,0.000904,20,21.2
36,-35,-539.108,6.289915922,0.2105,0.000703,0.0001072,0.009767,0,-1,0.000904,20,21.3
36,-35,-538.836,6.289411257,0.2106,0.000704,0.0001073,0.009767,0,-1,0.000904,20,21.4
36,-35,-538.565,6.288908195,0.2106,0.0007049,0.0001074,0.009768,0,-1,0.000904,20,21.5
36,-35,-538.296,6.288408595,0.2106,0.0007058,0.0001074,0.009768,0,-1,0.000904,20,21.6
36,-35,-538.028,6.287910603,0.2107,0.0007068,0.0001075,0.009769,0,-1,0.000905,20,21.7
36,-35,-537.761,6.287414224,0.2107,0.0007077,0.0001076,0.009769,0,-1,0.000905,20,21.8
36,-35,-537.495,6.286919458,0.2107,0.0007086,0.0001077,0.009769,0,-1,0.000905,20,21.9
36,-35,-537.231,6.28642817,0.2107,0.0007095,0.0001077,0.009769,0,-1,0.000905,20,22
36,-35,-536.967,6.28593664,0.2108,0.0007104,0.0001078,0.009769,0,-1,0.000905,20,22.1
36,-35,-536.705,6.285448595,0.2108,0.0007113,0.0001079,0.009768,0,-1,0.000904,20,22.2
36,-35,-536.444,6.284962176,0.2108,0.0007122,0.0001079,0.009768,0,-1,0.000904,20,22.3
36,-35,-536.185,6.284479251,0.2108,0.0007131,0.000108,0.009768,0,-1,0.000904,20,22.4
36,-35,-535.926,6.283996092,0.2109,0.000714,0.0001081,0.009767,0,-1,0.000904,20,22.5
36,-35,-535.669,6.283516433,0.2109,0.0007149,0.0001081,0.009766,0,-1,0.000904,20,22.6
36,-35,-535.413,6.283038412,0.2109,0.0007158,0.0001082,0.009765,0,-1,0.000904,20,22.7
36,-35,-535.158,6.28256203,0.2109,0.0007167,0.0001082,0.009764,0,-1,0.000904,20,22.8
36,-35,-534.904,6.282087292,0.211,0.0007176,0.0001083,0.009763,0,-1,0.000904,20,22.9
36,-35,-534.652,6.281616068,0.211,0.0007184,0.0001084,0.009762,0,-1,0.000904,20,23
36,-35,-534.401,6.281146493,0.211,0.0007193,0.0001084,0.00976,0,-1,0.000904,20,23.1
36,-35,-534.151,6.280678571,0.2111,0.0007202,0.0001085,0.009759,0,-1,0.000904,20,23.2
36,-35,-533.902,6.280212302,0.2111,0.000721,0.0001086,0.009757,0,-1,0.000903,20,23.3
36,-35,-533.654,6.279747689,0.2111,0.0007219,0.0001086,0.009756,0,-1,0.000903,20,23.4
36,-35,-533.408,6.27928661,0.2111,0.0007227,0.0001087,0.009754,0,-1,0.000903,20,23.5
36,-35,-533.163,6.278827194,0.2112,0.0007236,0.0001088,0.009752,0,-1,0.000903,20,23.6
36,-35,-532.919,6.278369443,0.2112,0.0007244,0.0001088,0.00975,0,-1,0.000903,20,23.7
36,-35,-532.676,6.277913359,0.2112,0.0007253,0.0001089,0.009747,0,-1,0.000903,20,23.8
36,-35,-532.434,6.277458946,0.2112,0.0007261,0.0001089,0.009745,0,-1,0.000902,20,23.9
36,-35,-532.194,6.277008085,0.2113,0.0007269,0.000109,0.009743,0,-1,0.000902,20,24
36,-35,-531.954,6.276557019,0.2113,0.0007278,0.0001091,0.00974,0,-1,0.000902,20,24.1
36,-35,-531.716,6.276109512,0.2113,0.0007286,0.0001091,0.009738,0,-1,0.000902,20,24.2
36,-35,-531.48,6.275665568,0.2113,0.0007294,0.0001092,0.009735,0,-1,0.000901,20,24.3
36,-35,-531.244,6.275221426,0.2114,0.0007302,0.0001092,0.009733,0,-1,0.000901,20,24.4
36,-35,-531.01,6.274780853,0.2114,0.000731,0.0001093,0.00973,0,-1,0.000901,20,24.5
36,-35,-530.778,6.274343855,0.2114,0.0007318,0.0001094,0.009728,0,-1,0.000901,20,24.6
36,-35,-530.547,6.27390855,0.2114,0.0007326,0.0001094,0.009725,0,-1,0.000901,20,24.7
36,-35,-530.319,6.273478712,0.2114,0.0007334,0.0001095,0.009723,0,-1,0.0009,20,24.8
36,-35,-530.091,6.27304869,0.2115,0.0007342,0.0001095,0.009721,0,-1,0.0009,20,24.9
36,-35,-529.866,6.272624144,0.2115,0.000735,0.0001096,0.009719,0,-1,0.0009,20,25
56,-55,-371.586,5.917780331,0.2328,0.002042,0.0001743,0.01571,0,-1,0.00145,20,0
56,-55,-371.173,5.916668261,0.2329,0.002051,0.0001746,0.01576,0,-1,0.00146,20,0.1
56,-55,-370.803,5.915670924,0.233,0.002059,0.0001749,0.01582,0,-1,0.00146,20,0.2
56,-55,-370.456,5.914734679,0.233,0.002066,0.0001752,0.01586,0,-1,0.00147,20,0.3
56,-55,-370.121,5.913829979,0.2331,0.002073,0.0001754,0.0159,0,-1,0.00147,20,0.4
56,-55,-369.795,5.912948798,0.2332,0.00208,0.0001756,0.01594,0,-1,0.00148,20,0.5
56,-55,-369.474,5.912080373,0.2332,0.002087,0.0001759,0.01597,0,-1,0.00148,20,0.6
56,-55,-369.154,5.911213901,0.2333,0.002093,0.0001761,0.016,0,-1,0.00148,20,0.7
56,-55,-368.836,5.910352101,0.2333,0.0021,0.0001763,0.01604,0,-1,0.00149,20,0.8
56,-55,-368.519,5.909492271,0.2334,0.002107,0.0001766,0.01607,0,-1,0.00149,20,0.9
56,-55,-368.203,5.908634417,0.2335,0.002113,0.0001768,0.0161,0,-1,0.00149,20,1
56,-55,-367.886,5.907773108,0.2335,0.00212,0.000177,0.01614,0,-1,0.00149,20,1.1
56,-55,-367.57,5.906913777,0.2336,0.002127,0.0001773,0.01617,0,-1,0.0015,20,1.2
56,-55,-367.254,5.906053707,0.2336,0.002134,0.0001775,0.01621,0,-1,0.0015,20,1.3
56,-55,-366.944,5.905209248,0.2337,0.00214,0.0001777,0.01625,0,-1,0.0015,20,1.4
56,-55,-366.636,5.90436953,0.2338,0.002147,0.0001779,0.0163,0,-1,0.00151,20,1.5
56,-55,-366.329,5.903531837,0.2338,0.002153,0.0001782,0.01634,0,-1,0.00151,20,1.6
56,-55,-366.023,5.902696173,0.2339,0.002159,0.0001784,0.01639,0,-1,0.00152,20,1.7
56,-55,-365.716,5.901857076,0.2339,0.002166,0.0001786,0.01643,0,-1,0.00152,20,1.8
56,-55,-365.409,5.901017274,0.234,0.002172,0.0001788,0.01646,0,-1,0.00152,20,1.9
56,-55,-365.102,5.900176767,0.234,0.002179,0.000179,0.0165,0,-1,0.00153,20,2
56,-55,-364.794,5.899332811,0.2341,0.002185,0.0001793,0.01654,0,-1,0.00153,20,2.1
56,-55,-364.486,5.898488142,0.2342,0.002192,0.0001795,0.01657,0,-1,0.00153,20,2.2
56,-55,-364.177,5.897640013,0.2342,0.002198,0.0001797,0.01661,0,-1,0.00154,20,2.3
56,-55,-363.868,5.896791165,0.2343,0.002205,0.0001799,0.01664,0,-1,0.00154,20,2.4
56,-55,-363.558,5.895938844,0.2343,0.002211,0.0001802,0.01668,0,-1,0.00154,20,2.5
56,-55,-363.249,5.89508855,0.2344,0.002218,0.0001804,0.01671,0,-1,0.00155,20,2.6
56,-55,-362.939,5.894234776,0.2345,0.002224,0.0001806,0.01674,0,-1,0.00155,20,2.7
56,-55,-362.629,5.893380273,0.2345,0.002231,0.0001808,0.01677,0,-1,0.00155,20,2.8
56,-55,-362.319,5.892525039,0.2346,0.002238,0.0001811,0.01681,0,-1,0.00156,20,2.9
56,-55,-362.01,5.891671836,0.2346,0.002244,0.0001813,0.01684,0,-1,0.00156,20,3
56,-55,-361.7,5.890815139,0.2347,0.002251,0.0001815,0.01687,0,-1,0.00156,20,3.1
56,-55,-361.391,5.889960475,0.2348,0.002257,0.0001817,0.01689,0,-1,0.00156,20,3.2
56,-55,-361.083,5.889107849,0.2348,0.002264,0.0001819,0.01692,0,-1,0.00157,20,3.3
56,-55,-360.775,5.888254495,0.2349,0.00227,0.0001822,0.01695,0,-1,0.00157,20,3.4
56,-55,-360.468,5.887403187,0.2349,0.002277,0.0001824,0.01697,0,-1,0.00157,20,3.5
56,-55,-360.162,5.88655393,0.235,0.002283,0.0001826,0.017,0,-1,0.00157,20,3.6
56,-55,-359.857,5.88570673,0.235,0.002289,0.0001828,0.01702,0,-1,0.00158,20,3.7
56,-55,-359.554,5.884864375,0.2351,0.002296,0.0001831,0.01704,0,-1,0.00158,20,3.8
56,-55,-359.252,5.884024092,0.2352,0.002302,0.0001833,0.01706,0,-1,0.00158,20,3.9
56,-55,-358.951,5.883185889,0.2352,0.002309,0.0001835,0.01708,0,-1,0.00158,20,4
56,-55,-358.652,5.882352559,0.2353,0.002315,0.0001837,0.0171,0,-1,0.00158,20,4.1
56,-55,-358.356,5.881526906,0.2353,0.002321,0.0001839,0.01712,0,-1,0.00159,20,4.2
56,-55,-358.064,5.880711741,0.2354,0.002327,0.0001841,0.01714,0,-1,0.00159,20,4.3
56,-55,-357.777,5.879909887,0.2354,0.002333,0.0001843,0.01716,0,-1,0.00159,20,4.4
56,-55,-357.494,5.879118579,0.2355,0.002339,0.0001845,0.01718,0,-1,0.00159,20,4.5
56,-55,-357.214,5.878335042,0.2356,0.002345,0.0001847,0.0172,0,-1,0.00159,20,4.6
56,-55,-356.937,5.877559296,0.2356,0.002351,0.0001849,0.01721,0,-1,0.00159,20,4.7
56,-55,-356.663,5.876791358,0.2357,0.002357,0.0001851,0.01723,0,-1,0.0016,20,4.8
56,-55,-356.393,5.876034055,0.2357,0.002362,0.0001853,0.01724,0,-1,0.0016,20,4.9
56,-55,-356.125,5.875281793,0.2358,0.002368,0.0001855,0.01725,0,-1,0.0016,20,5
56,-55,-355.859,5.874534585,0.2358,0.002374,0.0001857,0.01726,0,-1,0.0016,20,5.1
56,-55,-355.597,5.873798067,0.2359,0.002379,0.0001859,0.01726,0,-1,0.0016,20,5.2
56,-55,-355.337,5.873066635,0.2359,0.002385,0.0001861,0.01727,0,-1,0.0016,20,5.3
56,-55,-355.08,5.872343116,0.236,0.00239,0.0001863,0.01727,0,-1,0.0016,20,5.4
56,-55,-354.826,5.871627528,0.236,0.002395,0.0001865,0.01727,0,-1,0.0016,20,5.5
56,-55,-354.575,5.870919889,0.2361,0.002401,0.0001867,0.01727,0,-1,0.0016,20,5.6
56,-55,-354.327,5.870220216,0.2361,0.002406,0.0001868,0.01727,0,-1,0.0016,20,5.7
56,-55,-354.082,5.869528525,0.2362,0.002411,0.000187,0.01727,0,-1,0.0016,20,5.8
56,-55,-353.84,5.868844834,0.2362,0.002416,0.0001872,0.01726,0,-1,0.0016,20,5.9
56,-55,-353.601,5.868169159,0.2362,0.002421,0.0001874,0.01726,0,-1,0.0016,20,6
56,-55,-353.365,5.867501517,0.2363,0.002426,0.0001875,0.01725,0,-1,0.0016,20,6.1
56,-55,-353.132,5.866841925,0.2363,0.002431,0.0001877,0.01724,0,-1,0.0016,20,6.2
56,-55,-352.902,5.866190398,0.2364,0.002436,0.0001879,0.01723,0,-1,0.0016,20,6.3
56,-55,-352.676,5.865549788,0.2364,0.002441,0.000188,0.01722,0,-1,0.00159,20,6.4
56,-55,-352.452,5.864914443,0.2365,0.002446,0.0001882,0.01721,0,-1,0.00159,20,6.5
56,-55,-352.232,5.864290049,0.2365,0.00245,0.0001884,0.0172,0,-1,0.00159,20,6.6
56,-55,-352.015,5.863673788,0.2365,0.002455,0.0001885,0.01718,0,-1,0.00159,20,6.7
56,-55,-351.802,5.863068517,0.2366,0.002459,0.0001887,0.01717,0,-1,0.00159,20,6.8
56,-55,-351.591,5.862468568,0.2366,0.002464,0.0001888,0.01715,0,-1,0.00159,20,6.9
56,-55,-351.384,5.861879643,0.2367,0.002468,0.000189,0.01713,0,-1,0.00159,20,7
56,-55,-351.18,5.861298913,0.2367,0.002472,0.0001891,0.01711,0,-1,0.00158,20,7.1
56,-55,-350.979,5.860726393,0.2367,0.002477,0.0001893,0.01709,0,-1,0.00158,20,7.2
56,-55,-350.781,5.860162097,0.2368,0.002481,0.0001894,0.01707,0,-1,0.00158,20,7.3
56,-55,-350.587,5.859608893,0.2368,0.002485,0.0001895,0.01705,0,-1,0.00158,20,7.4
56,-55,-350.398,5.859069651,0.2369,0.002489,0.0001897,0.01703,0,-1,0.00158,20,7.5
56,-55,-350.213,5.858541541,0.2369,0.002493,0.0001898,0.01701,0,-1,0.00158,20,7.6
56,-55,-350.031,5.858021722,0.2369,0.002497,0.0001899,0.01699,0,-1,0.00157,20,7.7
56,-55,-349.854,5.857515925,0.237,0.0025,0.0001901,0.01697,0,-1,0.00157,20,7.8
56,-55,-349.68,5.857018451,0.237,0.002504,0.0001902,0.01695,0,-1,0.00157,20,7.9
56,-55,-349.51,5.856532174,0.237,0.002508,0.0001903,0.01693,0,-1,0.00157,20,8
56,-55,-349.344,5.85605711,0.2371,0.002511,0.0001904,0.01691,0,-1,0.00157,20,8.1
56,-55,-349.18,5.855587549,0.2371,0.002514,0.0001906,0.01688,0,-1,0.00156,20,8.2
56,-55,-349.02,5.855129227,0.2371,0.002518,0.0001907,0.01686,0,-1,0.00156,20,8.3
56,-55,-348.863,5.854679295,0.2371,0.002521,0.0001908,0.01683,0,-1,0.00156,20,8.4
56,-55,-348.71,5.854240631,0.2372,0.002524,0.0001909,0.01681,0,-1,0.00156,20,8.5
56,-55,-348.559,5.853807513,0.2372,0.002528,0.000191,0.01678,0,-1,0.00155,20,8.6
56,-55,-348.411,5.853382817,0.2372,0.002531,0.0001911,0.01675,0,-1,0.00155,20,8.7
56,-55,-348.266,5.852966556,0.2373,0.002534,0.0001912,0.01672,0,-1,0.00155,20,8.8
56,-55,-348.125,5.852561611,0.2373,0.002537,0.0001913,0.01669,0,-1,0.00155,20,8.9
56,-55,-347.986,5.852162249,0.2373,0.00254,0.0001914,0.01666,0,-1,0.00154,20,9
56,-55,-347.85,5.851771352,0.2373,0.002543,0.0001915,0.01663,0,-1,0.00154,20,9.1
56,-55,-347.717,5.851388931,0.2374,0.002545,0.0001916,0.0166,0,-1,0.00154,20,9.2
56,-55,-347.586,5.851012116,0.2374,0.002548,0.0001917,0.01657,0,-1,0.00153,20,9.3
56,-55,-347.459,5.850646672,0.2374,0.002551,0.0001918,0.01653,0,-1,0.00153,20,9.4
56,-55,-347.334,5.850286853,0.2374,0.002553,0.0001919,0.0165,0,-1,0.00153,20,9.5
56,-55,-347.212,5.849935544,0.2375,0.002556,0.000192,0.01647,0,-1,0.00152,20,9.6
56,-55,-347.093,5.849592756,0.2375,0.002558,0.0001921,0.01643,0,-1,0.00152,20,9.7
56,-55,-346.976,5.849255613,0.2375,0.002561,0.0001922,0.0164,0,-1,0.00152,20,9.8
56,-55,-346.862,5.848927006,0.2375,0.002563,0.0001922,0.01636,0,-1,0.00152,20,9.9
56,-55,-346.751,5.848606943,0.2376,0.002566,0.0001923,0.01633,0,-1,0.00151,20,10
56,-55,-346.642,5.848292547,0.2376,0.002568,0.0001924,0.01629,0,-1,0.00151,20,10.1
56,-55,-346.535,5.847983824,0.2376,0.00257,0.0001925,0.01626,0,-1,0.00151,20,10.2
56,-55,-346.432,5.847686551,0.2376,0.002572,0.0001925,0.01622,0,-1,0.0015,20,10.3
56,-55,-346.33,5.847392078,0.2376,0.002575,0.0001926,0.01619,0,-1,0.0015,20,10.4
56,-55,-346.231,5.847106182,0.2376,0.002577,0.0001927,0.01615,0,-1,0.0015,20,10.5
56,-55,-346.135,5.846828872,0.2377,0.002579,0.0001928,0.01611,0,-1,0.00149,20,10.6
56,-55,-346.041,5.846557265,0.2377,0.002581,0.0001928,0.01607,0,-1,0.00149,20,10.7
56,-55,-345.949,5.846291365,0.2377,0.002583,0.0001929,0.01604,0,-1,0.00148,20,10.8
56,-55,-345.859,5.846031178,0.2377,0.002584,0.000193,0.016,0,-1,0.00148,20,10.9
56,-55,-345.772,5.845779598,0.2377,0.002586,0.000193,0.01596,0,-1,0.00148,20,11
56,-55,-345.687,5.845533741,0.2378,0.002588,0.0001931,0.01592,0,-1,0.00147,20,11.1
56,-55,-345.604,5.845293611,0.2378,0.00259,0.0001931,0.01589,0,-1,0.00147,20,11.2
56,-55,-345.524,5.845062105,0.2378,0.002592,0.0001932,0.01585,0,-1,0.00147,20,11.3
56,-55,-345.445,5.844833441,0.2378,0.002593,0.0001933,0.01581,0,-1,0.00146,20,11.4
56,-55,-345.369,5.844613411,0.2378,0.002595,0.0001933,0.01577,0,-1,0.00146,20,11.5
56,-55,-345.295,5.844399124,0.2378,0.002596,0.0001934,0.01573,0,-1,0.00146,20,11.6
56,-55,-345.223,5.844190585,0.2378,0.002598,0.0001934,0.01569,0,-1,0.00145,20,11.7
56,-55,-345.154,5.843990694,0.2379,0.002599,0.0001935,0.01566,0,-1,0.00145,20,11.8
56,-55,-345.087,5.843796559,0.2379,0.002601,0.0001935,0.01562,0,-1,0.00145,20,11.9
56,-55,-345.022,5.843608183,0.2379,0.002602,0.0001936,0.01558,0,-1,0.00144,20,12
56,-55,-344.96,5.843428468,0.2379,0.002603,0.0001936,0.01554,0,-1,0.00144,20,12.1
56,-55,-344.9,5.84325452,0.2379,0.002605,0.0001937,0.01551,0,-1,0.00144,20,12.2
56,-55,-344.842,5.843086341,0.2379,0.002606,0.0001937,0.01547,0,-1,0.00143,20,12.3
56,-55,-344.787,5.842926835,0.2379,0.002607,0.0001937,0.01543,0,-1,0.00143,20,12.4
56,-55,-344.733,5.842770204,0.2379,0.002608,0.0001938,0.01539,0,-1,0.00143,20,12.5
56,-55,-344.682,5.842622253,0.2379,0.002609,0.0001938,0.01536,0,-1,0.00142,20,12.6
56,-55,-344.632,5.842477181,0.238,0.00261,0.0001939,0.01532,0,-1,0.00142,20,12.7
56,-55,-344.584,5.842337892,0.238,0.002611,0.0001939,0.01528,0,-1,0.00141,20,12.8
56,-55,-344.538,5.842204389,0.238,0.002612,0.0001939,0.01524,0,-1,0.00141,20,12.9
56,-55,-344.494,5.842076674,0.238,0.002613,0.000194,0.0152,0,-1,0.00141,20,13
56,-55,-344.451,5.841951845,0.238,0.002614,0.000194,0.01517,0,-1,0.0014,20,13.1
56,-55,-344.41,5.841832808,0.238,0.002615,0.000194,0.01513,0,-1,0.0014,20,13.2
56,-55,-344.371,5.841719565,0.238,0.002616,0.000194,0.01509,0,-1,0.0014,20,13.3
56,-55,-344.334,5.841612117,0.238,0.002617,0.0001941,0.01505,0,-1,0.00139,20,13.4
56,-55,-344.298,5.841507561,0.238,0.002617,0.0001941,0.01501,0,-1,0.00139,20,13.5
56,-55,-344.264,5.841408805,0.238,0.002618,0.0001941,0.01497,0,-1,0.00139,20,13.6
56,-55,-344.231,5.841312944,0.238,0.002619,0.0001941,0.01494,0,-1,0.00138,20,13.7
56,-55,-344.2,5.841222884,0.238,0.002619,0.0001942,0.0149,0,-1,0.00138,20,13.8
56,-55,-344.171,5.841138627,0.238,0.00262,0.0001942,0.01486,0,-1,0.00138,20,13.9
56,-55,-344.143,5.841057269,0.238,0.002621,0.0001942,0.01482,0,-1,0.00137,20,14
56,-55,-344.116,5.84097881,0.2381,0.002621,0.0001942,0.01478,0,-1,0.00137,20,14.1
56,-55,-344.091,5.840906157,0.2381,0.002622,0.0001942,0.01474,0,-1,0.00137,20,14.2
56,-55,-344.067,5.840836406,0.2381,0.002622,0.0001943,0.01471,0,-1,0.00136,20,14.3
56,-55,-344.045,5.840772463,0.2381,0.002623,0.0001943,0.01467,0,-1,0.00136,20,14.4
56,-55,-344.024,5.840711422,0.2381,0.002623,0.0001943,0.01463,0,-1,0.00135,20,14.5
56,-55,-344.005,5.840656192,0.2381,0.002624,0.0001943,0.01459,0,-1,0.00135,20,14.6
56,-55,-343.987,5.840603866,0.2381,0.002624,0.0001943,0.01455,0,-1,0.00135,20,14.7
56,-55,-343.97,5.840554444,0.2381,0.002624,0.0001943,0.01452,0,-1,0.00134,20,14.8
56,-55,-343.954,5.840507928,0.2381,0.002625,0.0001943,0.01448,0,-1,0.00134,20,14.9
56,-55,-343.94,5.840467224,0.2381,0.002625,0.0001944,0.01444,0,-1,0.00134,20,15
56,-55,-343.927,5.840429426,0.2381,0.002625,0.0001944,0.0144,0,-1,0.00133,20,15.1
56,-55,-343.915,5.840394534,0.2381,0.002625,0.0001944,0.01436,0,-1,0.00133,20,15.2
56,-55,-343.904,5.840362549,0.2381,0.002626,0.0001944,0.01433,0,-1,0.00133,20,15.3
56,-55,-343.895,5.840336378,0.2381,0.002626,0.0001944,0.01429,0,-1,0.00132,20,15.4
56,-55,-343.887,5.840313115,0.2381,0.002626,0.0001944,0.01425,0,-1,0.00132,20,15.5
56,-55,-343.88,5.840292759,0.2381,0.002626,0.0001944,0.01421,0,-1,0.00132,20,15.6
56,-55,-343.874,5.840275311,0.2381,0.002626,0.0001944,0.01418,0,-1,0.00131,20,15.7
56,-55,-343.869,5.840260771,0.2381,0.002626,0.0001944,0.01414,0,-1,0.00131,20,15.8
56,-55,-343.866,5.840252047,0.2381,0.002627,0.0001944,0.0141,0,-1,0.00131,20,15.9
56,-55,-343.863,5.840243322,0.2381,0.002627,0.0001944,0.01406,0,-1,0.0013,20,16
56,-55,-343.862,5.840240414,0.2381,0.002627,0.0001944,0.01403,0,-1,0.0013,20,16.1
56,-55,-343.861,5.840237506,0.2381,0.002627,0.0001944,0.01399,0,-1,0.0013,20,16.2
56,-55,-343.862,5.840240414,0.2381,0.002627,0.0001944,0.01395,0,-1,0.00129,20,16.3
56,-55,-343.864,5.84024623,0.2381,0.002627,0.0001944,0.01392,0,-1,0.00129,20,16.4
56,-55,-343.867,5.840254955,0.2381,0.002626,0.0001944,0.01388,0,-1,0.00129,20,16.5
56,-55,-343.871,5.840266587,0.2381,0.002626,0.0001944,0.01384,0,-1,0.00128,20,16.6
56,-55,-343.876,5.840281127,0.2381,0.002626,0.0001944,0.01381,0,-1,0.00128,20,16.7
56,-55,-343.882,5.840298575,0.2381,0.002626,0.0001944,0.01377,0,-1,0.00128,20,16.8
56,-55,-343.889,5.840318931,0.2381,0.002626,0.0001944,0.01373,0,-1,0.00127,20,16.9
56,-55,-343.897,5.840342194,0.2381,0.002626,0.0001944,0.0137,0,-1,0.00127,20,17
56,-55,-343.906,5.840368364,0.2381,0.002626,0.0001944,0.01366,0,-1,0.00126,20,17.1
56,-55,-343.917,5.840400349,0.2381,0.002625,0.0001944,0.01362,0,-1,0.00126,20,17.2
56,-55,-343.928,5.840432333,0.2381,0.002625,0.0001944,0.01359,0,-1,0.00126,20,17.3
56,-55,-343.94,5.840467224,0.2381,0.002625,0.0001944,0.01355,0,-1,0.00125,20,17.4
56,-55,-343.953,5.84050502,0.2381,0.002625,0.0001943,0.01352,0,-1,0.00125,20,17.5
56,-55,-343.968,5.84054863,0.2381,0.002624,0.0001943,0.01348,0,-1,0.00125,20,17.6
56,-55,-343.983,5.840592238,0.2381,0.002624,0.0001943,0.01345,0,-1,0.00124,20,17.7
56,-55,-343.998,5.840635843,0.2381,0.002624,0.0001943,0.01341,0,-1,0.00124,20,17.8
56,-55,-344.015,5.840685261,0.2381,0.002623,0.0001943,0.01337,0,-1,0.00124,20,17.9
56,-55,-344.033,5.840737583,0.2381,0.002623,0.0001943,0.01334,0,-1,0.00124,20,18
56,-55,-344.051,5.840789902,0.2381,0.002623,0.0001943,0.0133,0,-1,0.00123,20,18.1
56,-55,-344.07,5.840845125,0.2381,0.002622,0.0001943,0.01327,0,-1,0.00123,20,18.2
56,-55,-344.09,5.840903251,0.2381,0.002622,0.0001942,0.01324,0,-1,0.00123,20,18.3
56,-55,-344.111,5.84096428,0.2381,0.002621,0.0001942,0.0132,0,-1,0.00122,20,18.4
56,-55,-344.132,5.841025305,0.2381,0.002621,0.0001942,0.01317,0,-1,0.00122,20,18.5
56,-55,-344.154,5.841089232,0.238,0.00262,0.0001942,0.01313,0,-1,0.00122,20,18.6
56,-55,-344.177,5.84115606,0.238,0.00262,0.0001942,0.0131,0,-1,0.00121,20,18.7
56,-55,-344.201,5.841225789,0.238,0.002619,0.0001942,0.01307,0,-1,0.00121,20,18.8
56,-55,-344.226,5.841298418,0.238,0.002619,0.0001941,0.01303,0,-1,0.00121,20,18.9
56,-55,-344.251,5.841371042,0.238,0.002618,0.0001941,0.013,0,-1,0.0012,20,19
56,-55,-344.277,5.841446566,0.238,0.002618,0.0001941,0.01296,0,-1,0.0012,20,19.1
56,-55,-344.303,5.841522084,0.238,0.002617,0.0001941,0.01293,0,-1,0.0012,20,19.2
56,-55,-344.33,5.8416005,0.238,0.002617,0.0001941,0.0129,0,-1,0.00119,20,19.3
56,-55,-344.358,5.841681814,0.238,0.002616,0.000194,0.01287,0,-1,0.00119,20,19.4
56,-55,-344.387,5.841766025,0.238,0.002616,0.000194,0.01283,0,-1,0.00119,20,19.5
56,-55,-344.416,5.841850229,0.238,0.002615,0.000194,0.0128,0,-1,0.00119,20,19.6
56,-55,-344.446,5.841937329,0.238,0.002614,0.000194,0.01277,0,-1,0.00118,20,19.7
56,-55,-344.477,5.842027325,0.238,0.002614,0.000194,0.01274,0,-1,0.00118,20,19.8
56,-55,-344.508,5.842117312,0.238,0.002613,0.0001939,0.0127,0,-1,0.00118,20,19.9
56,-55,-344.539,5.842207292,0.238,0.002612,0.0001939,0.01267,0,-1,0.00117,20,20
56,-55,-344.572,5.842303067,0.238,0.002612,0.0001939,0.01264,0,-1,0.00117,20,20.1
56,-55,-344.605,5.842398834,0.238,0.002611,0.0001939,0.01261,0,-1,0.00117,20,20.2
56,-55,-344.638,5.842494591,0.238,0.00261,0.0001938,0.01257,0,-1,0.00116,20,20.3
56,-55,-344.672,5.84259324,0.2379,0.002609,0.0001938,0.01254,0,-1,0.00116,20,20.4
56,-55,-344.707,5.842694781,0.2379,0.002609,0.0001938,0.01251,0,-1,0.00116,20,20.5
56,-55,-344.742,5.842796311,0.2379,0.002608,0.0001938,0.01248,0,-1,0.00116,20,20.6
56,-55,-344.778,5.842900732,0.2379,0.002607,0.0001937,0.01245,0,-1,0.00115,20,20.7
56,-55,-344.815,5.843008041,0.2379,0.002606,0.0001937,0.01242,0,-1,0.00115,20,20.8
56,-55,-344.852,5.843115339,0.2379,0.002606,0.0001937,0.01239,0,-1,0.00115,20,20.9
56,-55,-344.89,5.843225526,0.2379,0.002605,0.0001937,0.01236,0,-1,0.00114,20,21
56,-55,-344.928,5.8433357,0.2379,0.002604,0.0001936,0.01233,0,-1,0.00114,20,21.1
56,-55,-344.967,5.84344876,0.2379,0.002603,0.0001936,0.0123,0,-1,0.00114,20,21.2
56,-55,-345.006,5.843561808,0.2379,0.002602,0.0001936,0.01226,0,-1,0.00114,20,21.3
56,-55,-345.047,5.84368064,0.2379,0.002602,0.0001936,0.01223,0,-1,0.00113,20,21.4
56,-55,-345.088,5.843799457,0.2379,0.002601,0.0001935,0.0122,0,-1,0.00113,20,21.5
56,-55,-345.129,5.84391826,0.2379,0.0026,0.0001935,0.01217,0,-1,0.00113,20,21.6
56,-55,-345.171,5.844039946,0.2379,0.002599,0.0001935,0.01214,0,-1,0.00112,20,21.7
56,-55,-345.214,5.844164515,0.2378,0.002598,0.0001934,0.01211,0,-1,0.00112,20,21.8
56,-55,-345.257,5.844289067,0.2378,0.002597,0.0001934,0.01208,0,-1,0.00112,20,21.9
56,-55,-345.301,5.8444165,0.2378,0.002596,0.0001934,0.01205,0,-1,0.00112,20,22
56,-55,-345.345,5.844543917,0.2378,0.002595,0.0001933,0.01202,0,-1,0.00111,20,22.1
56,-55,-345.39,5.844674213,0.2378,0.002594,0.0001933,0.01199,0,-1,0.00111,20,22.2
56,-55,-345.435,5.844804492,0.2378,0.002593,0.0001933,0.01196,0,-1,0.00111,20,22.3
56,-55,-345.481,5.844937649,0.2378,0.002592,0.0001932,0.01194,0,-1,0.00111,20,22.4
56,-55,-345.527,5.845070788,0.2378,0.002591,0.0001932,0.01191,0,-1,0.0011,20,22.5
56,-55,-345.573,5.845203909,0.2378,0.002591,0.0001932,0.01188,0,-1,0.0011,20,22.6
56,-55,-345.62,5.845339906,0.2378,0.00259,0.0001931,0.01185,0,-1,0.0011,20,22.7
56,-55,-345.668,5.845478777,0.2378,0.002589,0.0001931,0.01182,0,-1,0.00109,20,22.8
56,-55,-345.715,5.845614736,0.2377,0.002588,0.0001931,0.01179,0,-1,0.00109,20,22.9
56,-55,-345.764,5.845756461,0.2377,0.002586,0.000193,0.01176,0,-1,0.00109,20,23
56,-55,-345.812,5.845895275,0.2377,0.002585,0.000193,0.01173,0,-1,0.00109,20,23.1
56,-55,-345.861,5.84603696,0.2377,0.002584,0.000193,0.01171,0,-1,0.00108,20,23.2
56,-55,-345.91,5.846178626,0.2377,0.002583,0.0001929,0.01168,0,-1,0.00108,20,23.3
56,-55,-345.96,5.846323161,0.2377,0.002582,0.0001929,0.01165,0,-1,0.00108,20,23.4
56,-55,-346.01,5.846467676,0.2377,0.002581,0.0001929,0.01162,0,-1,0.00108,20,23.5
56,-55,-346.061,5.84661506,0.2377,0.00258,0.0001928,0.01159,0,-1,0.00107,20,23.6
56,-55,-346.112,5.846762422,0.2377,0.002579,0.0001928,0.01157,0,-1,0.00107,20,23.7
56,-55,-346.163,5.846909762,0.2377,0.002578,0.0001927,0.01154,0,-1,0.00107,20,23.8
56,-55,-346.214,5.847057081,0.2377,0.002577,0.0001927,0.01151,0,-1,0.00107,20,23.9
56,-55,-346.266,5.847207266,0.2376,0.002576,0.0001927,0.01149,0,-1,0.00106,20,24
56,-55,-346.319,5.847360316,0.2376,0.002575,0.0001926,0.01146,0,-1,0.00106,20,24.1
56,-55,-346.371,5.847510455,0.2376,0.002574,0.0001926,0.01143,0,-1,0.00106,20,24.2
56,-55,-346.424,5.847663458,0.2376,0.002573,0.0001926,0.0114,0,-1,0.00106,20,24.3
56,-55,-346.478,5.847819325,0.2376,0.002571,0.0001925,0.01138,0,-1,0.00105,20,24.4
56,-55,-346.531,5.847972281,0.2376,0.00257,0.0001925,0.01135,0,-1,0.00105,20,24.5
56,-55,-346.585,5.848128099,0.2376,0.002569,0.0001924,0.01132,0,-1,0.00105,20,24.6
56,-55,-346.639,5.848283893,0.2376,0.002568,0.0001924,0.0113,0,-1,0.00105,20,24.7
56,-55,-346.694,5.848442547,0.2376,0.002567,0.0001924,0.01127,0,-1,0.00104,20,24.8
56,-55,-346.749,5.848601175,0.2376,0.002566,0.0001923,0.01124,0,-1,0.00104,20,24.9
56,-55,-346.805,5.848762662,0.2375,0.002565,0.0001923,0.01122,0,-1,0.00104,20,25
76,-75,-239.432,5.478269452,0.2626,0.006988,0.0003026,0.02791,0,-1,0.00258,20,0
76,-75,-239.126,5.47699061,0.2627,0.007025,0.0003032,0.02833,0,-1,0.00262,20,0.1
76,-75,-238.846,5.475818993,0.2628,0.007059,0.0003037,0.02852,0,-1,0.00264,20,0.2
76,-75,-238.576,5.474687918,0.2629,0.007092,0.0003043,0.02865,0,-1,0.00265,20,0.3
76,-75,-238.312,5.47358074,0.263,0.007124,0.0003048,0.02874,0,-1,0.00266,20,0.4
76,-75,-238.052,5.472489137,0.2631,0.007155,0.0003053,0.02881,0,-1,0.00267,20,0.5
76,-75,-237.798,5.471421574,0.2632,0.007186,0.0003057,0.02886,0,-1,0.00267,20,0.6
76,-75,-237.548,5.470369708,0.2633,0.007216,0.0003062,0.02888,0,-1,0.00267,20,0.7
76,-75,-237.307,5.469354662,0.2633,0.007246,0.0003067,0.02889,0,-1,0.00267,20,0.8
76,-75,-237.076,5.468380765,0.2634,0.007274,0.0003071,0.02887,0,-1,0.00267,20,0.9
76,-75,-236.86,5.467469249,0.2635,0.0073,0.0003075,0.02885,0,-1,0.00267,20,1
76,-75,-236.665,5.466645639,0.2636,0.007324,0.0003079,0.02883,0,-1,0.00267,20,1.1
76,-75,-236.481,5.465867866,0.2636,0.007346,0.0003083,0.02875,0,-1,0.00266,20,1.2
76,-75,-236.312,5.465152966,0.2637,0.007367,0.0003086,0.02864,0,-1,0.00265,20,1.3
76,-75,-236.157,5.464496838,0.2637,0.007386,0.0003089,0.0285,0,-1,0.00264,20,1.4
76,-75,-236.018,5.463908073,0.2638,0.007403,0.0003092,0.02835,0,-1,0.00262,20,1.5
76,-75,-235.894,5.463382552,0.2638,0.007418,0.0003094,0.02817,0,-1,0.00261,20,1.6
76,-75,-235.785,5.462920373,0.2639,0.007431,0.0003096,0.02797,0,-1,0.00259,20,1.7
76,-75,-235.691,5.462521625,0.2639,0.007443,0.0003098,0.02776,0,-1,0.00257,20,1.8
76,-75,-235.612,5.462186384,0.2639,0.007452,0.0003099,0.02754,0,-1,0.00255,20,1.9
76,-75,-235.548,5.461914714,0.2639,0.00746,0.0003101,0.02731,0,-1,0.00253,20,2
76,-75,-235.498,5.461702421,0.264,0.007466,0.0003102,0.02706,0,-1,0.00251,20,2.1
76,-75,-235.461,5.461545295,0.264,0.00747,0.0003102,0.02682,0,-1,0.00248,20,2.2
76,-75,-235.438,5.461447609,0.264,0.007473,0.0003103,0.02656,0,-1,0.00246,20,2.3
76,-75,-235.427,5.461400887,0.264,0.007475,0.0003103,0.02631,0,-1,0.00244,20,2.4
76,-75,-235.428,5.461405134,0.264,0.007474,0.0003103,0.02604,0,-1,0.00241,20,2.5
76,-75,-235.44,5.461456104,0.264,0.007473,0.0003103,0.02578,0,-1,0.00239,20,2.6
76,-75,-235.463,5.461553789,0.264,0.00747,0.0003102,0.02552,0,-1,0.00236,20,2.7
76,-75,-235.496,5.461693928,0.264,0.007466,0.0003102,0.02526,0,-1,0.00234,20,2.8
76,-75,-235.539,5.461876505,0.2639,0.007461,0.0003101,0.02499,0,-1,0.00231,20,2.9
76,-75,-235.59,5.462093006,0.2639,0.007455,0.00031,0.02473,0,-1,0.00229,20,3
76,-75,-235.651,5.462351897,0.2639,0.007447,0.0003099,0.02447,0,-1,0.00227,20,3.1
76,-75,-235.72,5.46264466,0.2639,0.007439,0.0003097,0.02421,0,-1,0.00224,20,3.2
76,-75,-235.796,5.462967024,0.2639,0.00743,0.0003096,0.02395,0,-1,0.00222,20,3.3
76,-75,-235.879,5.463318962,0.2638,0.007419,0.0003094,0.0237,0,-1,0.00219,20,3.4
76,-75,-235.969,5.46370044,0.2638,0.007408,0.0003092,0.02344,0,-1,0.00217,20,3.5
76,-75,-236.066,5.464111427,0.2638,0.007397,0.0003091,0.02319,0,-1,0.00215,20,3.6
76,-75,-236.168,5.464543416,0.2637,0.007384,0.0003089,0.02295,0,-1,0.00212,20,3.7
76,-75,-236.277,5.465004846,0.2637,0.007371,0.0003087,0.0227,0,-1,0.0021,20,3.8
76,-75,-236.39,5.465482983,0.2637,0.007357,0.0003084,0.02246,0,-1,0.00208,20,3.9
76,-75,-236.509,5.465986262,0.2636,0.007343,0.0003082,0.02222,0,-1,0.00206,20,4
76,-75,-236.632,5.466506192,0.2636,0.007328,0.000308,0.02199,0,-1,0.00204,20,4.1
76,-75,-236.76,5.46704697,0.2635,0.007312,0.0003077,0.02176,0,-1,0.00201,20,4.2
76,-75,-236.892,5.467604341,0.2635,0.007296,0.0003075,0.02153,0,-1,0.00199,20,4.3
76,-75,-237.028,5.468178278,0.2634,0.00728,0.0003072,0.02131,0,-1,0.00197,20,4.4
76,-75,-237.168,5.468768751,0.2634,0.007263,0.000307,0.02109,0,-1,0.00195,20,4.5
76,-75,-237.311,5.469371517,0.2633,0.007245,0.0003067,0.02087,0,-1,0.00193,20,4.6
76,-75,-237.457,5.469986554,0.2633,0.007228,0.0003064,0.02065,0,-1,0.00191,20,4.7
76,-75,-237.607,5.470618048,0.2632,0.007209,0.0003061,0.02044,0,-1,0.00189,20,4.8
76,-75,-237.76,5.471261762,0.2632,0.007191,0.0003058,0.02024,0,-1,0.00187,20,4.9
76,-75,-237.916,5.47191767,0.2631,0.007172,0.0003055,0.02003,0,-1,0.00185,20,5
76,-75,-238.074,5.47258155,0.2631,0.007153,0.0003052,0.01983,0,-1,0.00184,20,5.1
76,-75,-238.241,5.473282766,0.263,0.007132,0.0003049,0.01966,0,-1,0.00182,20,5.2
76,-75,-238.411,5.473996075,0.263,0.007112,0.0003046,0.01949,0,-1,0.0018,20,5.3
76,-75,-238.584,5.47472145,0.2629,0.007091,0.0003042,0.01931,0,-1,0.00179,20,5.4
76,-75,-238.758,5.475450487,0.2628,0.00707,0.0003039,0.01912,0,-1,0.00177,20,5.5
76,-75,-238.933,5.476183178,0.2628,0.007048,0.0003036,0.01894,0,-1,0.00175,20,5.6
76,-75,-239.111,5.476927879,0.2627,0.007027,0.0003032,0.01876,0,-1,0.00174,20,5.7
76,-75,-239.29,5.477676205,0.2627,0.007005,0.0003029,0.01858,0,-1,0.00172,20,5.8
76,-75,-239.471,5.478432324,0.2626,0.006983,0.0003025,0.01841,0,-1,0.0017,20,5.9
76,-75,-239.654,5.479196216,0.2625,0.006961,0.0003022,0.01824,0,-1,0.00169,20,6
76,-75,-239.838,5.479963695,0.2625,0.006938,0.0003018,0.01806,0,-1,0.00167,20,6.1
76,-75,-240.024,5.480738918,0.2624,0.006916,0.0003015,0.0179,0,-1,0.00166,20,6.2
76,-75,-240.211,5.481517704,0.2623,0.006893,0.0003011,0.01773,0,-1,0.00164,20,6.3
76,-75,-240.4,5.482304203,0.2623,0.00687,0.0003008,0.01757,0,-1,0.00163,20,6.4
76,-75,-240.59,5.48309424,0.2622,0.006847,0.0003004,0.0174,0,-1,0.00161,20,6.5
76,-75,-240.78,5.483883654,0.2621,0.006824,0.0003,0.01724,0,-1,0.0016,20,6.6
76,-75,-240.972,5.484680744,0.2621,0.0068,0.0002997,0.01709,0,-1,0.00158,20,6.7
76,-75,-241.165,5.485481347,0.262,0.006777,0.0002993,0.01693,0,-1,0.00157,20,6.8
76,-75,-241.359,5.486285452,0.262,0.006753,0.0002989,0.01678,0,-1,0.00155,20,6.9
76,-75,-241.554,5.487093051,0.2619,0.00673,0.0002986,0.01663,0,-1,0.00154,20,7
76,-75,-241.75,5.487904134,0.2618,0.006706,0.0002982,0.01648,0,-1,0.00153,20,7.1
76,-75,-241.946,5.488714561,0.2617,0.006682,0.0002978,0.01633,0,-1,0.00151,20,7.2
76,-75,-242.156,5.489582147,0.2617,0.006667,0.0002975,0.0162,0,-1,0.0015,20,7.3
76,-75,-242.366,5.49044898,0.2616,0.006656,0.0002973,0.01606,0,-1,0.00149,20,7.4
76,-75,-242.573,5.491302696,0.2616,0.006645,0.000297,0.01593,0,-1,0.00147,20,7.5
76,-75,-242.778,5.492147446,0.2615,0.006635,0.0002968,0.01579,0,-1,0.00146,20,7.6
76,-75,-242.983,5.492991482,0.2615,0.006624,0.0002965,0.01566,0,-1,0.00145,20,7.7
76,-75,-243.188,5.493834807,0.2614,0.006614,0.0002963,0.01553,0,-1,0.00144,20,7.8
76,-75,-243.392,5.494673312,0.2614,0.006603,0.000296,0.0154,0,-1,0.00143,20,7.9
76,-75,-243.597,5.49551522,0.2613,0.006593,0.0002958,0.01527,0,-1,0.00141,20,8
76,-75,-243.801,5.496352319,0.2613,0.006583,0.0002955,0.01515,0,-1,0.0014,20,8.1
76,-75,-244.006,5.497192815,0.2612,0.006572,0.0002953,0.01502,0,-1,0.00139,20,8.2
76,-75,-244.21,5.498028511,0.2612,0.006562,0.0002951,0.0149,0,-1,0.00138,20,8.3
76,-75,-244.415,5.4988676,0.2611,0.006551,0.0002948,0.01478,0,-1,0.00137,20,8.4
76,-75,-244.619,5.499701898,0.2611,0.006541,0.0002946,0.01466,0,-1,0.00136,20,8.5
76,-75,-244.824,5.500539585,0.261,0.00653,0.0002943,0.01454,0,-1,0.00135,20,8.6
76,-75,-245.028,5.50137249,0.261,0.00652,0.0002941,0.01443,0,-1,0.00134,20,8.7
76,-75,-245.237,5.50222509,0.2609,0.006509,0.0002938,0.0143,0,-1,0.00132,20,8.8
76,-75,-245.45,5.503093261,0.2608,0.006498,0.0002936,0.01416,0,-1,0.00131,20,8.9
76,-75,-245.66,5.503948466,0.2608,0.006488,0.0002933,0.01404,0,-1,0.0013,20,9
76,-75,-245.87,5.504802941,0.2607,0.006477,0.0002931,0.01393,0,-1,0.00129,20,9.1
76,-75,-246.078,5.505648559,0.2607,0.006466,0.0002928,0.01382,0,-1,0.00128,20,9.2
76,-75,-246.285,5.506489402,0.2606,0.006456,0.0002926,0.01372,0,-1,0.00127,20,9.3
76,-75,-246.491,5.507325482,0.2606,0.006445,0.0002923,0.01361,0,-1,0.00126,20,9.4
76,-75,-246.697,5.508160863,0.2605,0.006435,0.0002921,0.01351,0,-1,0.00125,20,9.5
76,-75,-246.902,5.508991497,0.2605,0.006424,0.0002919,0.01341,0,-1,0.00124,20,9.6
76,-75,-247.107,5.509821441,0.2604,0.006414,0.0002916,0.01331,0,-1,0.00123,20,9.7
76,-75,-247.311,5.510646654,0.2604,0.006403,0.0002914,0.01321,0,-1,0.00122,20,9.8
76,-75,-247.515,5.511471186,0.2603,0.006393,0.0002911,0.01312,0,-1,0.00121,20,9.9
76,-75,-247.718,5.512291002,0.2603,0.006383,0.0002909,0.01302,0,-1,0.00121,20,10
76,-75,-247.924,5.513122248,0.2602,0.006372,0.0002906,0.01292,0,-1,0.0012,20,10.1
76,-75,-248.133,5.513964893,0.2602,0.006361,0.0002904,0.01281,0,-1,0.00119,20,10.2
76,-75,-248.34,5.514798775,0.2601,0.006351,0.0002901,0.01271,0,-1,0.00118,20,10.3
76,-75,-248.547,5.515631962,0.26,0.00634,0.0002899,0.01261,0,-1,0.00117,20,10.4
76,-75,-248.753,5.516460436,0.26,0.00633,0.0002897,0.01252,0,-1,0.00116,20,10.5
76,-75,-248.957,5.517280191,0.2599,0.006319,0.0002894,0.01243,0,-1,0.00115,20,10.6
76,-75,-249.161,5.518099274,0.2599,0.006309,0.0002892,0.01235,0,-1,0.00114,20,10.7
76,-75,-249.364,5.518913676,0.2598,0.006299,0.0002889,0.01226,0,-1,0.00114,20,10.8
76,-75,-249.566,5.519723409,0.2598,0.006288,0.0002887,0.01218,0,-1,0.00113,20,10.9
76,-75,-249.768,5.520532487,0.2597,0.006278,0.0002884,0.01209,0,-1,0.00112,20,11
76,-75,-249.969,5.52133691,0.2597,0.006268,0.0002882,0.01201,0,-1,0.00111,20,11.1
76,-75,-250.169,5.522136689,0.2596,0.006257,0.000288,0.01193,0,-1,0.0011,20,11.2
76,-75,-250.372,5.522947812,0.2596,0.006247,0.0002877,0.01184,0,-1,0.0011,20,11.3
76,-75,-250.575,5.523758277,0.2595,0.006237,0.0002875,0.01175,0,-1,0.00109,20,11.4
76,-75,-250.778,5.524568086,0.2595,0.006226,0.0002872,0.01167,0,-1,0.00108,20,11.5
76,-75,-250.98,5.525373255,0.2594,0.006216,0.000287,0.01158,0,-1,0.00107,20,11.6
76,-75,-251.182,5.526177776,0.2594,0.006206,0.0002868,0.01151,0,-1,0.00107,20,11.7
76,-75,-251.382,5.526973695,0.2593,0.006195,0.0002865,0.01143,0,-1,0.00106,20,11.8
76,-75,-251.582,5.52776898,0.2593,0.006185,0.0002863,0.01136,0,-1,0.00105,20,11.9
76,-75,-251.78,5.52855569,0.2592,0.006175,0.000286,0.01128,0,-1,0.00104,20,12
76,-75,-251.978,5.529341782,0.2592,0.006165,0.0002858,0.01121,0,-1,0.00104,20,12.1
76,-75,-252.176,5.530127256,0.2591,0.006155,0.0002856,0.01114,0,-1,0.00103,20,12.2
76,-75,-252.373,5.530908152,0.2591,0.006145,0.0002853,0.01107,0,-1,0.00102,20,12.3
76,-75,-252.571,5.531692397,0.259,0.006135,0.0002851,0.01099,0,-1,0.00102,20,12.4
76,-75,-252.769,5.532476028,0.259,0.006125,0.0002849,0.01091,0,-1,0.00101,20,12.5
76,-75,-252.967,5.533259045,0.2589,0.006115,0.0002846,0.01084,0,-1,0.001,20,12.6
76,-75,-253.164,5.5340375,0.2589,0.006104,0.0002844,0.01077,0,-1,0.000997,20,12.7
76,-75,-253.361,5.534815349,0.2588,0.006094,0.0002842,0.0107,0,-1,0.000991,20,12.8
76,-75,-253.557,5.53558865,0.2588,0.006084,0.0002839,0.01063,0,-1,0.000985,20,12.9
76,-75,-253.752,5.536357412,0.2587,0.006074,0.0002837,0.01057,0,-1,0.000979,20,13
76,-75,-253.946,5.537121646,0.2587,0.006065,0.0002835,0.0105,0,-1,0.000973,20,13.1
76,-75,-254.139,5.537881361,0.2586,0.006055,0.0002832,0.01044,0,-1,0.000967,20,13.2
76,-75,-254.333,5.538644432,0.2586,0.006045,0.000283,0.01037,0,-1,0.000961,20,13.3
76,-75,-254.526,5.539402992,0.2585,0.006035,0.0002828,0.01031,0,-1,0.000955,20,13.4
76,-75,-254.72,5.540164903,0.2585,0.006025,0.0002826,0.01024,0,-1,0.000948,20,13.5
76,-75,-254.913,5.54092231,0.2584,0.006015,0.0002823,0.01018,0,-1,0.000942,20,13.6
76,-75,-255.106,5.541679145,0.2584,0.006005,0.0002821,0.01012,0,-1,0.000937,20,13.7
76,-75,-255.298,5.54243149,0.2583,0.005995,0.0002819,0.01005,0,-1,0.000931,20,13.8
76,-75,-255.49,5.54318327,0.2583,0.005986,0.0002816,0.009994,0,-1,0.000925,20,13.9
76,-75,-255.68,5.543926663,0.2582,0.005976,0.0002814,0.009935,0,-1,0.00092,20,14
76,-75,-255.87,5.544669503,0.2582,0.005966,0.0002812,0.009877,0,-1,0.000915,20,14.1
76,-75,-256.06,5.545411792,0.2581,0.005957,0.000281,0.009819,0,-1,0.000909,20,14.2
76,-75,-256.249,5.546149628,0.2581,0.005947,0.0002807,0.00976,0,-1,0.000904,20,14.3
76,-75,-256.439,5.54689082,0.258,0.005937,0.0002805,0.009702,0,-1,0.000898,20,14.4
76,-75,-256.628,5.547627565,0.258,0.005928,0.0002803,0.009643,0,-1,0.000893,20,14.5
76,-75,-256.817,5.548363769,0.2579,0.005918,0.0002801,0.009587,0,-1,0.000888,20,14.6
76,-75,-257.005,5.54909554,0.2579,0.005908,0.0002798,0.00953,0,-1,0.000882,20,14.7
76,-75,-257.192,5.549822888,0.2578,0.005899,0.0002796,0.009476,0,-1,0.000877,20,14.8
76,-75,-257.379,5.550549707,0.2578,0.005889,0.0002794,0.009422,0,-1,0.000872,20,14.9
76,-75,-257.565,5.551272115,0.2577,0.00588,0.0002792,0.009369,0,-1,0.000867,20,15
76,-75,-257.751,5.551994003,0.2577,0.00587,0.0002789,0.009316,0,-1,0.000863,20,15.1
76,-75,-257.937,5.552715369,0.2576,0.005861,0.0002787,0.009262,0,-1,0.000858,20,15.2
76,-75,-258.123,5.553436216,0.2576,0.005851,0.0002785,0.009209,0,-1,0.000853,20,15.3
76,-75,-258.308,5.554152671,0.2575,0.005842,0.0002783,0.009157,0,-1,0.000848,20,15.4
76,-75,-258.492,5.554864746,0.2575,0.005832,0.0002781,0.009105,0,-1,0.000843,20,15.5
76,-75,-258.677,5.555580179,0.2574,0.005823,0.0002778,0.009054,0,-1,0.000838,20,15.6
76,-75,-258.86,5.556287375,0.2574,0.005814,0.0002776,0.009005,0,-1,0.000834,20,15.7
76,-75,-259.043,5.556994071,0.2574,0.005804,0.0002774,0.008955,0,-1,0.000829,20,15.8
76,-75,-259.226,5.557700268,0.2573,0.005795,0.0002772,0.008906,0,-1,0.000825,20,15.9
76,-75,-259.408,5.558402112,0.2573,0.005786,0.000277,0.008857,0,-1,0.00082,20,16
76,-75,-259.59,5.559103463,0.2572,0.005776,0.0002768,0.008809,0,-1,0.000816,20,16.1
76,-75,-259.772,5.559804323,0.2572,0.005767,0.0002765,0.008761,0,-1,0.000811,20,16.2
76,-75,-259.953,5.560500845,0.2571,0.005758,0.0002763,0.008713,0,-1,0.000807,20,16.3
76,-75,-260.134,5.561196883,0.2571,0.005749,0.0002761,0.008666,0,-1,0.000802,20,16.4
76,-75,-260.314,5.561888595,0.257,0.005739,0.0002759,0.00862,0,-1,0.000798,20,16.5
76,-75,-260.494,5.562579828,0.257,0.00573,0.0002757,0.008574,0,-1,0.000794,20,16.6
76,-75,-260.673,5.563266748,0.2569,0.005721,0.0002755,0.008528,0,-1,0.00079,20,16.7
76,-75,-260.852,5.563953197,0.2569,0.005712,0.0002753,0.008483,0,-1,0.000785,20,16.8
76,-75,-261.031,5.564639174,0.2568,0.005703,0.000275,0.008438,0,-1,0.000781,20,16.9
76,-75,-261.209,5.565320853,0.2568,0.005694,0.0002748,0.008394,0,-1,0.000777,20,17
76,-75,-261.387,5.566002068,0.2567,0.005685,0.0002746,0.00835,0,-1,0.000773,20,17.1
76,-75,-261.564,5.566678995,0.2567,0.005675,0.0002744,0.008307,0,-1,0.000769,20,17.2
76,-75,-261.741,5.567355465,0.2567,0.005666,0.0002742,0.008264,0,-1,0.000765,20,17.3
76,-75,-261.918,5.568031478,0.2566,0.005657,0.000274,0.008221,0,-1,0.000761,20,17.4
76,-75,-262.094,5.568703218,0.2566,0.005648,0.0002738,0.008179,0,-1,0.000757,20,17.5
76,-75,-262.27,5.569374507,0.2565,0.005639,0.0002736,0.008137,0,-1,0.000753,20,17.6
76,-75,-262.446,5.570045347,0.2565,0.00563,0.0002734,0.008096,0,-1,0.00075,20,17.7
76,-75,-262.621,5.570711928,0.2564,0.005622,0.0002731,0.008055,0,-1,0.000746,20,17.8
76,-75,-262.796,5.571378066,0.2564,0.005613,0.0002729,0.008015,0,-1,0.000742,20,17.9
76,-75,-262.97,5.572039957,0.2563,0.005604,0.0002727,0.007975,0,-1,0.000738,20,18
76,-75,-263.144,5.572701411,0.2563,0.005595,0.0002725,0.007935,0,-1,0.000735,20,18.1
76,-75,-263.318,5.573362427,0.2563,0.005586,0.0002723,0.007895,0,-1,0.000731,20,18.2
76,-75,-263.491,5.574019212,0.2562,0.005577,0.0002721,0.007856,0,-1,0.000727,20,18.3
76,-75,-263.664,5.574675565,0.2562,0.005568,0.0002719,0.007817,0,-1,0.000724,20,18.4
76,-75,-263.837,5.575331488,0.2561,0.005559,0.0002717,0.007779,0,-1,0.00072,20,18.5
76,-75,-264.009,5.575983193,0.2561,0.005551,0.0002715,0.007741,0,-1,0.000717,20,18.6
76,-75,-264.181,5.576634474,0.256,0.005542,0.0002713,0.007703,0,-1,0.000713,20,18.7
76,-75,-264.353,5.577285331,0.256,0.005533,0.0002711,0.007666,0,-1,0.00071,20,18.8
76,-75,-264.524,5.577931984,0.2559,0.005524,0.0002709,0.007628,0,-1,0.000706,20,18.9
76,-75,-264.695,5.57857822,0.2559,0.005516,0.0002707,0.007592,0,-1,0.000703,20,19
76,-75,-264.865,5.579220262,0.2559,0.005507,0.0002705,0.007555,0,-1,0.0007,20,19.1
76,-75,-265.036,5.579865666,0.2558,0.005498,0.0002703,0.007519,0,-1,0.000696,20,19.2
76,-75,-265.205,5.580503112,0.2558,0.00549,0.0002701,0.007483,0,-1,0.000693,20,19.3
76,-75,-265.375,5.58114392,0.2557,0.005481,0.0002699,0.007447,0,-1,0.00069,20,19.4
76,-75,-265.544,5.581780552,0.2557,0.005472,0.0002697,0.007412,0,-1,0.000686,20,19.5
76,-75,-265.713,5.582416779,0.2556,0.005464,0.0002695,0.007377,0,-1,0.000683,20,19.6
76,-75,-265.881,5.58304884,0.2556,0.005455,0.0002693,0.007342,0,-1,0.00068,20,19.7
76,-75,-266.049,5.583680502,0.2556,0.005446,0.0002691,0.007307,0,-1,0.000677,20,19.8
76,-75,-266.217,5.584311766,0.2555,0.005438,0.0002689,0.007273,0,-1,0.000673,20,19.9
76,-75,-266.384,5.584938877,0.2555,0.005429,0.0002687,0.007239,0,-1,0.00067,20,20
76,-75,-266.551,5.585565595,0.2554,0.005421,0.0002685,0.007205,0,-1,0.000667,20,20.1
76,-75,-266.718,5.58619192,0.2554,0.005412,0.0002683,0.007172,0,-1,0.000664,20,20.2
76,-75,-266.884,5.586814107,0.2553,0.005404,0.0002681,0.007139,0,-1,0.000661,20,20.3
76,-75,-267.05,5.587435907,0.2553,0.005395,0.0002679,0.007106,0,-1,0.000658,20,20.4
76,-75,-267.216,5.58805732,0.2553,0.005387,0.0002677,0.007073,0,-1,0.000655,20,20.5
76,-75,-267.381,5.588674608,0.2552,0.005378,0.0002675,0.00704,0,-1,0.000652,20,20.6
76,-75,-267.547,5.589295252,0.2552,0.00537,0.0002673,0.007008,0,-1,0.000649,20,20.7
76,-75,-267.711,5.58990804,0.2551,0.005362,0.0002671,0.006976,0,-1,0.000646,20,20.8
76,-75,-267.876,5.590524187,0.2551,0.005353,0.0002669,0.006944,0,-1,0.000643,20,20.9
76,-75,-268.04,5.591136223,0.255,0.005345,0.0002667,0.006912,0,-1,0.00064,20,21
76,-75,-268.204,5.591747885,0.255,0.005336,0.0002665,0.006881,0,-1,0.000637,20,21.1
76,-75,-268.367,5.592355447,0.255,0.005328,0.0002663,0.00685,0,-1,0.000634,20,21.2
76,-75,-268.53,5.59296264,0.2549,0.00532,0.0002661,0.006819,0,-1,0.000631,20,21.3
76,-75,-268.693,5.593569464,0.2549,0.005311,0.0002659,0.006788,0,-1,0.000629,20,21.4
76,-75,-268.856,5.59417592,0.2548,0.005303,0.0002657,0.006758,0,-1,0.000626,20,21.5
76,-75,-269.018,5.594778292,0.2548,0.005295,0.0002655,0.006728,0,-1,0.000623,20,21.6
76,-75,-269.18,5.595380301,0.2547,0.005287,0.0002653,0.006698,0,-1,0.00062,20,21.7
76,-75,-269.342,5.595981948,0.2547,0.005278,0.0002651,0.006668,0,-1,0.000617,20,21.8
76,-75,-269.503,5.596579522,0.2547,0.00527,0.000265,0.006638,0,-1,0.000615,20,21.9
76,-75,-269.665,5.597180448,0.2546,0.005262,0.0002648,0.006609,0,-1,0.000612,20,22
76,-75,-269.826,5.597777307,0.2546,0.005254,0.0002646,0.00658,0,-1,0.000609,20,22.1
76,-75,-269.986,5.598370106,0.2545,0.005245,0.0002644,0.006551,0,-1,0.000607,20,22.2
76,-75,-270.147,5.598966255,0.2545,0.005237,0.0002642,0.006523,0,-1,0.000604,20,22.3
76,-75,-270.307,5.59955835,0.2545,0.005229,0.000264,0.006494,0,-1,0.000601,20,22.4
76,-75,-270.467,5.600150095,0.2544,0.005221,0.0002638,0.006466,0,-1,0.000599,20,22.5
76,-75,-270.627,5.600741489,0.2544,0.005213,0.0002636,0.006438,0,-1,0.000596,20,22.6
76,-75,-270.787,5.601332534,0.2543,0.005204,0.0002634,0.00641,0,-1,0.000594,20,22.7
76,-75,-270.946,5.601919539,0.2543,0.005196,0.0002632,0.006382,0,-1,0.000591,20,22.8
76,-75,-271.106,5.602509888,0.2543,0.005188,0.000263,0.006354,0,-1,0.000588,20,22.9
76,-75,-271.265,5.603096203,0.2542,0.00518,0.0002629,0.006327,0,-1,0.000586,20,23
76,-75,-271.423,5.60367849,0.2542,0.005172,0.0002627,0.006299,0,-1,0.000583,20,23.1
76,-75,-271.582,5.60426412,0.2541,0.005164,0.0002625,0.006272,0,-1,0.000581,20,23.2
76,-75,-271.74,5.604845727,0.2541,0.005156,0.0002623,0.006245,0,-1,0.000578,20,23.3
76,-75,-271.898,5.605426996,0.254,0.005148,0.0002621,0.006217,0,-1,0.000576,20,23.4
76,-75,-272.056,5.606007927,0.254,0.00514,0.0002619,0.00619,0,-1,0.000573,20,23.5
76,-75,-272.214,5.606588522,0.254,0.005132,0.0002617,0.006163,0,-1,0.000571,20,23.6
76,-75,-272.372,5.607168779,0.2539,0.005124,0.0002615,0.006136,0,-1,0.000568,20,23.7
76,-75,-272.529,5.60774503,0.2539,0.005116,0.0002614,0.006109,0,-1,0.000566,20,23.8
76,-75,-272.686,5.60832095,0.2538,0.005108,0.0002612,0.006082,0,-1,0.000563,20,23.9
76,-75,-272.843,5.608896538,0.2538,0.005099,0.000261,0.006056,0,-1,0.000561,20,24
76,-75,-273,5.609471795,0.2538,0.005091,0.0002608,0.006029,0,-1,0.000558,20,24.1
76,-75,-273.157,5.610046721,0.2537,0.005083,0.0002606,0.006002,0,-1,0.000556,20,24.2
76,-75,-273.314,5.610621317,0.2537,0.005075,0.0002604,0.005976,0,-1,0.000553,20,24.3
76,-75,-273.47,5.611191927,0.2536,0.005067,0.0002602,0.00595,0,-1,0.000551,20,24.4
76,-75,-273.626,5.61176221,0.2536,0.00506,0.00026,0.005924,0,-1,0.000548,20,24.5
76,-75,-273.782,5.612332169,0.2536,0.005052,0.0002599,0.005898,0,-1,0.000546,20,24.6
76,-75,-273.938,5.612901803,0.2535,0.005044,0.0002597,0.005871,0,-1,0.000544,20,24.7
76,-75,-274.094,5.613471113,0.2535,0.005036,0.0002595,0.005846,0,-1,0.000541,20,24.8
76,-75,-274.25,5.614040099,0.2534,0.005028,0.0002593,0.00582,0,-1,0.000539,20,24.9
76,-75,-274.405,5.614605117,0.2534,0.00502,0.0002591,0.005795,0,-1,0.000537,20,25
