,node,z,head,theta,psi,K,C,flux,sink,kappa,v/KsTop,temp,time
5,6,-5,-56.596,0.1582,4.035938311,0.05269,0.001398,0.005146,0,-1,4.85E-05,20,0
110,6,-5,-56.817,0.1579,4.039835577,0.05168,0.001387,0.009997,0,-1,9.42E-05,20,0.1
215,6,-5,-57.347,0.1571,4.049120532,0.04924,0.001362,0.01978,0,-1,0.000186,20,0.2
320,6,-5,-57.995,0.1561,4.0603568,0.04626,0.001331,0.02699,0,-1,0.000254,20,0.3
425,6,-5,-58.709,0.155,4.072593037,0.04297,0.001296,0.0336,0,-1,0.000317,20,0.4
530,6,-5,-59.431,0.1539,4.084815976,0.03963,0.001261,0.03768,0,-1,0.000355,20,0.5
635,6,-5,-60.164,0.1529,4.097074167,0.03695,0.001231,0.04071,0,-1,0.000384,20,0.6
740,6,-5,-60.933,0.1522,4.1097749,0.03583,0.00121,0.04326,0,-1,0.000408,20,0.7
845,6,-5,-61.657,0.1514,4.121586767,0.03476,0.001191,0.04514,0,-1,0.000425,20,0.8
950,6,-5,-62.389,0.1507,4.133388978,0.03371,0.001172,0.04657,0,-1,0.000439,20,0.9
1055,6,-5,-63.118,0.15,4.14500599,0.03265,0.001152,0.04743,0,-1,0.000447,20,1
1160,6,-5,-64.078,0.149,4.160101091,0.03124,0.001127,0.05343,0,-1,0.000504,20,1.1
1265,6,-5,-65.341,0.1477,4.179619711,0.02941,0.001093,0.06182,0,-1,0.000583,20,1.2
1370,6,-5,-66.77,0.1463,4.201253878,0.02729,0.001055,0.06891,0,-1,0.00065,20,1.3
1475,6,-5,-68.262,0.1448,4.223353243,0.02513,0.001015,0.07475,0,-1,0.000704,20,1.4
1580,6,-5,-69.82,0.1432,4.245920502,0.02278,0.0009725,0.0791,0,-1,0.000746,20,1.5
1685,6,-5,-71.667,0.1413,4.272030391,0.02024,0.0009262,0.08628,0,-1,0.000813,20,1.6
1790,6,-5,-73.5,0.1395,4.297285406,0.01755,0.0008771,0.08929,0,-1,0.000842,20,1.7
1895,6,-5,-75.402,0.1376,4.3228338,0.01478,0.0008267,0.0913,0,-1,0.000861,20,1.8
2000,6,-5,-77.484,0.1361,4.350071463,0.0136,0.000794,0.09244,0,-1,0.000871,20,1.9
2105,6,-5,-79.25,0.1349,4.372607413,0.01281,0.000769,0.09079,0,-1,0.000856,20,2
2210,6,-5,-80.758,0.1339,4.391457028,0.01213,0.0007475,0.08764,0,-1,0.000826,20,2.1
2315,6,-5,-82.051,0.1331,4.407341005,0.01154,0.000729,0.08395,0,-1,0.000791,20,2.2
2420,6,-5,-83.177,0.1323,4.420970867,0.01104,0.000713,0.08014,0,-1,0.000755,20,2.3
2525,6,-5,-84.151,0.1317,4.432612804,0.0106,0.0006993,0.07712,0,-1,0.000727,20,2.4
2630,6,-5,-85.043,0.1311,4.443157011,0.01021,0.0006867,0.075,0,-1,0.000707,20,2.5
2735,6,-5,-85.933,0.1305,4.453567923,0.009811,0.0006743,0.07335,0,-1,0.000691,20,2.6
2840,6,-5,-86.766,0.1299,4.46321484,0.009431,0.0006622,0.07143,0,-1,0.000673,20,2.7
2945,6,-5,-87.595,0.1294,4.472723919,0.009062,0.0006506,0.06983,0,-1,0.000658,20,2.8
3050,6,-5,-88.393,0.1289,4.481792781,0.008677,0.0006384,0.06801,0,-1,0.000641,20,2.9
3155,6,-5,-89.178,0.1283,4.490634372,0.008349,0.000628,0.06658,0,-1,0.000628,20,3
3260,6,-5,-89.954,0.1278,4.499298429,0.008008,0.0006173,0.06531,0,-1,0.000616,20,3.1
3365,6,-5,-90.696,0.1273,4.507513255,0.007655,0.0006061,0.06385,0,-1,0.000602,20,3.2
3470,6,-5,-91.402,0.1269,4.51526736,0.007334,0.0005959,0.06245,0,-1,0.000589,20,3.3
3575,6,-5,-92.09,0.1264,4.52276636,0.007036,0.0005865,0.06119,0,-1,0.000577,20,3.4
3680,6,-5,-92.761,0.126,4.530026293,0.006733,0.0005769,0.06,0,-1,0.000566,20,3.5
3785,6,-5,-93.428,0.1255,4.537191086,0.006438,0.0005676,0.05893,0,-1,0.000555,20,3.6
3890,6,-5,-94.089,0.1251,4.544241143,0.006137,0.0005581,0.05772,0,-1,0.000544,20,3.7
3995,6,-5,-94.723,0.1247,4.550956843,0.00585,0.000549,0.05648,0,-1,0.000532,20,3.8
4100,6,-5,-95.319,0.1243,4.557229161,0.005572,0.0005402,0.05522,0,-1,0.00052,20,3.9
4205,6,-5,-96.042,0.1239,4.564785596,0.005441,0.0005343,0.05464,0,-1,0.000515,20,4
4310,6,-5,-96.713,0.1236,4.57174783,0.005349,0.0005292,0.05397,0,-1,0.000509,20,4.1
4415,6,-5,-97.36,0.1233,4.578415449,0.005263,0.0005245,0.05333,0,-1,0.000503,20,4.2
4520,6,-5,-97.994,0.1231,4.584906252,0.005174,0.0005196,0.05252,0,-1,0.000495,20,4.3
4625,6,-5,-98.588,0.1228,4.59094955,0.005092,0.0005151,0.05167,0,-1,0.000487,20,4.4
4730,6,-5,-99.167,0.1226,4.596805298,0.005013,0.0005109,0.05083,0,-1,0.000479,20,4.5
4835,6,-5,-99.728,0.1223,4.60244648,0.004936,0.0005066,0.04999,0,-1,0.000471,20,4.6
4940,6,-5,-100.281,0.1221,4.607976245,0.004861,0.0005025,0.04916,0,-1,0.000463,20,4.7
5045,6,-5,-100.812,0.1218,4.613257396,0.004787,0.0004985,0.04831,0,-1,0.000455,20,4.8
5150,6,-5,-101.332,0.1216,4.618402255,0.004717,0.0004946,0.04751,0,-1,0.000448,20,4.9
5255,6,-5,-101.833,0.1214,4.623334217,0.004648,0.0004909,0.04672,0,-1,0.00044,20,5
5360,6,-5,-102.324,0.1212,4.62814425,0.004581,0.0004872,0.04594,0,-1,0.000433,20,5.1
5465,6,-5,-102.794,0.121,4.632726986,0.004516,0.0004836,0.04517,0,-1,0.000426,20,5.2
5570,6,-5,-103.256,0.1208,4.637211342,0.004453,0.0004802,0.04441,0,-1,0.000419,20,5.3
5675,6,-5,-103.702,0.1206,4.641521401,0.004391,0.0004769,0.04367,0,-1,0.000412,20,5.4
5780,6,-5,-104.143,0.1204,4.645764955,0.004331,0.0004736,0.04293,0,-1,0.000405,20,5.5
5885,6,-5,-104.568,0.1202,4.649837577,0.004273,0.0004704,0.04219,0,-1,0.000398,20,5.6
5990,6,-5,-104.989,0.12,4.653855583,0.004216,0.0004672,0.04145,0,-1,0.000391,20,5.7
6095,6,-5,-105.387,0.1198,4.657639289,0.00416,0.0004642,0.04081,0,-1,0.000385,20,5.8
6200,6,-5,-105.761,0.1197,4.661181831,0.00411,0.0004614,0.04022,0,-1,0.000379,20,5.9
6305,6,-5,-106.111,0.1195,4.664485716,0.004061,0.0004588,0.03965,0,-1,0.000374,20,6
6410,6,-5,-106.441,0.1194,4.667590841,0.004015,0.0004563,0.03909,0,-1,0.000368,20,6.1
6515,6,-5,-106.807,0.1192,4.671023467,0.003966,0.0004536,0.03878,0,-1,0.000366,20,6.2
6620,6,-5,-107.181,0.1191,4.674518994,0.003915,0.0004508,0.03839,0,-1,0.000362,20,6.3
6725,6,-5,-107.545,0.1189,4.677909365,0.003863,0.000448,0.03795,0,-1,0.000358,20,6.4
6830,6,-5,-107.897,0.1188,4.681177068,0.003813,0.0004452,0.03746,0,-1,0.000353,20,6.5
6935,6,-5,-108.239,0.1186,4.684341745,0.003765,0.0004426,0.037,0,-1,0.000349,20,6.6
7040,6,-5,-108.578,0.1185,4.687468809,0.003719,0.0004401,0.03657,0,-1,0.000345,20,6.7
7145,6,-5,-108.916,0.1183,4.690576943,0.003673,0.0004376,0.03616,0,-1,0.000341,20,6.8
7250,6,-5,-109.26,0.1182,4.693730363,0.003628,0.0004351,0.03579,0,-1,0.000337,20,6.9
7355,6,-5,-109.61,0.118,4.696928611,0.003582,0.0004326,0.03544,0,-1,0.000334,20,7
7460,6,-5,-109.961,0.1179,4.700125757,0.003534,0.00043,0.03508,0,-1,0.000331,20,7.1
7565,6,-5,-110.324,0.1177,4.703421491,0.003484,0.0004273,0.03477,0,-1,0.000328,20,7.2
7670,6,-5,-110.692,0.1175,4.70675157,0.003434,0.0004245,0.03446,0,-1,0.000325,20,7.3
7775,6,-5,-111.067,0.1174,4.710133623,0.003382,0.0004217,0.03416,0,-1,0.000322,20,7.4
7880,6,-5,-111.445,0.1172,4.713531196,0.003331,0.0004189,0.03385,0,-1,0.000319,20,7.5
7985,6,-5,-111.826,0.117,4.716944092,0.003278,0.000416,0.03354,0,-1,0.000316,20,7.6
8090,6,-5,-112.208,0.1169,4.720354292,0.003226,0.0004131,0.03322,0,-1,0.000313,20,7.7
8195,6,-5,-112.591,0.1167,4.723761784,0.003174,0.0004103,0.03291,0,-1,0.00031,20,7.8
8300,6,-5,-112.968,0.1166,4.727104593,0.003122,0.0004074,0.03262,0,-1,0.000307,20,7.9
8405,6,-5,-113.34,0.1164,4.730392151,0.003071,0.0004046,0.03233,0,-1,0.000305,20,8
8510,6,-5,-113.706,0.1162,4.73361617,0.003021,0.0004019,0.03205,0,-1,0.000302,20,8.1
8615,6,-5,-114.066,0.1161,4.736777228,0.002971,0.0003992,0.03178,0,-1,0.0003,20,8.2
8720,6,-5,-114.421,0.1159,4.739884629,0.002923,0.0003965,0.0315,0,-1,0.000297,20,8.3
8825,6,-5,-114.772,0.1158,4.742947552,0.002875,0.0003939,0.03123,0,-1,0.000294,20,8.4
8930,6,-5,-115.119,0.1156,4.745966376,0.002827,0.0003913,0.03096,0,-1,0.000292,20,8.5
9035,6,-5,-115.462,0.1155,4.748941471,0.00278,0.0003888,0.03069,0,-1,0.000289,20,8.6
9140,6,-5,-115.8,0.1153,4.751864565,0.002734,0.0003862,0.03041,0,-1,0.000287,20,8.7
9245,6,-5,-116.136,0.1152,4.754761918,0.002688,0.0003837,0.03014,0,-1,0.000284,20,8.8
9350,6,-5,-116.47,0.115,4.757633729,0.002642,0.0003812,0.02988,0,-1,0.000282,20,8.9
9455,6,-5,-116.802,0.1149,4.760480194,0.002596,0.0003787,0.02963,0,-1,0.000279,20,9
9560,6,-5,-117.134,0.1147,4.763318579,0.002551,0.0003762,0.02937,0,-1,0.000277,20,9.1
9665,6,-5,-117.465,0.1146,4.766140417,0.002506,0.0003737,0.02912,0,-1,0.000274,20,9.2
9770,6,-5,-117.795,0.1145,4.768945825,0.00246,0.0003713,0.02887,0,-1,0.000272,20,9.3
9875,6,-5,-118.125,0.1143,4.771743386,0.002415,0.0003688,0.02863,0,-1,0.00027,20,9.4
9980,6,-5,-118.453,0.1142,4.774516257,0.00237,0.0003663,0.02838,0,-1,0.000268,20,9.5
10085,6,-5,-118.781,0.114,4.777281461,0.002325,0.0003639,0.02813,0,-1,0.000265,20,9.6
10190,6,-5,-119.109,0.1139,4.78003904,0.00228,0.0003614,0.02788,0,-1,0.000263,20,9.7
10295,6,-5,-119.435,0.1137,4.78277229,0.002236,0.000359,0.02764,0,-1,0.00026,20,9.8
10400,6,-5,-119.758,0.1136,4.78547304,0.002192,0.0003566,0.0274,0,-1,0.000258,20,9.9
10505,6,-5,-120.076,0.1135,4.788124876,0.002148,0.0003542,0.02716,0,-1,0.000256,20,10
10610,6,-5,-120.391,0.1133,4.790744779,0.002105,0.0003518,0.02693,0,-1,0.000254,20,10.1
10715,6,-5,-120.777,0.1132,4.79394587,0.002084,0.0003502,0.02682,0,-1,0.000253,20,10.2
10820,6,-5,-121.149,0.1131,4.797021193,0.002068,0.0003486,0.02669,0,-1,0.000252,20,10.3
10925,6,-5,-121.508,0.113,4.799980104,0.002053,0.0003472,0.02656,0,-1,0.00025,20,10.4
11030,6,-5,-121.857,0.1129,4.802848226,0.002038,0.0003459,0.02641,0,-1,0.000249,20,10.5
11135,6,-5,-122.2,0.1128,4.805659047,0.002024,0.0003445,0.02625,0,-1,0.000247,20,10.6
11240,6,-5,-122.538,0.1127,4.808421186,0.00201,0.0003432,0.02609,0,-1,0.000246,20,10.7
11345,6,-5,-122.871,0.1126,4.811135025,0.001997,0.0003419,0.02592,0,-1,0.000244,20,10.8
11450,6,-5,-123.2,0.1125,4.813809051,0.001983,0.0003406,0.02575,0,-1,0.000243,20,10.9
11555,6,-5,-123.526,0.1124,4.81645166,0.001969,0.0003394,0.02558,0,-1,0.000241,20,11
11660,6,-5,-123.848,0.1123,4.819055007,0.001956,0.0003381,0.02541,0,-1,0.000239,20,11.1
11765,6,-5,-124.167,0.1122,4.821627434,0.001943,0.0003369,0.02524,0,-1,0.000238,20,11.2
11870,6,-5,-124.483,0.1122,4.82416916,0.00193,0.0003356,0.02506,0,-1,0.000236,20,11.3
11975,6,-5,-124.796,0.1121,4.826680404,0.001917,0.0003344,0.02489,0,-1,0.000235,20,11.4
12080,6,-5,-125.106,0.112,4.829161378,0.001904,0.0003332,0.02471,0,-1,0.000233,20,11.5
12185,6,-5,-125.415,0.1119,4.831628238,0.001891,0.000332,0.02453,0,-1,0.000231,20,11.6
12290,6,-5,-125.721,0.1118,4.834065166,0.001879,0.0003308,0.02435,0,-1,0.00023,20,11.7
12395,6,-5,-126.025,0.1117,4.8364803,0.001866,0.0003296,0.02417,0,-1,0.000228,20,11.8
12500,6,-5,-126.326,0.1116,4.838865867,0.001854,0.0003284,0.024,0,-1,0.000226,20,11.9
12605,6,-5,-126.624,0.1116,4.841222065,0.001841,0.0003273,0.02382,0,-1,0.000225,20,12
12710,6,-5,-126.918,0.1115,4.843541209,0.001829,0.0003261,0.02365,0,-1,0.000223,20,12.1
12815,6,-5,-127.208,0.1114,4.845823542,0.001817,0.000325,0.02348,0,-1,0.000221,20,12.2
12920,6,-5,-127.495,0.1113,4.848077148,0.001805,0.0003239,0.02331,0,-1,0.00022,20,12.3
13025,6,-5,-127.778,0.1112,4.850294383,0.001794,0.0003228,0.02314,0,-1,0.000218,20,12.4
13130,6,-5,-128.057,0.1111,4.852475477,0.001782,0.0003217,0.02297,0,-1,0.000216,20,12.5
13235,6,-5,-128.333,0.1111,4.854628448,0.001771,0.0003206,0.0228,0,-1,0.000215,20,12.6
13340,6,-5,-128.606,0.111,4.856753467,0.001759,0.0003195,0.02264,0,-1,0.000213,20,12.7
13445,6,-5,-128.876,0.1109,4.858850702,0.001748,0.0003185,0.02247,0,-1,0.000212,20,12.8
13550,6,-5,-129.142,0.1108,4.860912574,0.001737,0.0003174,0.02231,0,-1,0.00021,20,12.9
13655,6,-5,-129.406,0.1108,4.862954749,0.001726,0.0003164,0.02214,0,-1,0.000209,20,13
13760,6,-5,-129.666,0.1107,4.864961914,0.001716,0.0003154,0.02198,0,-1,0.000207,20,13.1
13865,6,-5,-129.924,0.1106,4.866949664,0.001705,0.0003144,0.02182,0,-1,0.000206,20,13.2
13970,6,-5,-130.178,0.1105,4.868902745,0.001694,0.0003134,0.02166,0,-1,0.000204,20,13.3
14075,6,-5,-130.43,0.1105,4.870836684,0.001684,0.0003124,0.0215,0,-1,0.000203,20,13.4
14180,6,-5,-130.68,0.1104,4.872751587,0.001674,0.0003114,0.02134,0,-1,0.000201,20,13.5
14285,6,-5,-130.927,0.1103,4.874639916,0.001663,0.0003105,0.02118,0,-1,0.0002,20,13.6
14390,6,-5,-131.172,0.1103,4.876509439,0.001653,0.0003095,0.02102,0,-1,0.000198,20,13.7
14495,6,-5,-131.415,0.1102,4.878360255,0.001643,0.0003086,0.02086,0,-1,0.000197,20,13.8
14600,6,-5,-131.655,0.1101,4.880184865,0.001633,0.0003076,0.0207,0,-1,0.000195,20,13.9
14705,6,-5,-131.893,0.1101,4.881990988,0.001623,0.0003067,0.02055,0,-1,0.000194,20,14
14810,6,-5,-132.128,0.11,4.88377115,0.001614,0.0003058,0.02039,0,-1,0.000192,20,14.1
14915,6,-5,-132.361,0.1099,4.885533038,0.001604,0.0003049,0.02024,0,-1,0.000191,20,14.2
15020,6,-5,-132.589,0.1099,4.887254118,0.001595,0.000304,0.02009,0,-1,0.000189,20,14.3
15125,6,-5,-132.808,0.1098,4.888904476,0.001586,0.0003031,0.01996,0,-1,0.000188,20,14.4
15230,6,-5,-133.02,0.1097,4.890499493,0.001577,0.0003023,0.01983,0,-1,0.000187,20,14.5
15335,6,-5,-133.224,0.1097,4.892031922,0.001568,0.0003015,0.0197,0,-1,0.000186,20,14.6
15440,6,-5,-133.423,0.1096,4.893524532,0.00156,0.0003007,0.01958,0,-1,0.000185,20,14.7
15545,6,-5,-133.618,0.1096,4.894984983,0.001552,0.0003,0.01946,0,-1,0.000183,20,14.8
15650,6,-5,-133.808,0.1095,4.896405937,0.001544,0.0002992,0.01934,0,-1,0.000182,20,14.9
15755,6,-5,-133.995,0.1095,4.897802486,0.001537,0.0002985,0.01922,0,-1,0.000181,20,15
15860,6,-5,-134.178,0.1094,4.899167277,0.001529,0.0002978,0.0191,0,-1,0.00018,20,15.1
15965,6,-5,-134.359,0.1094,4.900515322,0.001521,0.0002971,0.01898,0,-1,0.000179,20,15.2
16070,6,-5,-134.559,0.1093,4.902002765,0.001513,0.0002963,0.01891,0,-1,0.000178,20,15.3
16175,6,-5,-134.762,0.1092,4.90351026,0.001505,0.0002955,0.01883,0,-1,0.000178,20,15.4
16280,6,-5,-134.97,0.1092,4.905052532,0.001496,0.0002947,0.01875,0,-1,0.000177,20,15.5
16385,6,-5,-135.179,0.1091,4.906599826,0.001488,0.0002939,0.01867,0,-1,0.000176,20,15.6
16490,6,-5,-135.389,0.1091,4.908152116,0.001479,0.0002931,0.01858,0,-1,0.000175,20,15.7
16595,6,-5,-135.598,0.109,4.909694626,0.00147,0.0002922,0.01849,0,-1,0.000174,20,15.8
16700,6,-5,-135.807,0.109,4.91123476,0.001462,0.0002914,0.01839,0,-1,0.000173,20,15.9
16805,6,-5,-136.015,0.1089,4.912765174,0.001453,0.0002906,0.0183,0,-1,0.000173,20,16
16910,6,-5,-136.222,0.1088,4.914285908,0.001444,0.0002898,0.01821,0,-1,0.000172,20,16.1
17015,6,-5,-136.429,0.1088,4.915804333,0.001436,0.000289,0.01812,0,-1,0.000171,20,16.2
17120,6,-5,-136.635,0.1087,4.917313137,0.001427,0.0002882,0.01803,0,-1,0.00017,20,16.3
17225,6,-5,-136.84,0.1087,4.91881236,0.001419,0.0002874,0.01793,0,-1,0.000169,20,16.4
17330,6,-5,-137.044,0.1086,4.920302042,0.00141,0.0002866,0.01784,0,-1,0.000168,20,16.5
17435,6,-5,-137.247,0.1085,4.921782222,0.001402,0.0002858,0.01775,0,-1,0.000167,20,16.6
17540,6,-5,-137.449,0.1085,4.923252939,0.001394,0.000285,0.01766,0,-1,0.000166,20,16.7
17645,6,-5,-137.65,0.1084,4.924714232,0.001385,0.0002842,0.01757,0,-1,0.000166,20,16.8
17750,6,-5,-137.85,0.1084,4.926166137,0.001377,0.0002834,0.01748,0,-1,0.000165,20,16.9
17855,6,-5,-138.049,0.1083,4.927608695,0.001369,0.0002827,0.01739,0,-1,0.000164,20,17
17960,6,-5,-138.247,0.1083,4.92904194,0.001361,0.0002819,0.0173,0,-1,0.000163,20,17.1
18065,6,-5,-138.444,0.1082,4.930465912,0.001352,0.0002811,0.01721,0,-1,0.000162,20,17.2
18170,6,-5,-138.64,0.1081,4.931880645,0.001344,0.0002804,0.01712,0,-1,0.000161,20,17.3
18275,6,-5,-138.835,0.1081,4.933286178,0.001336,0.0002796,0.01703,0,-1,0.000161,20,17.4
18380,6,-5,-139.03,0.108,4.934689737,0.001328,0.0002788,0.01695,0,-1,0.00016,20,17.5
18485,6,-5,-139.227,0.108,4.936105695,0.00132,0.0002781,0.01687,0,-1,0.000159,20,17.6
18590,6,-5,-139.427,0.1079,4.937541167,0.001312,0.0002773,0.01679,0,-1,0.000158,20,17.7
18695,6,-5,-139.63,0.1079,4.938996067,0.001303,0.0002765,0.01671,0,-1,0.000158,20,17.8
18800,6,-5,-139.835,0.1078,4.940463156,0.001295,0.0002757,0.01664,0,-1,0.000157,20,17.9
18905,6,-5,-140.041,0.1078,4.941935237,0.001286,0.0002749,0.01657,0,-1,0.000156,20,18
19010,6,-5,-140.249,0.1077,4.943419414,0.001278,0.0002741,0.01649,0,-1,0.000155,20,18.1
19115,6,-5,-140.458,0.1076,4.944908512,0.001269,0.0002733,0.01642,0,-1,0.000155,20,18.2
19220,6,-5,-140.667,0.1076,4.946395395,0.00126,0.0002724,0.01634,0,-1,0.000154,20,18.3
19325,6,-5,-140.876,0.1075,4.947880071,0.001252,0.0002716,0.01626,0,-1,0.000153,20,18.4
19430,6,-5,-141.085,0.1075,4.949362546,0.001243,0.0002708,0.01619,0,-1,0.000153,20,18.5
19535,6,-5,-141.293,0.1074,4.950835748,0.001235,0.00027,0.01611,0,-1,0.000152,20,18.6
19640,6,-5,-141.5,0.1073,4.952299717,0.001226,0.0002692,0.01602,0,-1,0.000151,20,18.7
19745,6,-5,-141.706,0.1073,4.953754489,0.001217,0.0002684,0.01595,0,-1,0.00015,20,18.8
19850,6,-5,-141.91,0.1072,4.955193054,0.001209,0.0002676,0.01587,0,-1,0.00015,20,18.9
19955,6,-5,-142.112,0.1072,4.956615479,0.001201,0.0002668,0.0158,0,-1,0.000149,20,19
20060,6,-5,-142.314,0.1071,4.958035884,0.001192,0.000266,0.01574,0,-1,0.000148,20,19.1
20165,6,-5,-142.515,0.1071,4.959447257,0.001184,0.0002652,0.01568,0,-1,0.000148,20,19.2
20270,6,-5,-142.716,0.107,4.960856642,0.001176,0.0002644,0.01562,0,-1,0.000147,20,19.3
20375,6,-5,-142.917,0.1069,4.962264042,0.001167,0.0002637,0.01556,0,-1,0.000147,20,19.4
20480,6,-5,-143.116,0.1069,4.96365549,0.001159,0.0002629,0.0155,0,-1,0.000146,20,19.5
20585,6,-5,-143.315,0.1068,4.965045005,0.001151,0.0002621,0.01543,0,-1,0.000145,20,19.6
20690,6,-5,-143.512,0.1068,4.966418655,0.001143,0.0002613,0.01537,0,-1,0.000145,20,19.7
20795,6,-5,-143.707,0.1067,4.967776504,0.001135,0.0002606,0.01531,0,-1,0.000144,20,19.8
20900,6,-5,-143.901,0.1067,4.969125563,0.001127,0.0002598,0.01525,0,-1,0.000144,20,19.9
21005,6,-5,-144.093,0.1066,4.970458924,0.001119,0.0002591,0.01518,0,-1,0.000143,20,20
21110,6,-5,-144.285,0.1066,4.97179051,0.001111,0.0002583,0.01512,0,-1,0.000143,20,20.1
21215,6,-5,-144.476,0.1065,4.973113404,0.001103,0.0002576,0.01506,0,-1,0.000142,20,20.2
21320,6,-5,-144.666,0.1064,4.974427637,0.001095,0.0002568,0.015,0,-1,0.000141,20,20.3
21425,6,-5,-144.855,0.1064,4.975733242,0.001087,0.0002561,0.01493,0,-1,0.000141,20,20.4
21530,6,-5,-145.047,0.1063,4.977057828,0.00108,0.0002554,0.01488,0,-1,0.00014,20,20.5
21635,6,-5,-145.246,0.1063,4.978428857,0.001071,0.0002546,0.01484,0,-1,0.00014,20,20.6
21740,6,-5,-145.446,0.1062,4.979804884,0.001063,0.0002538,0.01479,0,-1,0.000139,20,20.7
21845,6,-5,-145.646,0.1062,4.98117902,0.001055,0.000253,0.01473,0,-1,0.000139,20,20.8
21950,6,-5,-145.845,0.1061,4.982544414,0.001046,0.0002522,0.01468,0,-1,0.000138,20,20.9
22055,6,-5,-146.042,0.1061,4.983894252,0.001038,0.0002514,0.01462,0,-1,0.000138,20,21
22160,6,-5,-146.237,0.106,4.985228593,0.00103,0.0002507,0.01456,0,-1,0.000137,20,21.1
22265,6,-5,-146.429,0.1059,4.986540669,0.001022,0.0002499,0.01449,0,-1,0.000137,20,21.2
22370,6,-5,-146.618,0.1059,4.987830565,0.001014,0.0002492,0.01443,0,-1,0.000136,20,21.3
22475,6,-5,-146.806,0.1058,4.989111987,0.001006,0.0002485,0.01437,0,-1,0.000135,20,21.4
22580,6,-5,-146.992,0.1058,4.990378164,0.0009988,0.0002477,0.01431,0,-1,0.000135,20,21.5
22685,6,-5,-147.177,0.1057,4.991635944,0.0009912,0.000247,0.01424,0,-1,0.000134,20,21.6
22790,6,-5,-147.36,0.1057,4.992878573,0.0009836,0.0002463,0.01418,0,-1,0.000134,20,21.7
22895,6,-5,-147.543,0.1056,4.994119659,0.000976,0.0002456,0.01412,0,-1,0.000133,20,21.8
23000,6,-5,-147.725,0.1056,4.995352437,0.0009685,0.0002449,0.01406,0,-1,0.000133,20,21.9
23105,6,-5,-147.906,0.1055,4.996576937,0.000961,0.0002442,0.014,0,-1,0.000132,20,22
23210,6,-5,-148.088,0.1055,4.997806692,0.0009535,0.0002435,0.01395,0,-1,0.000131,20,22.1
23315,6,-5,-148.27,0.1054,4.999034936,0.000946,0.0002428,0.01389,0,-1,0.000131,20,22.2
23420,6,-5,-148.452,0.1054,5.000261674,0.0009385,0.000242,0.01383,0,-1,0.00013,20,22.3
23525,6,-5,-148.634,0.1053,5.001486908,0.000931,0.0002413,0.01378,0,-1,0.00013,20,22.4
23630,6,-5,-148.817,0.1053,5.002717363,0.0009235,0.0002406,0.01372,0,-1,0.000129,20,22.5
23735,6,-5,-149,0.1052,5.003946306,0.0009159,0.0002399,0.01367,0,-1,0.000129,20,22.6
23840,6,-5,-149.183,0.1052,5.00517374,0.0009083,0.0002392,0.01361,0,-1,0.000128,20,22.7
23945,6,-5,-149.367,0.1051,5.006406365,0.0009007,0.0002385,0.01356,0,-1,0.000128,20,22.8
24050,6,-5,-149.552,0.1051,5.007644158,0.0008931,0.0002378,0.0135,0,-1,0.000127,20,22.9
24155,6,-5,-149.737,0.105,5.008880422,0.0008854,0.000237,0.01344,0,-1,0.000127,20,23
24260,6,-5,-149.921,0.105,5.010108489,0.0008778,0.0002363,0.01339,0,-1,0.000126,20,23.1
24365,6,-5,-150.104,0.1049,5.011328387,0.0008702,0.0002356,0.01333,0,-1,0.000126,20,23.2
24470,6,-5,-150.286,0.1049,5.012540145,0.0008627,0.0002349,0.01328,0,-1,0.000125,20,23.3
24575,6,-5,-150.468,0.1048,5.013750437,0.0008552,0.0002342,0.01323,0,-1,0.000125,20,23.4
24680,6,-5,-150.648,0.1047,5.01494599,0.0008477,0.0002335,0.01317,0,-1,0.000124,20,23.5
24785,6,-5,-150.828,0.1047,5.016140115,0.0008403,0.0002328,0.01312,0,-1,0.000124,20,23.6
24890,6,-5,-151.007,0.1046,5.017326193,0.0008329,0.0002321,0.01307,0,-1,0.000123,20,23.7
24995,6,-5,-151.185,0.1046,5.018504252,0.0008255,0.0002314,0.01302,0,-1,0.000123,20,23.8
25100,6,-5,-151.363,0.1045,5.019680925,0.0008182,0.0002307,0.01298,0,-1,0.000122,20,23.9
25205,6,-5,-151.54,0.1045,5.020849617,0.0008109,0.00023,0.01293,0,-1,0.000122,20,24
25310,6,-5,-151.716,0.1044,5.022010352,0.0008036,0.0002293,0.01288,0,-1,0.000121,20,24.1
25415,6,-5,-151.891,0.1044,5.023163158,0.0007963,0.0002286,0.01283,0,-1,0.000121,20,24.2
25520,6,-5,-152.092,0.1044,5.024485601,0.000791,0.000228,0.0128,0,-1,0.000121,20,24.3
25625,6,-5,-152.319,0.1043,5.025977006,0.0007882,0.0002276,0.01278,0,-1,0.00012,20,24.4
25730,6,-5,-152.532,0.1043,5.02737441,0.0007855,0.0002271,0.01276,0,-1,0.00012,20,24.5
25835,6,-5,-152.74,0.1042,5.028737129,0.0007829,0.0002267,0.01273,0,-1,0.00012,20,24.6
25940,6,-5,-152.944,0.1042,5.030071841,0.0007804,0.0002263,0.0127,0,-1,0.00012,20,24.7
26045,6,-5,-153.145,0.1042,5.031385185,0.0007779,0.0002259,0.01267,0,-1,0.000119,20,24.8
26150,6,-5,-153.345,0.1041,5.032690285,0.0007754,0.0002255,0.01264,0,-1,0.000119,20,24.9
26255,6,-5,-153.543,0.1041,5.033980658,0.0007729,0.0002251,0.01261,0,-1,0.000119,20,25
25,26,-25,-40.103,0.1883,3.691451144,0.1992,0.002461,-0.07555,0,-1,-0.000712,20,0
130,26,-25,-40.398,0.1876,3.698780279,0.195,0.002436,-0.07575,0,-1,-0.000714,20,0.1
235,26,-25,-40.696,0.187,3.706129808,0.1908,0.002411,-0.07595,0,-1,-0.000716,20,0.2
340,26,-25,-40.992,0.1863,3.713376926,0.1866,0.002386,-0.07587,0,-1,-0.000715,20,0.3
445,26,-25,-41.285,0.1857,3.720499238,0.1825,0.002361,-0.07561,0,-1,-0.000713,20,0.4
550,26,-25,-41.574,0.185,3.727474972,0.1784,0.002337,-0.07511,0,-1,-0.000708,20,0.5
655,26,-25,-41.86,0.1844,3.734330717,0.1743,0.002313,-0.0744,0,-1,-0.000701,20,0.6
760,26,-25,-42.143,0.1838,3.741068597,0.1703,0.002289,-0.07353,0,-1,-0.000693,20,0.7
865,26,-25,-42.425,0.1832,3.747737811,0.1664,0.002265,-0.07251,0,-1,-0.000683,20,0.8
970,26,-25,-42.705,0.1825,3.754316009,0.1624,0.002241,-0.07133,0,-1,-0.000672,20,0.9
1075,26,-25,-42.984,0.1819,3.760827953,0.1585,0.002218,-0.07003,0,-1,-0.00066,20,1
1180,26,-25,-43.262,0.1813,3.767274652,0.1545,0.002194,-0.06862,0,-1,-0.000647,20,1.1
1285,26,-25,-43.539,0.1807,3.773657088,0.1506,0.002171,-0.0671,0,-1,-0.000632,20,1.2
1390,26,-25,-43.815,0.1801,3.779976225,0.1467,0.002148,-0.06551,0,-1,-0.000617,20,1.3
1495,26,-25,-44.09,0.1795,3.786232999,0.1428,0.002125,-0.06379,0,-1,-0.000601,20,1.4
1600,26,-25,-44.365,0.1789,3.79245087,0.139,0.002101,-0.06204,0,-1,-0.000585,20,1.5
1705,26,-25,-44.64,0.1782,3.798630318,0.1351,0.002078,-0.06018,0,-1,-0.000567,20,1.6
1810,26,-25,-44.915,0.1776,3.804771815,0.1312,0.002055,-0.05826,0,-1,-0.000549,20,1.7
1915,26,-25,-45.19,0.177,3.810875823,0.1273,0.002032,-0.05631,0,-1,-0.000531,20,1.8
2020,26,-25,-45.467,0.1764,3.816986788,0.1234,0.002008,-0.0542,0,-1,-0.000511,20,1.9
2125,26,-25,-45.743,0.1758,3.823038775,0.1195,0.001985,-0.0522,0,-1,-0.000492,20,2
2230,26,-25,-46.021,0.1752,3.829097814,0.1155,0.001962,-0.04995,0,-1,-0.000471,20,2.1
2335,26,-25,-46.298,0.1746,3.835098764,0.1116,0.001938,-0.04796,0,-1,-0.000452,20,2.2
2440,26,-25,-46.578,0.174,3.841128327,0.1077,0.001915,-0.04563,0,-1,-0.00043,20,2.3
2545,26,-25,-46.854,0.1733,3.847036384,0.1038,0.001891,-0.04366,0,-1,-0.000412,20,2.4
2650,26,-25,-47.133,0.1727,3.852973393,0.09985,0.001868,-0.04138,0,-1,-0.00039,20,2.5
2755,26,-25,-47.406,0.1721,3.858748803,0.09597,0.001845,-0.03949,0,-1,-0.000372,20,2.6
2860,26,-25,-47.688,0.1716,3.864679794,0.09372,0.001828,-0.03785,0,-1,-0.000357,20,2.7
2965,26,-25,-47.965,0.1712,3.870471578,0.09243,0.001814,-0.03632,0,-1,-0.000342,20,2.8
3070,26,-25,-48.241,0.1708,3.876209282,0.09117,0.001801,-0.03519,0,-1,-0.000332,20,2.9
3175,26,-25,-48.518,0.1704,3.881934863,0.08989,0.001788,-0.03419,0,-1,-0.000322,20,3
3280,26,-25,-48.79,0.17,3.887525374,0.08864,0.001774,-0.03308,0,-1,-0.000312,20,3.1
3385,26,-25,-49.064,0.1696,3.893125568,0.08738,0.001761,-0.03217,0,-1,-0.000303,20,3.2
3490,26,-25,-49.333,0.1691,3.898593228,0.08614,0.001748,-0.03113,0,-1,-0.000293,20,3.3
3595,26,-25,-49.605,0.1687,3.904091635,0.0849,0.001735,-0.0303,0,-1,-0.000286,20,3.4
3700,26,-25,-49.871,0.1683,3.909439671,0.08366,0.001722,-0.02935,0,-1,-0.000277,20,3.5
3805,26,-25,-50.136,0.1679,3.914739313,0.08244,0.001709,-0.02851,0,-1,-0.000269,20,3.6
3910,26,-25,-50.4,0.1675,3.919991175,0.08123,0.001697,-0.02765,0,-1,-0.000261,20,3.7
4015,26,-25,-50.661,0.1671,3.925156384,0.08002,0.001684,-0.02686,0,-1,-0.000253,20,3.8
4120,26,-25,-50.918,0.1668,3.930216496,0.07883,0.001672,-0.02606,0,-1,-0.000246,20,3.9
4225,26,-25,-51.176,0.1664,3.935270672,0.07766,0.001659,-0.0253,0,-1,-0.000238,20,4
4330,26,-25,-51.43,0.166,3.94022166,0.07648,0.001647,-0.02458,0,-1,-0.000232,20,4.1
4435,26,-25,-51.681,0.1656,3.945090209,0.07532,0.001635,-0.02387,0,-1,-0.000225,20,4.2
4540,26,-25,-51.932,0.1652,3.94993517,0.07418,0.001623,-0.02317,0,-1,-0.000218,20,4.3
4645,26,-25,-52.179,0.1649,3.954680115,0.07304,0.001611,-0.0225,0,-1,-0.000212,20,4.4
4750,26,-25,-52.425,0.1645,3.959383577,0.07191,0.001599,-0.02184,0,-1,-0.000206,20,4.5
4855,26,-25,-52.667,0.1641,3.963989073,0.07079,0.001587,-0.02122,0,-1,-0.0002,20,4.6
4960,26,-25,-52.909,0.1638,3.968573457,0.06968,0.001576,-0.0206,0,-1,-0.000194,20,4.7
5065,26,-25,-53.148,0.1634,3.973080475,0.06857,0.001564,-0.02,0,-1,-0.000189,20,4.8
5170,26,-25,-53.386,0.163,3.977548539,0.06749,0.001553,-0.01941,0,-1,-0.000183,20,4.9
5275,26,-25,-53.619,0.1627,3.981903483,0.0664,0.001542,-0.01885,0,-1,-0.000178,20,5
5380,26,-25,-53.853,0.1623,3.986258112,0.06533,0.00153,-0.01829,0,-1,-0.000172,20,5.1
5485,26,-25,-54.083,0.162,3.990519904,0.06427,0.001519,-0.01774,0,-1,-0.000167,20,5.2
5590,26,-25,-54.314,0.1616,3.994782021,0.06321,0.001508,-0.0172,0,-1,-0.000162,20,5.3
5695,26,-25,-54.54,0.1613,3.998934377,0.06216,0.001497,-0.01669,0,-1,-0.000157,20,5.4
5800,26,-25,-54.766,0.161,4.003069563,0.06113,0.001486,-0.01618,0,-1,-0.000153,20,5.5
5905,26,-25,-54.989,0.1606,4.007133165,0.0601,0.001476,-0.01568,0,-1,-0.000148,20,5.6
6010,26,-25,-55.212,0.1603,4.011180321,0.05908,0.001465,-0.01518,0,-1,-0.000143,20,5.7
6115,26,-25,-55.431,0.16,4.015139004,0.05806,0.001454,-0.01472,0,-1,-0.000139,20,5.8
6220,26,-25,-55.65,0.1596,4.019082078,0.05706,0.001444,-0.01426,0,-1,-0.000134,20,5.9
6325,26,-25,-55.866,0.1593,4.022955966,0.05606,0.001433,-0.01379,0,-1,-0.00013,20,6
6430,26,-25,-56.08,0.159,4.026779243,0.05507,0.001423,-0.01334,0,-1,-0.000126,20,6.1
6535,26,-25,-56.295,0.1587,4.030605721,0.05409,0.001413,-0.01291,0,-1,-0.000122,20,6.2
6640,26,-25,-56.505,0.1583,4.03432913,0.05311,0.001402,-0.0125,0,-1,-0.000118,20,6.3
6745,26,-25,-56.715,0.158,4.038038726,0.05214,0.001392,-0.01205,0,-1,-0.000114,20,6.4
6850,26,-25,-56.924,0.1577,4.041717045,0.05118,0.001382,-0.01164,0,-1,-0.00011,20,6.5
6955,26,-25,-57.13,0.1574,4.045329373,0.05023,0.001372,-0.01125,0,-1,-0.000106,20,6.6
7060,26,-25,-57.334,0.1571,4.048893816,0.04929,0.001362,-0.01089,0,-1,-0.000103,20,6.7
7165,26,-25,-57.539,0.1568,4.052462979,0.04835,0.001353,-0.01045,0,-1,-9.85E-05,20,6.8
7270,26,-25,-57.742,0.1565,4.055984812,0.04742,0.001343,-0.01005,0,-1,-9.47E-05,20,6.9
7375,26,-25,-57.943,0.1562,4.059459769,0.04649,0.001333,-0.009688,0,-1,-9.13E-05,20,7
7480,26,-25,-58.141,0.1559,4.062871095,0.04558,0.001324,-0.009362,0,-1,-8.82E-05,20,7.1
7585,26,-25,-58.34,0.1556,4.066287964,0.04466,0.001314,-0.008972,0,-1,-8.46E-05,20,7.2
7690,26,-25,-58.539,0.1553,4.069693199,0.04375,0.001304,-0.008554,0,-1,-8.06E-05,20,7.3
7795,26,-25,-58.735,0.155,4.073035801,0.04284,0.001295,-0.008221,0,-1,-7.75E-05,20,7.4
7900,26,-25,-58.928,0.1547,4.07631636,0.04195,0.001286,-0.007927,0,-1,-7.47E-05,20,7.5
8005,26,-25,-59.119,0.1544,4.079552362,0.04107,0.001276,-0.007645,0,-1,-7.21E-05,20,7.6
8110,26,-25,-59.318,0.1541,4.082912801,0.04017,0.001267,-0.007106,0,-1,-6.70E-05,20,7.7
8215,26,-25,-59.51,0.1538,4.086144366,0.03927,0.001258,-0.006815,0,-1,-6.42E-05,20,7.8
8320,26,-25,-59.698,0.1535,4.089298519,0.03841,0.001248,-0.006565,0,-1,-6.19E-05,20,7.9
8425,26,-25,-59.883,0.1532,4.092392658,0.03756,0.00124,-0.006346,0,-1,-5.98E-05,20,8
8530,26,-25,-60.079,0.153,4.095660363,0.03707,0.001233,-0.006127,0,-1,-5.77E-05,20,8.1
8635,26,-25,-60.271,0.1528,4.098851059,0.03679,0.001228,-0.00592,0,-1,-5.58E-05,20,8.2
8740,26,-25,-60.456,0.1526,4.101915828,0.03652,0.001223,-0.005733,0,-1,-5.40E-05,20,8.3
8845,26,-25,-60.637,0.1525,4.104905268,0.03625,0.001218,-0.005553,0,-1,-5.23E-05,20,8.4
8950,26,-25,-60.817,0.1523,4.107869355,0.03599,0.001213,-0.005434,0,-1,-5.12E-05,20,8.5
9055,26,-25,-61.004,0.1521,4.110939436,0.03572,0.001208,-0.005472,0,-1,-5.16E-05,20,8.6
9160,26,-25,-61.185,0.1519,4.113902061,0.03546,0.001204,-0.005347,0,-1,-5.04E-05,20,8.7
9265,26,-25,-61.362,0.1517,4.116790751,0.0352,0.001199,-0.005212,0,-1,-4.91E-05,20,8.8
9370,26,-25,-61.537,0.1515,4.11963862,0.03495,0.001194,-0.005064,0,-1,-4.77E-05,20,8.9
9475,26,-25,-61.714,0.1514,4.12251081,0.03469,0.00119,-0.005031,0,-1,-4.74E-05,20,9
9580,26,-25,-61.89,0.1512,4.125358616,0.03443,0.001185,-0.004961,0,-1,-4.68E-05,20,9.1
9685,26,-25,-62.064,0.151,4.128166111,0.03418,0.00118,-0.004862,0,-1,-4.58E-05,20,9.2
9790,26,-25,-62.235,0.1508,4.130917542,0.03393,0.001176,-0.004745,0,-1,-4.47E-05,20,9.3
9895,26,-25,-62.404,0.1507,4.133629376,0.03368,0.001171,-0.004648,0,-1,-4.38E-05,20,9.4
10000,26,-25,-62.575,0.1505,4.136365837,0.03344,0.001167,-0.004591,0,-1,-4.33E-05,20,9.5
10105,26,-25,-62.744,0.1503,4.139062956,0.03319,0.001162,-0.00451,0,-1,-4.25E-05,20,9.6
10210,26,-25,-62.911,0.1502,4.141721029,0.03295,0.001158,-0.004418,0,-1,-4.16E-05,20,9.7
10315,26,-25,-63.076,0.15,4.144340349,0.03271,0.001153,-0.004314,0,-1,-4.07E-05,20,9.8
10420,26,-25,-63.241,0.1498,4.146952825,0.03247,0.001149,-0.004249,0,-1,-4.00E-05,20,9.9
10525,26,-25,-63.405,0.1497,4.149542723,0.03223,0.001145,-0.004179,0,-1,-3.94E-05,20,10
10630,26,-25,-63.568,0.1495,4.152110199,0.03199,0.00114,-0.004102,0,-1,-3.87E-05,20,10.1
10735,26,-25,-63.729,0.1493,4.154639718,0.03176,0.001136,-0.004016,0,-1,-3.79E-05,20,10.2
10840,26,-25,-63.889,0.1492,4.157147203,0.03153,0.001132,-0.003935,0,-1,-3.71E-05,20,10.3
10945,26,-25,-64.049,0.149,4.159648415,0.03129,0.001128,-0.003864,0,-1,-3.64E-05,20,10.4
11050,26,-25,-64.207,0.1489,4.162112239,0.03106,0.001124,-0.003792,0,-1,-3.57E-05,20,10.5
11155,26,-25,-64.365,0.1487,4.164570007,0.03083,0.001119,-0.003716,0,-1,-3.50E-05,20,10.6
11260,26,-25,-64.521,0.1485,4.166990752,0.03061,0.001115,-0.003636,0,-1,-3.43E-05,20,10.7
11365,26,-25,-64.676,0.1484,4.16939019,0.03038,0.001111,-0.003567,0,-1,-3.36E-05,20,10.8
11470,26,-25,-64.831,0.1482,4.171783884,0.03016,0.001107,-0.0035,0,-1,-3.30E-05,20,10.9
11575,26,-25,-64.984,0.1481,4.174141086,0.02993,0.001103,-0.003432,0,-1,-3.23E-05,20,11
11680,26,-25,-65.137,0.1479,4.176492744,0.02971,0.001099,-0.00336,0,-1,-3.17E-05,20,11.1
11785,26,-25,-65.288,0.1478,4.178808252,0.02949,0.001095,-0.003288,0,-1,-3.10E-05,20,11.2
11890,26,-25,-65.439,0.1476,4.181118411,0.02927,0.001091,-0.003219,0,-1,-3.03E-05,20,11.3
11995,26,-25,-65.589,0.1475,4.183407999,0.02905,0.001087,-0.003152,0,-1,-2.97E-05,20,11.4
12100,26,-25,-65.738,0.1473,4.185677145,0.02884,0.001083,-0.003084,0,-1,-2.91E-05,20,11.5
12205,26,-25,-65.887,0.1472,4.187941153,0.02862,0.001079,-0.003015,0,-1,-2.84E-05,20,11.6
12310,26,-25,-66.034,0.147,4.190169761,0.02841,0.001075,-0.00295,0,-1,-2.78E-05,20,11.7
12415,26,-25,-66.181,0.1469,4.192393413,0.02819,0.001071,-0.002888,0,-1,-2.72E-05,20,11.8
12520,26,-25,-66.326,0.1467,4.194581977,0.02798,0.001067,-0.002825,0,-1,-2.66E-05,20,11.9
12625,26,-25,-66.471,0.1466,4.196765762,0.02777,0.001063,-0.002761,0,-1,-2.60E-05,20,12
12730,26,-25,-66.616,0.1464,4.198944789,0.02756,0.00106,-0.002696,0,-1,-2.54E-05,20,12.1
12835,26,-25,-66.759,0.1463,4.20108912,0.02735,0.001056,-0.002631,0,-1,-2.48E-05,20,12.2
12940,26,-25,-66.902,0.1461,4.203228862,0.02714,0.001052,-0.002566,0,-1,-2.42E-05,20,12.3
13045,26,-25,-67.045,0.146,4.205364036,0.02694,0.001048,-0.002503,0,-1,-2.36E-05,20,12.4
13150,26,-25,-67.186,0.1459,4.207464892,0.02673,0.001045,-0.002441,0,-1,-2.30E-05,20,12.5
13255,26,-25,-67.327,0.1457,4.209561345,0.02653,0.001041,-0.00238,0,-1,-2.24E-05,20,12.6
13360,26,-25,-67.467,0.1456,4.211638589,0.02632,0.001037,-0.002322,0,-1,-2.19E-05,20,12.7
13465,26,-25,-67.606,0.1454,4.213696737,0.02612,0.001033,-0.002263,0,-1,-2.13E-05,20,12.8
13570,26,-25,-67.745,0.1453,4.215750656,0.02592,0.00103,-0.002203,0,-1,-2.08E-05,20,12.9
13675,26,-25,-67.883,0.1452,4.217785635,0.02572,0.001026,-0.002141,0,-1,-2.02E-05,20,13
13780,26,-25,-68.02,0.145,4.21980178,0.02552,0.001022,-0.002079,0,-1,-1.96E-05,20,13.1
13885,26,-25,-68.157,0.1449,4.221813867,0.02532,0.001019,-0.002017,0,-1,-1.90E-05,20,13.2
13990,26,-25,-68.294,0.1447,4.223821915,0.02512,0.001015,-0.001958,0,-1,-1.85E-05,20,13.3
14095,26,-25,-68.429,0.1446,4.225796711,0.02492,0.001012,-0.0019,0,-1,-1.79E-05,20,13.4
14200,26,-25,-68.564,0.1445,4.227767616,0.02473,0.001008,-0.001844,0,-1,-1.74E-05,20,13.5
14305,26,-25,-68.698,0.1443,4.229720087,0.02453,0.001004,-0.00179,0,-1,-1.69E-05,20,13.6
14410,26,-25,-68.832,0.1442,4.231668753,0.02434,0.001001,-0.001737,0,-1,-1.64E-05,20,13.7
14515,26,-25,-68.965,0.1441,4.23359913,0.02414,0.0009973,-0.00168,0,-1,-1.58E-05,20,13.8
14620,26,-25,-69.098,0.1439,4.235525787,0.02395,0.0009938,-0.001622,0,-1,-1.53E-05,20,13.9
14725,26,-25,-69.23,0.1438,4.237434295,0.02376,0.0009903,-0.001563,0,-1,-1.47E-05,20,14
14830,26,-25,-69.362,0.1437,4.239339167,0.02357,0.0009868,-0.001505,0,-1,-1.42E-05,20,14.1
14935,26,-25,-69.493,0.1435,4.241226028,0.02338,0.0009834,-0.001449,0,-1,-1.37E-05,20,14.2
15040,26,-25,-69.623,0.1434,4.243094973,0.02319,0.0009799,-0.001395,0,-1,-1.31E-05,20,14.3
15145,26,-25,-69.753,0.1433,4.244960431,0.023,0.0009764,-0.001343,0,-1,-1.27E-05,20,14.4
15250,26,-25,-69.882,0.1431,4.246808105,0.02281,0.000973,-0.001294,0,-1,-1.22E-05,20,14.5
15355,26,-25,-70.011,0.143,4.248652373,0.02262,0.0009696,-0.001247,0,-1,-1.18E-05,20,14.6
15460,26,-25,-70.139,0.1429,4.250478987,0.02244,0.0009662,-0.001192,0,-1,-1.12E-05,20,14.7
15565,26,-25,-70.267,0.1428,4.252302272,0.02225,0.0009628,-0.001135,0,-1,-1.07E-05,20,14.8
15670,26,-25,-70.395,0.1426,4.254122238,0.02206,0.0009594,-0.001077,0,-1,-1.02E-05,20,14.9
15775,26,-25,-70.522,0.1425,4.255924718,0.02188,0.0009561,-0.001021,0,-1,-9.62E-06,20,15
15880,26,-25,-70.649,0.1424,4.257723955,0.02169,0.0009527,-0.0009669,0,-1,-9.11E-06,20,15.1
15985,26,-25,-70.775,0.1422,4.259505831,0.02151,0.0009494,-0.0009163,0,-1,-8.64E-06,20,15.2
16090,26,-25,-70.901,0.1421,4.261284538,0.02133,0.000946,-0.0008687,0,-1,-8.19E-06,20,15.3
16195,26,-25,-71.025,0.142,4.263031928,0.02115,0.0009427,-0.0008237,0,-1,-7.76E-06,20,15.4
16300,26,-25,-71.149,0.1419,4.26477627,0.02097,0.0009394,-0.0007813,0,-1,-7.36E-06,20,15.5
16405,26,-25,-71.273,0.1417,4.266517574,0.02079,0.0009361,-0.0007318,0,-1,-6.90E-06,20,15.6
16510,26,-25,-71.397,0.1416,4.268255852,0.02061,0.0009329,-0.0006746,0,-1,-6.36E-06,20,15.7
16615,26,-25,-71.521,0.1415,4.269991113,0.02043,0.0009296,-0.0006175,0,-1,-5.82E-06,20,15.8
16720,26,-25,-71.644,0.1414,4.27170941,0.02025,0.0009263,-0.0005622,0,-1,-5.30E-06,20,15.9
16825,26,-25,-71.767,0.1412,4.27342476,0.02007,0.000923,-0.0005112,0,-1,-4.82E-06,20,16
16930,26,-25,-71.89,0.1411,4.275137173,0.01989,0.0009198,-0.0004638,0,-1,-4.37E-06,20,16.1
17035,26,-25,-72.011,0.141,4.276818885,0.01971,0.0009166,-0.00042,0,-1,-3.96E-06,20,16.2
17140,26,-25,-72.132,0.1409,4.278497774,0.01954,0.0009134,-0.0003792,0,-1,-3.57E-06,20,16.3
17245,26,-25,-72.252,0.1408,4.280160008,0.01936,0.0009102,-0.0003406,0,-1,-3.21E-06,20,16.4
17350,26,-25,-72.372,0.1406,4.281819484,0.01919,0.000907,-0.0003013,0,-1,-2.84E-06,20,16.5
17455,26,-25,-72.493,0.1405,4.283490005,0.01901,0.0009038,-0.0002347,0,-1,-2.21E-06,20,16.6
17560,26,-25,-72.613,0.1404,4.285143969,0.01884,0.0009006,-0.0001753,0,-1,-1.65E-06,20,16.7
17665,26,-25,-72.734,0.1403,4.286808951,0.01866,0.0008974,-0.0001179,0,-1,-1.11E-06,20,16.8
17770,26,-25,-72.854,0.1401,4.288457438,0.01849,0.0008942,-6.88E-05,0,-1,-6.48E-07,20,16.9
17875,26,-25,-72.973,0.14,4.29008951,0.01831,0.0008911,-2.43E-05,0,-1,-2.29E-07,20,17
17980,26,-25,-73.092,0.1399,4.291718922,0.01814,0.0008879,1.54E-05,0,-1,1.45E-07,20,17.1
18085,26,-25,-73.209,0.1398,4.293318364,0.01797,0.0008848,5.21E-05,0,-1,4.91E-07,20,17.2
18190,26,-25,-73.326,0.1397,4.294915253,0.0178,0.0008817,8.58E-05,0,-1,8.09E-07,20,17.3
18295,26,-25,-73.442,0.1396,4.296495979,0.01763,0.0008786,0.0001176,0,-1,1.11E-06,20,17.4
18400,26,-25,-73.56,0.1394,4.2981014,0.01746,0.0008755,0.0001878,0,-1,1.77E-06,20,17.5
18505,26,-25,-73.679,0.1393,4.29971782,0.01729,0.0008724,0.0002581,0,-1,2.43E-06,20,17.6
18610,26,-25,-73.797,0.1392,4.30131808,0.01712,0.0008692,0.0003149,0,-1,2.97E-06,20,17.7
18715,26,-25,-73.915,0.1391,4.302915784,0.01695,0.0008661,0.0003614,0,-1,3.41E-06,20,17.8
18820,26,-25,-74.031,0.139,4.304483924,0.01678,0.000863,0.0004002,0,-1,3.77E-06,20,17.9
18925,26,-25,-74.147,0.1388,4.306049609,0.01661,0.00086,0.0004344,0,-1,4.09E-06,20,18
19030,26,-25,-74.261,0.1387,4.307585915,0.01644,0.0008569,0.0004653,0,-1,4.39E-06,20,18.1
19135,26,-25,-74.375,0.1386,4.309119864,0.01628,0.0008539,0.000494,0,-1,4.66E-06,20,18.2
19240,26,-25,-74.488,0.1385,4.310638039,0.01611,0.0008509,0.000521,0,-1,4.91E-06,20,18.3
19345,26,-25,-74.602,0.1384,4.312167317,0.01595,0.0008479,0.0005735,0,-1,5.41E-06,20,18.4
19450,26,-25,-74.721,0.1383,4.313761177,0.01577,0.0008447,0.0006926,0,-1,6.53E-06,20,18.5
19555,26,-25,-74.838,0.1381,4.315325777,0.0156,0.0008416,0.0007464,0,-1,7.04E-06,20,18.6
19660,26,-25,-74.954,0.138,4.316874592,0.01543,0.0008385,0.0007869,0,-1,7.42E-06,20,18.7
19765,26,-25,-75.069,0.1379,4.318407691,0.01527,0.0008355,0.0008179,0,-1,7.71E-06,20,18.8
19870,26,-25,-75.181,0.1378,4.319898539,0.0151,0.0008325,0.0008447,0,-1,7.96E-06,20,18.9
19975,26,-25,-75.294,0.1377,4.32140045,0.01494,0.0008295,0.0008691,0,-1,8.19E-06,20,19
20080,26,-25,-75.405,0.1376,4.322873586,0.01478,0.0008266,0.0008918,0,-1,8.41E-06,20,19.1
20185,26,-25,-75.515,0.1375,4.324331312,0.01462,0.0008237,0.000913,0,-1,8.61E-06,20,19.2
20290,26,-25,-75.624,0.1374,4.325773693,0.01446,0.0008208,0.0009332,0,-1,8.80E-06,20,19.3
20395,26,-25,-75.747,0.1373,4.32739884,0.01438,0.0008188,0.0009633,0,-1,9.08E-06,20,19.4
20500,26,-25,-75.864,0.1372,4.328942264,0.01433,0.0008171,0.000991,0,-1,9.34E-06,20,19.5
20605,26,-25,-75.978,0.1371,4.330443825,0.01428,0.0008155,0.001012,0,-1,9.54E-06,20,19.6
20710,26,-25,-76.09,0.137,4.33191685,0.01423,0.0008139,0.001032,0,-1,9.73E-06,20,19.7
20815,26,-25,-76.201,0.137,4.333374586,0.01418,0.0008123,0.00105,0,-1,9.90E-06,20,19.8
20920,26,-25,-76.31,0.1369,4.334803991,0.01413,0.0008108,0.001068,0,-1,1.01E-05,20,19.9
21025,26,-25,-76.418,0.1368,4.336218271,0.01408,0.0008092,0.001085,0,-1,1.02E-05,20,20
21130,26,-25,-76.525,0.1368,4.337617485,0.01403,0.0008077,0.001102,0,-1,1.04E-05,20,20.1
21235,26,-25,-76.632,0.1367,4.339014744,0.01398,0.0008062,0.001119,0,-1,1.05E-05,20,20.2
21340,26,-25,-76.741,0.1366,4.340436116,0.01393,0.0008046,0.001105,0,-1,1.04E-05,20,20.3
21445,26,-25,-76.854,0.1365,4.341907518,0.01388,0.000803,0.001059,0,-1,9.98E-06,20,20.4
21550,26,-25,-76.964,0.1365,4.34333778,0.01383,0.0008015,0.001057,0,-1,9.96E-06,20,20.5
21655,26,-25,-77.073,0.1364,4.344753025,0.01379,0.0007999,0.001065,0,-1,1.00E-05,20,20.6
21760,26,-25,-77.181,0.1363,4.346153313,0.01374,0.0007984,0.001077,0,-1,1.01E-05,20,20.7
21865,26,-25,-77.287,0.1362,4.347525766,0.01369,0.0007969,0.00109,0,-1,1.03E-05,20,20.8
21970,26,-25,-77.393,0.1362,4.348896337,0.01364,0.0007954,0.001103,0,-1,1.04E-05,20,20.9
22075,26,-25,-77.497,0.1361,4.350239226,0.01359,0.0007939,0.001117,0,-1,1.05E-05,20,21
22180,26,-25,-77.601,0.136,4.351580314,0.01355,0.0007924,0.001131,0,-1,1.07E-05,20,21.1
22285,26,-25,-77.704,0.136,4.352906736,0.0135,0.0007909,0.001144,0,-1,1.08E-05,20,21.2
22390,26,-25,-77.81,0.1359,4.354269958,0.01345,0.0007895,0.001119,0,-1,1.05E-05,20,21.3
22495,26,-25,-77.916,0.1358,4.355631323,0.01341,0.0007879,0.001109,0,-1,1.05E-05,20,21.4
22600,26,-25,-78.021,0.1358,4.356978021,0.01336,0.0007864,0.001106,0,-1,1.04E-05,20,21.5
22705,26,-25,-78.126,0.1357,4.358322908,0.01331,0.0007849,0.00111,0,-1,1.05E-05,20,21.6
22810,26,-25,-78.229,0.1356,4.359640423,0.01327,0.0007835,0.001117,0,-1,1.05E-05,20,21.7
22915,26,-25,-78.332,0.1355,4.360956204,0.01322,0.000782,0.001125,0,-1,1.06E-05,20,21.8
23020,26,-25,-78.433,0.1355,4.362244757,0.01317,0.0007806,0.001135,0,-1,1.07E-05,20,21.9
23125,26,-25,-78.534,0.1354,4.363531652,0.01313,0.0007791,0.001146,0,-1,1.08E-05,20,22
23230,26,-25,-78.634,0.1353,4.364804176,0.01308,0.0007777,0.001157,0,-1,1.09E-05,20,22.1
23335,26,-25,-78.735,0.1353,4.366087783,0.01304,0.0007763,0.001158,0,-1,1.09E-05,20,22.2
23440,26,-25,-78.836,0.1352,4.367369745,0.01299,0.0007749,0.001151,0,-1,1.09E-05,20,22.3
23545,26,-25,-78.938,0.1351,4.368662734,0.01295,0.0007734,0.001148,0,-1,1.08E-05,20,22.4
23650,26,-25,-79.039,0.1351,4.369941402,0.0129,0.000772,0.001147,0,-1,1.08E-05,20,22.5
23755,26,-25,-79.139,0.135,4.3712058,0.01286,0.0007705,0.00115,0,-1,1.08E-05,20,22.6
23860,26,-25,-79.239,0.1349,4.372468602,0.01281,0.0007691,0.001156,0,-1,1.09E-05,20,22.7
23965,26,-25,-79.338,0.1349,4.373717207,0.01277,0.0007677,0.001163,0,-1,1.10E-05,20,22.8
24070,26,-25,-79.436,0.1348,4.374951666,0.01272,0.0007663,0.00117,0,-1,1.10E-05,20,22.9
24175,26,-25,-79.534,0.1348,4.376184603,0.01268,0.0007649,0.001179,0,-1,1.11E-05,20,23
24280,26,-25,-79.631,0.1347,4.377403464,0.01264,0.0007636,0.001187,0,-1,1.12E-05,20,23.1
24385,26,-25,-79.728,0.1346,4.378620842,0.01259,0.0007622,0.001186,0,-1,1.12E-05,20,23.2
24490,26,-25,-79.826,0.1346,4.379849266,0.01255,0.0007608,0.001184,0,-1,1.12E-05,20,23.3
24595,26,-25,-79.923,0.1345,4.381063671,0.0125,0.0007594,0.001182,0,-1,1.11E-05,20,23.4
24700,26,-25,-80.02,0.1344,4.382276603,0.01246,0.000758,0.001183,0,-1,1.11E-05,20,23.5
24805,26,-25,-80.117,0.1344,4.383488066,0.01242,0.0007566,0.001185,0,-1,1.12E-05,20,23.6
24910,26,-25,-80.213,0.1343,4.384685596,0.01237,0.0007553,0.001188,0,-1,1.12E-05,20,23.7
25015,26,-25,-80.309,0.1342,4.385881694,0.01233,0.0007539,0.001193,0,-1,1.12E-05,20,23.8
25120,26,-25,-80.404,0.1342,4.387063926,0.01229,0.0007526,0.001199,0,-1,1.13E-05,20,23.9
25225,26,-25,-80.498,0.1341,4.388232339,0.01225,0.0007512,0.001205,0,-1,1.14E-05,20,24
25330,26,-25,-80.592,0.134,4.389399389,0.0122,0.0007499,0.00121,0,-1,1.14E-05,20,24.1
25435,26,-25,-80.686,0.134,4.390565078,0.01216,0.0007486,0.001212,0,-1,1.14E-05,20,24.2
25540,26,-25,-80.781,0.1339,4.391741789,0.01212,0.0007472,0.001213,0,-1,1.14E-05,20,24.3
25645,26,-25,-80.875,0.1339,4.392904753,0.01208,0.0007459,0.001214,0,-1,1.14E-05,20,24.4
25750,26,-25,-80.968,0.1338,4.394054015,0.01203,0.0007445,0.001216,0,-1,1.15E-05,20,24.5
25855,26,-25,-81.062,0.1337,4.395214294,0.01199,0.0007432,0.001219,0,-1,1.15E-05,20,24.6
25960,26,-25,-81.155,0.1337,4.396360906,0.01195,0.0007419,0.001223,0,-1,1.15E-05,20,24.7
26065,26,-25,-81.248,0.1336,4.397506206,0.01191,0.0007406,0.001227,0,-1,1.16E-05,20,24.8
26170,26,-25,-81.34,0.1336,4.3986379,0.01187,0.0007393,0.001232,0,-1,1.16E-05,20,24.9
26275,26,-25,-81.432,0.1335,4.399768316,0.01183,0.000738,0.001238,0,-1,1.17E-05,20,25
45,46,-45,-30.106,0.2177,3.404724487,0.5464,0.003721,-0.327,0,-1,-0.00308,20,0
150,46,-45,-30.634,0.216,3.422110503,0.5245,0.003648,-0.3246,0,-1,-0.00306,20,0.1
255,46,-45,-31.136,0.2144,3.438364706,0.5037,0.003577,-0.3153,0,-1,-0.00297,20,0.2
360,46,-45,-31.614,0.2129,3.45360006,0.4838,0.00351,-0.3051,0,-1,-0.00288,20,0.3
465,46,-45,-32.076,0.2114,3.468108087,0.4647,0.003446,-0.2951,0,-1,-0.00278,20,0.4
570,46,-45,-32.514,0.21,3.481670766,0.4465,0.003385,-0.2851,0,-1,-0.00269,20,0.5
675,46,-45,-32.939,0.2087,3.494657366,0.4289,0.003325,-0.2754,0,-1,-0.0026,20,0.6
780,46,-45,-33.348,0.2074,3.506997801,0.4119,0.003268,-0.266,0,-1,-0.00251,20,0.7
885,46,-45,-33.744,0.2061,3.518802624,0.3955,0.003213,-0.2569,0,-1,-0.00242,20,0.8
990,46,-45,-34.128,0.2049,3.530118162,0.3796,0.003159,-0.248,0,-1,-0.00234,20,0.9
1095,46,-45,-34.499,0.2037,3.540930338,0.3643,0.003108,-0.2394,0,-1,-0.00226,20,1
1200,46,-45,-34.859,0.2026,3.551311354,0.3495,0.003058,-0.2312,0,-1,-0.00218,20,1.1
1305,46,-45,-35.206,0.2015,3.561216523,0.3351,0.003009,-0.2232,0,-1,-0.0021,20,1.2
1410,46,-45,-35.541,0.2004,3.57068696,0.3212,0.002963,-0.2155,0,-1,-0.00203,20,1.3
1515,46,-45,-35.865,0.1994,3.57976189,0.3078,0.002917,-0.208,0,-1,-0.00196,20,1.4
1620,46,-45,-36.178,0.1984,3.588451199,0.2948,0.002874,-0.2009,0,-1,-0.00189,20,1.5
1725,46,-45,-36.479,0.1974,3.596736753,0.2823,0.002831,-0.1941,0,-1,-0.00183,20,1.6
1830,46,-45,-36.773,0.1965,3.60476388,0.2701,0.00279,-0.1874,0,-1,-0.00177,20,1.7
1935,46,-45,-37.056,0.1956,3.612430282,0.2584,0.002751,-0.1812,0,-1,-0.00171,20,1.8
2040,46,-45,-37.326,0.1948,3.619690135,0.2472,0.002713,-0.1753,0,-1,-0.00165,20,1.9
2145,46,-45,-37.585,0.1939,3.626605035,0.2365,0.002677,-0.1698,0,-1,-0.0016,20,2
2250,46,-45,-37.836,0.1933,3.63326103,0.2312,0.002652,-0.1657,0,-1,-0.00156,20,2.1
2355,46,-45,-38.079,0.1928,3.639662949,0.2278,0.002632,-0.1628,0,-1,-0.00153,20,2.2
2460,46,-45,-38.318,0.1923,3.64591976,0.2244,0.002612,-0.1597,0,-1,-0.00151,20,2.3
2565,46,-45,-38.556,0.1917,3.65211173,0.221,0.002592,-0.1568,0,-1,-0.00148,20,2.4
2670,46,-45,-38.789,0.1912,3.658136701,0.2177,0.002572,-0.1538,0,-1,-0.00145,20,2.5
2775,46,-45,-39.022,0.1907,3.66412559,0.2144,0.002552,-0.151,0,-1,-0.00142,20,2.6
2880,46,-45,-39.252,0.1902,3.670002398,0.2112,0.002533,-0.1482,0,-1,-0.0014,20,2.7
2985,46,-45,-39.481,0.1897,3.675819544,0.2079,0.002513,-0.1455,0,-1,-0.00137,20,2.8
3090,46,-45,-39.708,0.1892,3.681552679,0.2047,0.002494,-0.1428,0,-1,-0.00135,20,2.9
3195,46,-45,-39.934,0.1887,3.687228091,0.2015,0.002475,-0.1402,0,-1,-0.00132,20,3
3300,46,-45,-40.158,0.1882,3.692821673,0.1984,0.002456,-0.1375,0,-1,-0.0013,20,3.1
3405,46,-45,-40.381,0.1877,3.698359377,0.1952,0.002438,-0.1349,0,-1,-0.00127,20,3.2
3510,46,-45,-40.602,0.1872,3.703817326,0.1921,0.002419,-0.1324,0,-1,-0.00125,20,3.3
3615,46,-45,-40.823,0.1867,3.709245648,0.189,0.0024,-0.1299,0,-1,-0.00122,20,3.4
3720,46,-45,-41.041,0.1862,3.714571567,0.1859,0.002382,-0.1274,0,-1,-0.0012,20,3.5
3825,46,-45,-41.258,0.1857,3.719845033,0.1828,0.002364,-0.1249,0,-1,-0.00118,20,3.6
3930,46,-45,-41.475,0.1853,3.725090836,0.1798,0.002345,-0.1225,0,-1,-0.00115,20,3.7
4035,46,-45,-41.689,0.1848,3.730237305,0.1768,0.002327,-0.1201,0,-1,-0.00113,20,3.8
4140,46,-45,-41.901,0.1843,3.735309693,0.1737,0.002309,-0.1178,0,-1,-0.00111,20,3.9
4245,46,-45,-42.114,0.1838,3.740380227,0.1708,0.002291,-0.1154,0,-1,-0.00109,20,4
4350,46,-45,-42.324,0.1834,3.745354301,0.1678,0.002274,-0.1131,0,-1,-0.00107,20,4.1
4455,46,-45,-42.532,0.1829,3.750256734,0.1648,0.002256,-0.1109,0,-1,-0.00105,20,4.2
4560,46,-45,-42.741,0.1825,3.755158647,0.1619,0.002239,-0.1087,0,-1,-0.00102,20,4.3
4665,46,-45,-42.947,0.182,3.759966797,0.159,0.002221,-0.1065,0,-1,-0.001,20,4.4
4770,46,-45,-43.152,0.1815,3.764728766,0.1561,0.002204,-0.1043,0,-1,-0.000983,20,4.5
4875,46,-45,-43.355,0.1811,3.769422037,0.1532,0.002187,-0.1022,0,-1,-0.000963,20,4.6
4980,46,-45,-43.557,0.1806,3.774070425,0.1504,0.00217,-0.1001,0,-1,-0.000944,20,4.7
5085,46,-45,-43.756,0.1802,3.778628746,0.1476,0.002153,-0.09809,0,-1,-0.000924,20,4.8
5190,46,-45,-43.956,0.1798,3.783189134,0.1448,0.002136,-0.09608,0,-1,-0.000906,20,4.9
5295,46,-45,-44.152,0.1793,3.787638226,0.142,0.002119,-0.0941,0,-1,-0.000887,20,5
5400,46,-45,-44.348,0.1789,3.792067612,0.1392,0.002103,-0.09216,0,-1,-0.000869,20,5.1
5505,46,-45,-44.54,0.1785,3.796387662,0.1365,0.002087,-0.09027,0,-1,-0.000851,20,5.2
5610,46,-45,-44.733,0.178,3.800711484,0.1338,0.002071,-0.0884,0,-1,-0.000833,20,5.3
5715,46,-45,-44.922,0.1776,3.804927652,0.1311,0.002054,-0.08657,0,-1,-0.000816,20,5.4
5820,46,-45,-45.11,0.1772,3.809103951,0.1284,0.002039,-0.08478,0,-1,-0.000799,20,5.5
5925,46,-45,-45.295,0.1768,3.813196651,0.1258,0.002023,-0.08302,0,-1,-0.000782,20,5.6
6030,46,-45,-45.48,0.1764,3.817272669,0.1232,0.002007,-0.0813,0,-1,-0.000766,20,5.7
6135,46,-45,-45.661,0.176,3.821244542,0.1206,0.001992,-0.07962,0,-1,-0.00075,20,5.8
6240,46,-45,-45.842,0.1756,3.825200701,0.1181,0.001977,-0.07797,0,-1,-0.000735,20,5.9
6345,46,-45,-46.019,0.1752,3.829054355,0.1156,0.001962,-0.07637,0,-1,-0.00072,20,6
6450,46,-45,-46.193,0.1748,3.832828271,0.1131,0.001947,-0.07482,0,-1,-0.000705,20,6.1
6555,46,-45,-46.368,0.1744,3.836609566,0.1107,0.001932,-0.07329,0,-1,-0.000691,20,6.2
6660,46,-45,-46.538,0.174,3.840269183,0.1083,0.001918,-0.0718,0,-1,-0.000677,20,6.3
6765,46,-45,-46.704,0.1737,3.843829814,0.1059,0.001904,-0.07037,0,-1,-0.000663,20,6.4
6870,46,-45,-46.869,0.1733,3.847356476,0.1036,0.00189,-0.06901,0,-1,-0.00065,20,6.5
6975,46,-45,-47.032,0.173,3.850828221,0.1013,0.001876,-0.06761,0,-1,-0.000637,20,6.6
7080,46,-45,-47.19,0.1726,3.854182006,0.09903,0.001863,-0.06637,0,-1,-0.000626,20,6.7
7185,46,-45,-47.348,0.1722,3.85752458,0.09681,0.00185,-0.06497,0,-1,-0.000612,20,6.8
7290,46,-45,-47.499,0.1719,3.860708658,0.09465,0.001837,-0.0639,0,-1,-0.000602,20,6.9
7395,46,-45,-47.659,0.1717,3.864071489,0.09385,0.001829,-0.06296,0,-1,-0.000593,20,7
7500,46,-45,-47.808,0.1714,3.86719299,0.09315,0.001822,-0.06203,0,-1,-0.000585,20,7.1
7605,46,-45,-47.962,0.1712,3.870409031,0.09246,0.001814,-0.06147,0,-1,-0.000579,20,7.2
7710,46,-45,-48.112,0.171,3.873531626,0.09176,0.001807,-0.06072,0,-1,-0.000572,20,7.3
7815,46,-45,-48.264,0.1708,3.876685941,0.09106,0.0018,-0.06009,0,-1,-0.000566,20,7.4
7920,46,-45,-48.413,0.1705,3.879768373,0.09037,0.001793,-0.05942,0,-1,-0.00056,20,7.5
8025,46,-45,-48.563,0.1703,3.882861924,0.08969,0.001785,-0.05877,0,-1,-0.000554,20,7.6
8130,46,-45,-48.712,0.1701,3.885925406,0.089,0.001778,-0.05814,0,-1,-0.000548,20,7.7
8235,46,-45,-48.86,0.1699,3.888959066,0.08832,0.001771,-0.05749,0,-1,-0.000542,20,7.8
8340,46,-45,-49.007,0.1696,3.891963145,0.08764,0.001764,-0.05688,0,-1,-0.000536,20,7.9
8445,46,-45,-49.154,0.1694,3.894958227,0.08696,0.001757,-0.05625,0,-1,-0.00053,20,8
8550,46,-45,-49.3,0.1692,3.897924081,0.08629,0.00175,-0.05566,0,-1,-0.000525,20,8.1
8655,46,-45,-49.445,0.169,3.900860941,0.08562,0.001743,-0.05505,0,-1,-0.000519,20,8.2
8760,46,-45,-49.591,0.1688,3.903809366,0.08495,0.001736,-0.05447,0,-1,-0.000513,20,8.3
8865,46,-45,-49.735,0.1685,3.906708911,0.08429,0.001729,-0.05387,0,-1,-0.000508,20,8.4
8970,46,-45,-49.878,0.1683,3.909580024,0.08363,0.001722,-0.0533,0,-1,-0.000502,20,8.5
9075,46,-45,-50.021,0.1681,3.912442917,0.08297,0.001715,-0.05273,0,-1,-0.000497,20,8.6
9180,46,-45,-50.164,0.1679,3.915297638,0.08231,0.001708,-0.05217,0,-1,-0.000492,20,8.7
9285,46,-45,-50.306,0.1677,3.918124354,0.08166,0.001701,-0.05161,0,-1,-0.000486,20,8.8
9390,46,-45,-50.447,0.1675,3.92092328,0.08101,0.001695,-0.05106,0,-1,-0.000481,20,8.9
9495,46,-45,-50.588,0.1673,3.923714394,0.08036,0.001688,-0.05052,0,-1,-0.000476,20,9
9600,46,-45,-50.728,0.167,3.926478026,0.07972,0.001681,-0.04998,0,-1,-0.000471,20,9.1
9705,46,-45,-50.867,0.1668,3.929214383,0.07907,0.001674,-0.04945,0,-1,-0.000466,20,9.2
9810,46,-45,-51.006,0.1666,3.931943273,0.07844,0.001668,-0.04893,0,-1,-0.000461,20,9.3
9915,46,-45,-51.144,0.1664,3.934645183,0.0778,0.001661,-0.04841,0,-1,-0.000456,20,9.4
10020,46,-45,-51.282,0.1662,3.937339813,0.07717,0.001654,-0.0479,0,-1,-0.000451,20,9.5
10125,46,-45,-51.419,0.166,3.940007754,0.07653,0.001648,-0.04739,0,-1,-0.000447,20,9.6
10230,46,-45,-51.555,0.1658,3.942649199,0.07591,0.001641,-0.04689,0,-1,-0.000442,20,9.7
10335,46,-45,-51.691,0.1656,3.945283685,0.07528,0.001635,-0.0464,0,-1,-0.000437,20,9.8
10440,46,-45,-51.826,0.1654,3.947891954,0.07466,0.001628,-0.04591,0,-1,-0.000433,20,9.9
10545,46,-45,-51.961,0.1652,3.950493437,0.07404,0.001622,-0.04542,0,-1,-0.000428,20,10
10650,46,-45,-52.095,0.165,3.953068975,0.07342,0.001615,-0.04494,0,-1,-0.000424,20,10.1
10755,46,-45,-52.228,0.1648,3.95561875,0.0728,0.001609,-0.04447,0,-1,-0.000419,20,10.2
10860,46,-45,-52.361,0.1646,3.958162039,0.07219,0.001602,-0.044,0,-1,-0.000415,20,10.3
10965,46,-45,-52.494,0.1644,3.960698877,0.07158,0.001596,-0.04354,0,-1,-0.00041,20,10.4
11070,46,-45,-52.626,0.1642,3.963210294,0.07098,0.001589,-0.04308,0,-1,-0.000406,20,10.5
11175,46,-45,-52.757,0.164,3.965696465,0.07037,0.001583,-0.04262,0,-1,-0.000402,20,10.6
11280,46,-45,-52.888,0.1638,3.96817647,0.06977,0.001577,-0.04217,0,-1,-0.000397,20,10.7
11385,46,-45,-53.018,0.1636,3.970631479,0.06917,0.001571,-0.04173,0,-1,-0.000393,20,10.8
11490,46,-45,-53.148,0.1634,3.973080475,0.06857,0.001564,-0.04129,0,-1,-0.000389,20,10.9
11595,46,-45,-53.277,0.1632,3.975504718,0.06798,0.001558,-0.04085,0,-1,-0.000385,20,11
11700,46,-45,-53.405,0.163,3.977904375,0.06739,0.001552,-0.04042,0,-1,-0.000381,20,11.1
11805,46,-45,-53.533,0.1628,3.980298286,0.0668,0.001546,-0.04,0,-1,-0.000377,20,11.2
11910,46,-45,-53.661,0.1626,3.982686481,0.06621,0.00154,-0.03957,0,-1,-0.000373,20,11.3
12015,46,-45,-53.787,0.1624,3.985031802,0.06563,0.001533,-0.03915,0,-1,-0.000369,20,11.4
12120,46,-45,-53.914,0.1622,3.987390184,0.06504,0.001527,-0.03874,0,-1,-0.000365,20,11.5
12225,46,-45,-54.04,0.1621,3.989724513,0.06446,0.001521,-0.03833,0,-1,-0.000361,20,11.6
12330,46,-45,-54.165,0.1619,3.992034943,0.06389,0.001515,-0.03792,0,-1,-0.000357,20,11.7
12435,46,-45,-54.29,0.1617,3.994340048,0.06331,0.001509,-0.03752,0,-1,-0.000354,20,11.8
12540,46,-45,-54.414,0.1615,3.996621474,0.06274,0.001503,-0.03713,0,-1,-0.00035,20,11.9
12645,46,-45,-54.538,0.1613,3.998897706,0.06217,0.001497,-0.03673,0,-1,-0.000346,20,12
12750,46,-45,-54.661,0.1611,4.001150475,0.0616,0.001491,-0.03634,0,-1,-0.000343,20,12.1
12855,46,-45,-54.783,0.1609,4.003379927,0.06104,0.001485,-0.03595,0,-1,-0.000339,20,12.2
12960,46,-45,-54.905,0.1607,4.005604419,0.06048,0.00148,-0.03557,0,-1,-0.000335,20,12.3
13065,46,-45,-55.027,0.1606,4.007823974,0.05992,0.001474,-0.03519,0,-1,-0.000332,20,12.4
13170,46,-45,-55.148,0.1604,4.01002048,0.05936,0.001468,-0.03482,0,-1,-0.000328,20,12.5
13275,46,-45,-55.269,0.1602,4.012212173,0.05881,0.001462,-0.03445,0,-1,-0.000325,20,12.6
13380,46,-45,-55.388,0.16,4.014362964,0.05825,0.001456,-0.03408,0,-1,-0.000321,20,12.7
13485,46,-45,-55.508,0.1598,4.016527155,0.0577,0.001451,-0.03371,0,-1,-0.000318,20,12.8
13590,46,-45,-55.627,0.1597,4.018668695,0.05716,0.001445,-0.03335,0,-1,-0.000314,20,12.9
13695,46,-45,-55.745,0.1595,4.02078772,0.05661,0.001439,-0.033,0,-1,-0.000311,20,13
13800,46,-45,-55.863,0.1593,4.022902265,0.05607,0.001433,-0.03264,0,-1,-0.000308,20,13.1
13905,46,-45,-55.98,0.1591,4.024994484,0.05553,0.001428,-0.03229,0,-1,-0.000304,20,13.2
14010,46,-45,-56.097,0.1589,4.027082335,0.05499,0.001422,-0.03195,0,-1,-0.000301,20,13.3
14115,46,-45,-56.213,0.1588,4.029148047,0.05446,0.001417,-0.0316,0,-1,-0.000298,20,13.4
14220,46,-45,-56.329,0.1586,4.0312095,0.05392,0.001411,-0.03126,0,-1,-0.000295,20,13.5
14325,46,-45,-56.444,0.1584,4.033248996,0.05339,0.001405,-0.03092,0,-1,-0.000291,20,13.6
14430,46,-45,-56.559,0.1583,4.035284341,0.05286,0.0014,-0.03059,0,-1,-0.000288,20,13.7
14535,46,-45,-56.673,0.1581,4.037297907,0.05234,0.001394,-0.03026,0,-1,-0.000285,20,13.8
14640,46,-45,-56.787,0.1579,4.039307426,0.05182,0.001389,-0.02993,0,-1,-0.000282,20,13.9
14745,46,-45,-56.9,0.1577,4.041295341,0.05129,0.001383,-0.02961,0,-1,-0.000279,20,14
14850,46,-45,-57.012,0.1576,4.043261772,0.05078,0.001378,-0.02929,0,-1,-0.000276,20,14.1
14955,46,-45,-57.124,0.1574,4.045224344,0.05026,0.001373,-0.02897,0,-1,-0.000273,20,14.2
15060,46,-45,-57.236,0.1572,4.047183071,0.04975,0.001367,-0.02866,0,-1,-0.00027,20,14.3
15165,46,-45,-57.347,0.1571,4.049120532,0.04924,0.001362,-0.02835,0,-1,-0.000267,20,14.4
15270,46,-45,-57.457,0.1569,4.051036842,0.04873,0.001357,-0.02804,0,-1,-0.000264,20,14.5
15375,46,-45,-57.567,0.1567,4.052949487,0.04822,0.001351,-0.02773,0,-1,-0.000261,20,14.6
15480,46,-45,-57.676,0.1566,4.054841142,0.04772,0.001346,-0.02744,0,-1,-0.000259,20,14.7
15585,46,-45,-57.784,0.1564,4.056711921,0.04722,0.001341,-0.02713,0,-1,-0.000256,20,14.8
15690,46,-45,-57.893,0.1562,4.058596479,0.04672,0.001336,-0.02683,0,-1,-0.000253,20,14.9
15795,46,-45,-58,0.1561,4.060443011,0.04623,0.00133,-0.02654,0,-1,-0.00025,20,15
15900,46,-45,-58.107,0.1559,4.062286139,0.04574,0.001325,-0.02626,0,-1,-0.000248,20,15.1
16005,46,-45,-58.213,0.1558,4.064108697,0.04525,0.00132,-0.02597,0,-1,-0.000245,20,15.2
16110,46,-45,-58.319,0.1556,4.065927941,0.04476,0.001315,-0.02568,0,-1,-0.000242,20,15.3
16215,46,-45,-58.425,0.1554,4.06774388,0.04427,0.00131,-0.0254,0,-1,-0.000239,20,15.4
16320,46,-45,-58.529,0.1553,4.069522358,0.04379,0.001305,-0.02513,0,-1,-0.000237,20,15.5
16425,46,-45,-58.633,0.1551,4.071297678,0.04332,0.0013,-0.02487,0,-1,-0.000234,20,15.6
16530,46,-45,-58.737,0.155,4.073069852,0.04284,0.001295,-0.02458,0,-1,-0.000232,20,15.7
16635,46,-45,-58.84,0.1548,4.074821896,0.04236,0.00129,-0.02431,0,-1,-0.000229,20,15.8
16740,46,-45,-58.942,0.1547,4.07655391,0.04189,0.001285,-0.02405,0,-1,-0.000227,20,15.9
16845,46,-45,-59.043,0.1545,4.078265992,0.04143,0.00128,-0.02381,0,-1,-0.000224,20,16
16950,46,-45,-59.144,0.1544,4.079975148,0.04096,0.001275,-0.02353,0,-1,-0.000222,20,16.1
17055,46,-45,-59.245,0.1542,4.081681388,0.0405,0.00127,-0.02326,0,-1,-0.000219,20,16.2
17160,46,-45,-59.345,0.1541,4.083367872,0.04004,0.001266,-0.02302,0,-1,-0.000217,20,16.3
17265,46,-45,-59.443,0.1539,4.08501787,0.03958,0.001261,-0.0228,0,-1,-0.000215,20,16.4
17370,46,-45,-59.54,0.1538,4.086648356,0.03914,0.001256,-0.02257,0,-1,-0.000213,20,16.5
17475,46,-45,-59.641,0.1536,4.088343257,0.03868,0.001251,-0.02225,0,-1,-0.00021,20,16.6
17580,46,-45,-59.737,0.1535,4.089951594,0.03823,0.001247,-0.02204,0,-1,-0.000208,20,16.7
17685,46,-45,-59.833,0.1533,4.091557348,0.03779,0.001242,-0.02184,0,-1,-0.000206,20,16.8
17790,46,-45,-59.926,0.1532,4.093110468,0.03736,0.001237,-0.02165,0,-1,-0.000204,20,16.9
17895,46,-45,-60.027,0.1531,4.094794461,0.03714,0.001234,-0.02148,0,-1,-0.000202,20,17
18000,46,-45,-60.124,0.153,4.096409096,0.037,0.001232,-0.02131,0,-1,-0.000201,20,17.1
18105,46,-45,-60.218,0.1529,4.097971311,0.03686,0.001229,-0.02115,0,-1,-0.000199,20,17.2
18210,46,-45,-60.31,0.1528,4.099497927,0.03673,0.001227,-0.02098,0,-1,-0.000198,20,17.3
18315,46,-45,-60.404,0.1527,4.101055328,0.03659,0.001224,-0.02087,0,-1,-0.000197,20,17.4
18420,46,-45,-60.5,0.1526,4.102643365,0.03645,0.001222,-0.02082,0,-1,-0.000196,20,17.5
18525,46,-45,-60.594,0.1525,4.104195878,0.03632,0.001219,-0.02069,0,-1,-0.000195,20,17.6
18630,46,-45,-60.687,0.1524,4.105729507,0.03618,0.001217,-0.02055,0,-1,-0.000194,20,17.7
18735,46,-45,-60.778,0.1523,4.107227881,0.03605,0.001214,-0.0204,0,-1,-0.000192,20,17.8
18840,46,-45,-60.872,0.1522,4.108773299,0.03591,0.001212,-0.02033,0,-1,-0.000192,20,17.9
18945,46,-45,-60.966,0.1521,4.110316332,0.03578,0.001209,-0.02023,0,-1,-0.000191,20,18
19050,46,-45,-61.058,0.152,4.111824232,0.03564,0.001207,-0.02011,0,-1,-0.00019,20,18.1
19155,46,-45,-61.149,0.1519,4.113313509,0.03551,0.001205,-0.01998,0,-1,-0.000188,20,18.2
19260,46,-45,-61.241,0.1518,4.1148169,0.03538,0.001202,-0.01987,0,-1,-0.000187,20,18.3
19365,46,-45,-61.333,0.1517,4.116318034,0.03524,0.0012,-0.01978,0,-1,-0.000186,20,18.4
19470,46,-45,-61.424,0.1517,4.117800638,0.03511,0.001197,-0.01967,0,-1,-0.000185,20,18.5
19575,46,-45,-61.515,0.1516,4.119281048,0.03498,0.001195,-0.01955,0,-1,-0.000184,20,18.6
19680,46,-45,-61.605,0.1515,4.120743036,0.03485,0.001192,-0.01944,0,-1,-0.000183,20,18.7
19785,46,-45,-61.696,0.1514,4.122219099,0.03472,0.00119,-0.01934,0,-1,-0.000182,20,18.8
19890,46,-45,-61.786,0.1513,4.123676802,0.03458,0.001188,-0.01924,0,-1,-0.000181,20,18.9
19995,46,-45,-61.876,0.1512,4.125132382,0.03445,0.001185,-0.01913,0,-1,-0.00018,20,19
20100,46,-45,-61.966,0.1511,4.126585848,0.03432,0.001183,-0.01902,0,-1,-0.000179,20,19.1
20205,46,-45,-62.055,0.151,4.128021089,0.03419,0.001181,-0.01892,0,-1,-0.000178,20,19.2
20310,46,-45,-62.144,0.1509,4.129454273,0.03406,0.001178,-0.01882,0,-1,-0.000177,20,19.3
20415,46,-45,-62.233,0.1508,4.130885406,0.03393,0.001176,-0.01872,0,-1,-0.000176,20,19.4
20520,46,-45,-62.322,0.1508,4.132314493,0.0338,0.001173,-0.01862,0,-1,-0.000175,20,19.5
20625,46,-45,-62.41,0.1507,4.133725519,0.03368,0.001171,-0.01851,0,-1,-0.000174,20,19.6
20730,46,-45,-62.498,0.1506,4.135134556,0.03355,0.001169,-0.01841,0,-1,-0.000174,20,19.7
20835,46,-45,-62.586,0.1505,4.136541611,0.03342,0.001166,-0.01832,0,-1,-0.000173,20,19.8
20940,46,-45,-62.674,0.1504,4.137946689,0.03329,0.001164,-0.01822,0,-1,-0.000172,20,19.9
21045,46,-45,-62.761,0.1503,4.139333861,0.03317,0.001162,-0.01812,0,-1,-0.000171,20,20
21150,46,-45,-62.848,0.1502,4.140719113,0.03304,0.00116,-0.01802,0,-1,-0.00017,20,20.1
21255,46,-45,-62.935,0.1501,4.142102448,0.03291,0.001157,-0.01792,0,-1,-0.000169,20,20.2
21360,46,-45,-63.022,0.15,4.143483872,0.03279,0.001155,-0.01783,0,-1,-0.000168,20,20.3
21465,46,-45,-63.108,0.15,4.144847544,0.03266,0.001153,-0.01773,0,-1,-0.000167,20,20.4
21570,46,-45,-63.195,0.1499,4.146225184,0.03254,0.00115,-0.01764,0,-1,-0.000166,20,20.5
21675,46,-45,-63.28,0.1498,4.147569323,0.03241,0.001148,-0.01754,0,-1,-0.000165,20,20.6
21780,46,-45,-63.366,0.1497,4.14892744,0.03229,0.001146,-0.01745,0,-1,-0.000164,20,20.7
21885,46,-45,-63.452,0.1496,4.150283715,0.03216,0.001144,-0.01736,0,-1,-0.000164,20,20.8
21990,46,-45,-63.537,0.1495,4.151622413,0.03204,0.001141,-0.01727,0,-1,-0.000163,20,20.9
22095,46,-45,-63.622,0.1494,4.152959322,0.03191,0.001139,-0.01717,0,-1,-0.000162,20,21
22200,46,-45,-63.707,0.1494,4.154294447,0.03179,0.001137,-0.01708,0,-1,-0.000161,20,21.1
22305,46,-45,-63.792,0.1493,4.155627791,0.03167,0.001135,-0.01699,0,-1,-0.00016,20,21.2
22410,46,-45,-63.876,0.1492,4.156943704,0.03154,0.001132,-0.0169,0,-1,-0.000159,20,21.3
22515,46,-45,-63.96,0.1491,4.158257888,0.03142,0.00113,-0.01681,0,-1,-0.000158,20,21.4
22620,46,-45,-64.044,0.149,4.159570347,0.0313,0.001128,-0.01672,0,-1,-0.000158,20,21.5
22725,46,-45,-64.128,0.1489,4.160881086,0.03118,0.001126,-0.01663,0,-1,-0.000157,20,21.6
22830,46,-45,-64.211,0.1489,4.162174536,0.03106,0.001123,-0.01655,0,-1,-0.000156,20,21.7
22935,46,-45,-64.295,0.1488,4.163481868,0.03094,0.001121,-0.01646,0,-1,-0.000155,20,21.8
23040,46,-45,-64.378,0.1487,4.16477196,0.03081,0.001119,-0.01637,0,-1,-0.000154,20,21.9
23145,46,-45,-64.461,0.1486,4.16606039,0.03069,0.001117,-0.01629,0,-1,-0.000153,20,22
23250,46,-45,-64.543,0.1485,4.167331668,0.03057,0.001115,-0.0162,0,-1,-0.000153,20,22.1
23355,46,-45,-64.626,0.1484,4.168616807,0.03045,0.001112,-0.01611,0,-1,-0.000152,20,22.2
23460,46,-45,-64.708,0.1484,4.169884841,0.03033,0.00111,-0.01603,0,-1,-0.000151,20,22.3
23565,46,-45,-64.79,0.1483,4.17115127,0.03021,0.001108,-0.01595,0,-1,-0.00015,20,22.4
23670,46,-45,-64.872,0.1482,4.172416098,0.0301,0.001106,-0.01586,0,-1,-0.000149,20,22.5
23775,46,-45,-64.954,0.1481,4.173679327,0.02998,0.001104,-0.01578,0,-1,-0.000149,20,22.6
23880,46,-45,-65.035,0.148,4.174925587,0.02986,0.001102,-0.0157,0,-1,-0.000148,20,22.7
23985,46,-45,-65.116,0.1479,4.176170295,0.02974,0.001099,-0.01561,0,-1,-0.000147,20,22.8
24090,46,-45,-65.197,0.1479,4.177413456,0.02962,0.001097,-0.01553,0,-1,-0.000146,20,22.9
24195,46,-45,-65.278,0.1478,4.178655073,0.0295,0.001095,-0.01545,0,-1,-0.000146,20,23
24300,46,-45,-65.359,0.1477,4.179895151,0.02939,0.001093,-0.01537,0,-1,-0.000145,20,23.1
24405,46,-45,-65.439,0.1476,4.181118411,0.02927,0.001091,-0.01529,0,-1,-0.000144,20,23.2
24510,46,-45,-65.52,0.1475,4.18235544,0.02915,0.001089,-0.01521,0,-1,-0.000143,20,23.3
24615,46,-45,-65.6,0.1475,4.183575696,0.02904,0.001087,-0.01513,0,-1,-0.000143,20,23.4
24720,46,-45,-65.68,0.1474,4.184794465,0.02892,0.001084,-0.01505,0,-1,-0.000142,20,23.5
24825,46,-45,-65.759,0.1473,4.185996544,0.02881,0.001082,-0.01497,0,-1,-0.000141,20,23.6
24930,46,-45,-65.839,0.1472,4.187212368,0.02869,0.00108,-0.01489,0,-1,-0.00014,20,23.7
25035,46,-45,-65.918,0.1471,4.188411545,0.02857,0.001078,-0.01481,0,-1,-0.00014,20,23.8
25140,46,-45,-65.997,0.1471,4.189609286,0.02846,0.001076,-0.01473,0,-1,-0.000139,20,23.9
25245,46,-45,-66.076,0.147,4.190805595,0.02834,0.001074,-0.01466,0,-1,-0.000138,20,24
25350,46,-45,-66.155,0.1469,4.192000473,0.02823,0.001072,-0.01458,0,-1,-0.000137,20,24.1
25455,46,-45,-66.234,0.1468,4.193193926,0.02812,0.00107,-0.0145,0,-1,-0.000137,20,24.2
25560,46,-45,-66.312,0.1467,4.194370876,0.028,0.001068,-0.01443,0,-1,-0.000136,20,24.3
25665,46,-45,-66.39,0.1467,4.195546443,0.02789,0.001066,-0.01435,0,-1,-0.000135,20,24.4
25770,46,-45,-66.468,0.1466,4.196720629,0.02777,0.001064,-0.01428,0,-1,-0.000135,20,24.5
25875,46,-45,-66.546,0.1465,4.197893438,0.02766,0.001061,-0.0142,0,-1,-0.000134,20,24.6
25980,46,-45,-66.624,0.1464,4.199064873,0.02755,0.001059,-0.01413,0,-1,-0.000133,20,24.7
26085,46,-45,-66.701,0.1463,4.200219945,0.02744,0.001057,-0.01405,0,-1,-0.000132,20,24.8
26190,46,-45,-66.778,0.1463,4.201373685,0.02732,0.001055,-0.01398,0,-1,-0.000132,20,24.9
26295,46,-45,-66.856,0.1462,4.202541053,0.02721,0.001053,-0.01391,0,-1,-0.000131,20,25
65,66,-65,-23.276,0.2477,3.147422787,1.371,0.005185,-0.9735,0,-1,-0.00918,20,0
170,66,-65,-24.108,0.2436,3.182543736,1.211,0.00498,-0.898,0,-1,-0.00846,20,0.1
275,66,-65,-24.831,0.2404,3.212092873,1.129,0.004825,-0.8377,0,-1,-0.00789,20,0.2
380,66,-65,-25.504,0.2375,3.238835303,1.052,0.004682,-0.7817,0,-1,-0.00737,20,0.3
485,66,-65,-26.142,0.2347,3.263543216,0.979,0.004546,-0.73,0,-1,-0.00688,20,0.4
590,66,-65,-26.731,0.2321,3.285823941,0.9114,0.004419,-0.6831,0,-1,-0.00644,20,0.5
695,66,-65,-27.288,0.2296,3.306447045,0.8478,0.004301,-0.6397,0,-1,-0.00603,20,0.6
800,66,-65,-27.81,0.2274,3.325395668,0.7882,0.004189,-0.5999,0,-1,-0.00565,20,0.7
905,66,-65,-28.298,0.2252,3.342791131,0.7325,0.004085,-0.5634,0,-1,-0.00531,20,0.8
1010,66,-65,-28.75,0.2232,3.358637767,0.6809,0.003989,-0.5303,0,-1,-0.005,20,0.9
1115,66,-65,-29.167,0.2214,3.373037933,0.6335,0.003901,-0.5007,0,-1,-0.00472,20,1
1220,66,-65,-29.549,0.2198,3.386049902,0.5904,0.00382,-0.4745,0,-1,-0.00447,20,1.1
1325,66,-65,-29.89,0.2183,3.397523976,0.5553,0.003751,-0.4521,0,-1,-0.00426,20,1.2
1430,66,-65,-30.22,0.2173,3.408503957,0.5418,0.003706,-0.4361,0,-1,-0.00411,20,1.3
1535,66,-65,-30.547,0.2163,3.419266481,0.5282,0.00366,-0.4234,0,-1,-0.00399,20,1.4
1640,66,-65,-30.869,0.2152,3.429752444,0.5148,0.003615,-0.411,0,-1,-0.00387,20,1.5
1745,66,-65,-31.186,0.2142,3.439969276,0.5016,0.00357,-0.399,0,-1,-0.00376,20,1.6
1850,66,-65,-31.5,0.2132,3.449987546,0.4886,0.003527,-0.3875,0,-1,-0.00365,20,1.7
1955,66,-65,-31.811,0.2122,3.459812142,0.4758,0.003483,-0.3763,0,-1,-0.00355,20,1.8
2060,66,-65,-32.116,0.2113,3.469354348,0.4631,0.003441,-0.3654,0,-1,-0.00344,20,1.9
2165,66,-65,-32.417,0.2103,3.478682977,0.4506,0.003399,-0.3548,0,-1,-0.00334,20,2
2270,66,-65,-32.713,0.2094,3.487772552,0.4383,0.003357,-0.3445,0,-1,-0.00325,20,2.1
2375,66,-65,-33.004,0.2085,3.496628766,0.4263,0.003317,-0.3346,0,-1,-0.00315,20,2.2
2480,66,-65,-33.29,0.2076,3.505257052,0.4144,0.003277,-0.3249,0,-1,-0.00306,20,2.3
2585,66,-65,-33.571,0.2067,3.513662599,0.4028,0.003237,-0.3156,0,-1,-0.00297,20,2.4
2690,66,-65,-33.845,0.2058,3.521791278,0.3914,0.003199,-0.3066,0,-1,-0.00289,20,2.5
2795,66,-65,-34.115,0.2049,3.52973717,0.3802,0.003161,-0.2978,0,-1,-0.00281,20,2.6
2900,66,-65,-34.379,0.2041,3.537445913,0.3693,0.003124,-0.2894,0,-1,-0.00273,20,2.7
3005,66,-65,-34.638,0.2033,3.544951345,0.3585,0.003088,-0.2812,0,-1,-0.00265,20,2.8
3110,66,-65,-34.893,0.2025,3.552286236,0.3481,0.003053,-0.2733,0,-1,-0.00258,20,2.9
3215,66,-65,-35.141,0.2017,3.55936854,0.3378,0.003018,-0.2657,0,-1,-0.0025,20,3
3320,66,-65,-35.383,0.2009,3.566231479,0.3277,0.002984,-0.2583,0,-1,-0.00243,20,3.1
3425,66,-65,-35.619,0.2002,3.572879203,0.3179,0.002951,-0.2512,0,-1,-0.00237,20,3.2
3530,66,-65,-35.851,0.1994,3.579371461,0.3084,0.002919,-0.2444,0,-1,-0.0023,20,3.3
3635,66,-65,-36.079,0.1987,3.585710979,0.299,0.002888,-0.2377,0,-1,-0.00224,20,3.4
3740,66,-65,-36.298,0.198,3.591762643,0.2898,0.002857,-0.2313,0,-1,-0.00218,20,3.5
3845,66,-65,-36.508,0.1973,3.597531415,0.2811,0.002827,-0.2253,0,-1,-0.00212,20,3.6
3950,66,-65,-36.717,0.1967,3.603239863,0.2725,0.002798,-0.2194,0,-1,-0.00207,20,3.7
4055,66,-65,-36.915,0.1961,3.608617973,0.2642,0.002771,-0.2139,0,-1,-0.00202,20,3.8
4160,66,-65,-37.104,0.1955,3.613724781,0.2564,0.002744,-0.2088,0,-1,-0.00197,20,3.9
4265,66,-65,-37.29,0.1949,3.618725194,0.2487,0.002718,-0.2038,0,-1,-0.00192,20,4
4370,66,-65,-37.465,0.1943,3.623407164,0.2415,0.002694,-0.1992,0,-1,-0.00188,20,4.1
4475,66,-65,-37.629,0.1938,3.62777503,0.2347,0.002671,-0.195,0,-1,-0.00184,20,4.2
4580,66,-65,-37.796,0.1934,3.632203277,0.2318,0.002656,-0.1917,0,-1,-0.00181,20,4.3
4685,66,-65,-37.959,0.193,3.63650663,0.2295,0.002642,-0.1891,0,-1,-0.00178,20,4.4
4790,66,-65,-38.123,0.1927,3.640817775,0.2272,0.002628,-0.1867,0,-1,-0.00176,20,4.5
4895,66,-65,-38.285,0.1923,3.645058175,0.2248,0.002614,-0.1842,0,-1,-0.00174,20,4.6
5000,66,-65,-38.448,0.192,3.649306679,0.2226,0.002601,-0.1817,0,-1,-0.00171,20,4.7
5105,66,-65,-38.61,0.1916,3.65351131,0.2203,0.002587,-0.1793,0,-1,-0.00169,20,4.8
5210,66,-65,-38.773,0.1912,3.657724128,0.218,0.002573,-0.1769,0,-1,-0.00167,20,4.9
5315,66,-65,-38.935,0.1909,3.661893589,0.2157,0.00256,-0.1745,0,-1,-0.00164,20,5
5420,66,-65,-39.097,0.1905,3.666045738,0.2134,0.002546,-0.1722,0,-1,-0.00162,20,5.1
5525,66,-65,-39.258,0.1902,3.670155245,0.2111,0.002532,-0.1699,0,-1,-0.0016,20,5.2
5630,66,-65,-39.42,0.1898,3.674273302,0.2088,0.002519,-0.1676,0,-1,-0.00158,20,5.3
5735,66,-65,-39.58,0.1895,3.67832394,0.2065,0.002505,-0.1653,0,-1,-0.00156,20,5.4
5840,66,-65,-39.741,0.1891,3.6823834,0.2043,0.002492,-0.1631,0,-1,-0.00154,20,5.5
5945,66,-65,-39.901,0.1887,3.686401386,0.202,0.002478,-0.1609,0,-1,-0.00152,20,5.6
6050,66,-65,-40.062,0.1884,3.690428254,0.1998,0.002465,-0.1587,0,-1,-0.0015,20,5.7
6155,66,-65,-40.221,0.188,3.694389247,0.1975,0.002451,-0.1565,0,-1,-0.00148,20,5.8
6260,66,-65,-40.381,0.1877,3.698359377,0.1953,0.002438,-0.1544,0,-1,-0.00145,20,5.9
6365,66,-65,-40.539,0.1873,3.702264474,0.193,0.002424,-0.1523,0,-1,-0.00144,20,6
6470,66,-65,-40.697,0.187,3.70615438,0.1908,0.002411,-0.1502,0,-1,-0.00142,20,6.1
6575,66,-65,-40.855,0.1866,3.710029213,0.1885,0.002398,-0.1481,0,-1,-0.0014,20,6.2
6680,66,-65,-41.012,0.1863,3.713864707,0.1863,0.002384,-0.1461,0,-1,-0.00138,20,6.3
6785,66,-65,-41.169,0.1859,3.717685546,0.1841,0.002371,-0.144,0,-1,-0.00136,20,6.4
6890,66,-65,-41.325,0.1856,3.721467644,0.1819,0.002358,-0.1421,0,-1,-0.00134,20,6.5
6995,66,-65,-41.481,0.1852,3.725235491,0.1797,0.002345,-0.1401,0,-1,-0.00132,20,6.6
7100,66,-65,-41.636,0.1849,3.728965178,0.1775,0.002332,-0.1381,0,-1,-0.0013,20,6.7
7205,66,-65,-41.79,0.1846,3.732657076,0.1753,0.002319,-0.1362,0,-1,-0.00128,20,6.8
7310,66,-65,-41.944,0.1842,3.736335395,0.1731,0.002306,-0.1343,0,-1,-0.00127,20,6.9
7415,66,-65,-42.097,0.1839,3.739976479,0.171,0.002293,-0.1325,0,-1,-0.00125,20,7
7520,66,-65,-42.25,0.1835,3.743604354,0.1688,0.00228,-0.1306,0,-1,-0.00123,20,7.1
7625,66,-65,-42.402,0.1832,3.747195531,0.1667,0.002267,-0.1288,0,-1,-0.00121,20,7.2
7730,66,-65,-42.553,0.1829,3.750750358,0.1645,0.002254,-0.127,0,-1,-0.0012,20,7.3
7835,66,-65,-42.703,0.1825,3.754269175,0.1624,0.002242,-0.1252,0,-1,-0.00118,20,7.4
7940,66,-65,-42.853,0.1822,3.757775654,0.1603,0.002229,-0.1234,0,-1,-0.00116,20,7.5
8045,66,-65,-43.002,0.1819,3.761246626,0.1582,0.002216,-0.1217,0,-1,-0.00115,20,7.6
8150,66,-65,-43.15,0.1815,3.764682418,0.1561,0.002204,-0.12,0,-1,-0.00113,20,7.7
8255,66,-65,-43.297,0.1812,3.768083349,0.154,0.002192,-0.1183,0,-1,-0.00111,20,7.8
8360,66,-65,-43.443,0.1809,3.771449734,0.152,0.002179,-0.1166,0,-1,-0.0011,20,7.9
8465,66,-65,-43.589,0.1806,3.774804825,0.1499,0.002167,-0.115,0,-1,-0.00108,20,8
8570,66,-65,-43.734,0.1803,3.778125832,0.1479,0.002155,-0.1133,0,-1,-0.00107,20,8.1
8675,66,-65,-43.877,0.1799,3.781390265,0.1458,0.002143,-0.1117,0,-1,-0.00105,20,8.2
8780,66,-65,-44.02,0.1796,3.784644076,0.1438,0.00213,-0.1101,0,-1,-0.00104,20,8.3
8885,66,-65,-44.162,0.1793,3.787864691,0.1418,0.002119,-0.1086,0,-1,-0.00102,20,8.4
8990,66,-65,-44.303,0.179,3.791052395,0.1398,0.002107,-0.1071,0,-1,-0.00101,20,8.5
9095,66,-65,-44.442,0.1787,3.794184968,0.1379,0.002095,-0.1055,0,-1,-0.000995,20,8.6
9200,66,-65,-44.581,0.1784,3.797307759,0.1359,0.002083,-0.1041,0,-1,-0.000981,20,8.7
9305,66,-65,-44.719,0.1781,3.800398467,0.1339,0.002072,-0.1026,0,-1,-0.000967,20,8.8
9410,66,-65,-44.855,0.1778,3.803435065,0.132,0.00206,-0.1011,0,-1,-0.000953,20,8.9
9515,66,-65,-44.99,0.1775,3.806440243,0.1301,0.002049,-0.09971,0,-1,-0.00094,20,9
9620,66,-65,-45.125,0.1772,3.809436417,0.1282,0.002037,-0.09831,0,-1,-0.000927,20,9.1
9725,66,-65,-45.257,0.1769,3.812357354,0.1263,0.002026,-0.09694,0,-1,-0.000914,20,9.2
9830,66,-65,-45.389,0.1766,3.815269785,0.1245,0.002015,-0.09558,0,-1,-0.000901,20,9.3
9935,66,-65,-45.519,0.1763,3.818129821,0.1226,0.002004,-0.09425,0,-1,-0.000888,20,9.4
10040,66,-65,-45.648,0.176,3.820959794,0.1208,0.001993,-0.09294,0,-1,-0.000876,20,9.5
10145,66,-65,-45.775,0.1757,3.823738091,0.119,0.001982,-0.09166,0,-1,-0.000864,20,9.6
10250,66,-65,-45.901,0.1755,3.826486903,0.1172,0.001972,-0.0904,0,-1,-0.000852,20,9.7
10355,66,-65,-46.026,0.1752,3.829206454,0.1155,0.001961,-0.08917,0,-1,-0.00084,20,9.8
10460,66,-65,-46.149,0.1749,3.831875292,0.1137,0.001951,-0.08796,0,-1,-0.000829,20,9.9
10565,66,-65,-46.27,0.1746,3.834493803,0.112,0.001941,-0.08677,0,-1,-0.000818,20,10
10670,66,-65,-46.39,0.1744,3.837083919,0.1103,0.001931,-0.08562,0,-1,-0.000807,20,10.1
10775,66,-65,-46.508,0.1741,3.839624341,0.1087,0.001921,-0.08448,0,-1,-0.000796,20,10.2
10880,66,-65,-46.624,0.1739,3.84211543,0.107,0.001911,-0.08338,0,-1,-0.000786,20,10.3
10985,66,-65,-46.739,0.1736,3.844578934,0.1054,0.001901,-0.08228,0,-1,-0.000775,20,10.4
11090,66,-65,-46.851,0.1733,3.846972353,0.1038,0.001892,-0.08125,0,-1,-0.000766,20,10.5
11195,66,-65,-46.963,0.1731,3.849360058,0.1022,0.001882,-0.08018,0,-1,-0.000756,20,10.6
11300,66,-65,-47.071,0.1729,3.8516571,0.1007,0.001873,-0.07922,0,-1,-0.000747,20,10.7
11405,66,-65,-47.179,0.1726,3.853948878,0.09919,0.001864,-0.0782,0,-1,-0.000737,20,10.8
11510,66,-65,-47.283,0.1724,3.856150823,0.09771,0.001855,-0.0773,0,-1,-0.000729,20,10.9
11615,66,-65,-47.388,0.1722,3.858369032,0.09625,0.001846,-0.07632,0,-1,-0.000719,20,11
11720,66,-65,-47.487,0.1719,3.860455989,0.09483,0.001838,-0.0755,0,-1,-0.000712,20,11.1
11825,66,-65,-47.591,0.1718,3.862643668,0.09417,0.001832,-0.07481,0,-1,-0.000705,20,11.2
11930,66,-65,-47.689,0.1716,3.864700763,0.09371,0.001827,-0.07413,0,-1,-0.000699,20,11.3
12035,66,-65,-47.791,0.1715,3.866837337,0.09324,0.001823,-0.07367,0,-1,-0.000694,20,11.4
12140,66,-65,-47.89,0.1713,3.868906714,0.09278,0.001818,-0.07312,0,-1,-0.000689,20,11.5
12245,66,-65,-47.99,0.1712,3.870992656,0.09232,0.001813,-0.07265,0,-1,-0.000685,20,11.6
12350,66,-65,-48.09,0.171,3.873074255,0.09186,0.001808,-0.07213,0,-1,-0.00068,20,11.7
12455,66,-65,-48.19,0.1709,3.875151531,0.0914,0.001803,-0.07164,0,-1,-0.000675,20,11.8
12560,66,-65,-48.289,0.1707,3.877203791,0.09094,0.001799,-0.07114,0,-1,-0.00067,20,11.9
12665,66,-65,-48.389,0.1706,3.879272515,0.09049,0.001794,-0.07066,0,-1,-0.000666,20,12
12770,66,-65,-48.488,0.1704,3.881316345,0.09003,0.001789,-0.07016,0,-1,-0.000661,20,12.1
12875,66,-65,-48.588,0.1703,3.883376587,0.08957,0.001784,-0.06969,0,-1,-0.000657,20,12.2
12980,66,-65,-48.687,0.1701,3.885412054,0.08911,0.001779,-0.0692,0,-1,-0.000652,20,12.3
13085,66,-65,-48.786,0.17,3.887443386,0.08866,0.001775,-0.06873,0,-1,-0.000648,20,12.4
13190,66,-65,-48.885,0.1698,3.889470601,0.0882,0.00177,-0.06825,0,-1,-0.000643,20,12.5
13295,66,-65,-48.984,0.1697,3.891493714,0.08775,0.001765,-0.06779,0,-1,-0.000639,20,12.6
13400,66,-65,-49.082,0.1695,3.893492369,0.08729,0.00176,-0.06732,0,-1,-0.000634,20,12.7
13505,66,-65,-49.181,0.1694,3.89550737,0.08684,0.001756,-0.06686,0,-1,-0.00063,20,12.8
13610,66,-65,-49.279,0.1692,3.897498027,0.08639,0.001751,-0.06639,0,-1,-0.000626,20,12.9
13715,66,-65,-49.378,0.1691,3.899504981,0.08593,0.001746,-0.06594,0,-1,-0.000621,20,13
13820,66,-65,-49.476,0.1689,3.901487704,0.08548,0.001741,-0.06549,0,-1,-0.000617,20,13.1
13925,66,-65,-49.574,0.1688,3.903466503,0.08503,0.001737,-0.06504,0,-1,-0.000613,20,13.2
14030,66,-65,-49.672,0.1686,3.905441394,0.08458,0.001732,-0.06459,0,-1,-0.000609,20,13.3
14135,66,-65,-49.769,0.1685,3.9073923,0.08413,0.001727,-0.06415,0,-1,-0.000605,20,13.4
14240,66,-65,-49.867,0.1683,3.909359461,0.08368,0.001722,-0.0637,0,-1,-0.0006,20,13.5
14345,66,-65,-49.964,0.1682,3.911302746,0.08323,0.001718,-0.06327,0,-1,-0.000596,20,13.6
14450,66,-65,-50.061,0.168,3.913242262,0.08278,0.001713,-0.06283,0,-1,-0.000592,20,13.7
14555,66,-65,-50.159,0.1679,3.91519796,0.08234,0.001708,-0.0624,0,-1,-0.000588,20,13.8
14660,66,-65,-50.255,0.1678,3.917110044,0.08189,0.001704,-0.06197,0,-1,-0.000584,20,13.9
14765,66,-65,-50.352,0.1676,3.91903834,0.08145,0.001699,-0.06155,0,-1,-0.00058,20,14
14870,66,-65,-50.449,0.1675,3.920962925,0.081,0.001694,-0.06112,0,-1,-0.000576,20,14.1
14975,66,-65,-50.545,0.1673,3.922864029,0.08056,0.00169,-0.0607,0,-1,-0.000572,20,14.2
15080,66,-65,-50.641,0.1672,3.924761525,0.08011,0.001685,-0.06029,0,-1,-0.000568,20,14.3
15185,66,-65,-50.737,0.167,3.926655427,0.07967,0.001681,-0.05987,0,-1,-0.000564,20,14.4
15290,66,-65,-50.833,0.1669,3.92854575,0.07923,0.001676,-0.05946,0,-1,-0.00056,20,14.5
15395,66,-65,-50.929,0.1667,3.930432506,0.07879,0.001671,-0.05905,0,-1,-0.000557,20,14.6
15500,66,-65,-51.025,0.1666,3.932315709,0.07835,0.001667,-0.05864,0,-1,-0.000553,20,14.7
15605,66,-65,-51.12,0.1665,3.93417581,0.07791,0.001662,-0.05824,0,-1,-0.000549,20,14.8
15710,66,-65,-51.215,0.1663,3.936032458,0.07747,0.001657,-0.05784,0,-1,-0.000545,20,14.9
15815,66,-65,-51.31,0.1662,3.937885665,0.07703,0.001653,-0.05744,0,-1,-0.000541,20,15
15920,66,-65,-51.405,0.166,3.939735444,0.0766,0.001648,-0.05704,0,-1,-0.000538,20,15.1
16025,66,-65,-51.5,0.1659,3.941581808,0.07616,0.001644,-0.05665,0,-1,-0.000534,20,15.2
16130,66,-65,-51.594,0.1657,3.943405387,0.07573,0.001639,-0.05626,0,-1,-0.00053,20,15.3
16235,66,-65,-51.688,0.1656,3.945225646,0.07529,0.001635,-0.05587,0,-1,-0.000527,20,15.4
16340,66,-65,-51.782,0.1655,3.947042599,0.07486,0.00163,-0.05549,0,-1,-0.000523,20,15.5
16445,66,-65,-51.876,0.1653,3.948856255,0.07443,0.001626,-0.0551,0,-1,-0.000519,20,15.6
16550,66,-65,-51.97,0.1652,3.950666629,0.074,0.001621,-0.05472,0,-1,-0.000516,20,15.7
16655,66,-65,-52.064,0.165,3.952473731,0.07356,0.001617,-0.05434,0,-1,-0.000512,20,15.8
16760,66,-65,-52.157,0.1649,3.954258401,0.07314,0.001612,-0.05397,0,-1,-0.000509,20,15.9
16865,66,-65,-52.25,0.1647,3.956039891,0.07271,0.001608,-0.05359,0,-1,-0.000505,20,16
16970,66,-65,-52.343,0.1646,3.957818213,0.07228,0.001603,-0.05322,0,-1,-0.000502,20,16.1
17075,66,-65,-52.436,0.1645,3.959593378,0.07185,0.001599,-0.05285,0,-1,-0.000498,20,16.2
17180,66,-65,-52.528,0.1643,3.961346361,0.07143,0.001594,-0.05249,0,-1,-0.000495,20,16.3
17285,66,-65,-52.62,0.1642,3.963096276,0.071,0.00159,-0.05212,0,-1,-0.000491,20,16.4
17390,66,-65,-52.712,0.1641,3.964843134,0.07058,0.001585,-0.05176,0,-1,-0.000488,20,16.5
17495,66,-65,-52.804,0.1639,3.966586945,0.07015,0.001581,-0.0514,0,-1,-0.000484,20,16.6
17600,66,-65,-52.896,0.1638,3.968327722,0.06973,0.001576,-0.05105,0,-1,-0.000481,20,16.7
17705,66,-65,-52.988,0.1636,3.970065473,0.06931,0.001572,-0.05069,0,-1,-0.000478,20,16.8
17810,66,-65,-53.079,0.1635,3.97178137,0.06889,0.001568,-0.05034,0,-1,-0.000474,20,16.9
17915,66,-65,-53.17,0.1634,3.973494328,0.06847,0.001563,-0.04999,0,-1,-0.000471,20,17
18020,66,-65,-53.261,0.1632,3.975204356,0.06805,0.001559,-0.04964,0,-1,-0.000468,20,17.1
18125,66,-65,-53.351,0.1631,3.976892722,0.06763,0.001554,-0.0493,0,-1,-0.000465,20,17.2
18230,66,-65,-53.442,0.163,3.978596954,0.06722,0.00155,-0.04895,0,-1,-0.000461,20,17.3
18335,66,-65,-53.532,0.1628,3.980279606,0.0668,0.001546,-0.04861,0,-1,-0.000458,20,17.4
18440,66,-65,-53.622,0.1627,3.981959432,0.06639,0.001541,-0.04828,0,-1,-0.000455,20,17.5
18545,66,-65,-53.712,0.1625,3.98363644,0.06597,0.001537,-0.04794,0,-1,-0.000452,20,17.6
18650,66,-65,-53.802,0.1624,3.985310641,0.06556,0.001533,-0.04761,0,-1,-0.000449,20,17.7
18755,66,-65,-53.891,0.1623,3.986963488,0.06515,0.001528,-0.04727,0,-1,-0.000446,20,17.8
18860,66,-65,-53.98,0.1621,3.988613608,0.06474,0.001524,-0.04694,0,-1,-0.000442,20,17.9
18965,66,-65,-54.069,0.162,3.990261009,0.06433,0.00152,-0.04662,0,-1,-0.000439,20,18
19070,66,-65,-54.158,0.1619,3.9919057,0.06392,0.001516,-0.04629,0,-1,-0.000436,20,18.1
19175,66,-65,-54.247,0.1617,3.993547691,0.06351,0.001511,-0.04597,0,-1,-0.000433,20,18.2
19280,66,-65,-54.335,0.1616,3.995168587,0.06311,0.001507,-0.04565,0,-1,-0.00043,20,18.3
19385,66,-65,-54.423,0.1615,3.996786859,0.0627,0.001503,-0.04533,0,-1,-0.000427,20,18.4
19490,66,-65,-54.511,0.1613,3.998402516,0.0623,0.001499,-0.04501,0,-1,-0.000424,20,18.5
19595,66,-65,-54.599,0.1612,4.000015568,0.06189,0.001494,-0.0447,0,-1,-0.000421,20,18.6
19700,66,-65,-54.686,0.1611,4.001607735,0.06149,0.00149,-0.04439,0,-1,-0.000418,20,18.7
19805,66,-65,-54.773,0.1609,4.003197372,0.06109,0.001486,-0.04408,0,-1,-0.000415,20,18.8
19910,66,-65,-54.86,0.1608,4.004784486,0.06069,0.001482,-0.04377,0,-1,-0.000413,20,18.9
20015,66,-65,-54.947,0.1607,4.006369084,0.06029,0.001478,-0.04346,0,-1,-0.00041,20,19
20120,66,-65,-55.033,0.1606,4.007933005,0.05989,0.001473,-0.04316,0,-1,-0.000407,20,19.1
20225,66,-65,-55.119,0.1604,4.009494484,0.05949,0.001469,-0.04285,0,-1,-0.000404,20,19.2
20330,66,-65,-55.205,0.1603,4.011053529,0.0591,0.001465,-0.04255,0,-1,-0.000401,20,19.3
20435,66,-65,-55.291,0.1602,4.012610147,0.0587,0.001461,-0.04225,0,-1,-0.000398,20,19.4
20540,66,-65,-55.377,0.16,4.014164345,0.05831,0.001457,-0.04196,0,-1,-0.000395,20,19.5
20645,66,-65,-55.462,0.1599,4.015698102,0.05792,0.001453,-0.04166,0,-1,-0.000393,20,19.6
20750,66,-65,-55.547,0.1598,4.017229509,0.05752,0.001449,-0.04137,0,-1,-0.00039,20,19.7
20855,66,-65,-55.632,0.1597,4.018758575,0.05713,0.001445,-0.04108,0,-1,-0.000387,20,19.8
20960,66,-65,-55.716,0.1595,4.020267359,0.05675,0.00144,-0.04079,0,-1,-0.000384,20,19.9
21065,66,-65,-55.8,0.1594,4.021773869,0.05636,0.001436,-0.0405,0,-1,-0.000382,20,20
21170,66,-65,-55.884,0.1593,4.023278114,0.05597,0.001432,-0.04022,0,-1,-0.000379,20,20.1
21275,66,-65,-55.968,0.1591,4.024780099,0.05559,0.001428,-0.03994,0,-1,-0.000376,20,20.2
21380,66,-65,-56.051,0.159,4.026261991,0.0552,0.001424,-0.03966,0,-1,-0.000374,20,20.3
21485,66,-65,-56.134,0.1589,4.02774169,0.05482,0.00142,-0.03938,0,-1,-0.000371,20,20.4
21590,66,-65,-56.217,0.1588,4.029219202,0.05444,0.001416,-0.0391,0,-1,-0.000369,20,20.5
21695,66,-65,-56.299,0.1586,4.030676773,0.05406,0.001412,-0.03882,0,-1,-0.000366,20,20.6
21800,66,-65,-56.381,0.1585,4.032132222,0.05368,0.001408,-0.03855,0,-1,-0.000363,20,20.7
21905,66,-65,-56.463,0.1584,4.033585556,0.0533,0.001404,-0.03828,0,-1,-0.000361,20,20.8
22010,66,-65,-56.545,0.1583,4.035036781,0.05293,0.001401,-0.03801,0,-1,-0.000358,20,20.9
22115,66,-65,-56.626,0.1582,4.036468244,0.05255,0.001397,-0.03774,0,-1,-0.000356,20,21
22220,66,-65,-56.707,0.158,4.03789766,0.05218,0.001393,-0.03747,0,-1,-0.000353,20,21.1
22325,66,-65,-56.788,0.1579,4.039325036,0.05181,0.001389,-0.03721,0,-1,-0.000351,20,21.2
22430,66,-65,-56.868,0.1578,4.040732793,0.05144,0.001385,-0.03695,0,-1,-0.000348,20,21.3
22535,66,-65,-56.948,0.1577,4.042138571,0.05107,0.001381,-0.03669,0,-1,-0.000346,20,21.4
22640,66,-65,-57.028,0.1575,4.043542375,0.0507,0.001377,-0.03643,0,-1,-0.000343,20,21.5
22745,66,-65,-57.108,0.1574,4.044944212,0.05034,0.001373,-0.03617,0,-1,-0.000341,20,21.6
22850,66,-65,-57.187,0.1573,4.0463266,0.04997,0.00137,-0.03592,0,-1,-0.000339,20,21.7
22955,66,-65,-57.265,0.1572,4.047689617,0.04961,0.001366,-0.03567,0,-1,-0.000336,20,21.8
23060,66,-65,-57.344,0.1571,4.049068217,0.04925,0.001362,-0.03542,0,-1,-0.000334,20,21.9
23165,66,-65,-57.422,0.157,4.050427505,0.04889,0.001358,-0.03517,0,-1,-0.000331,20,22
23270,66,-65,-57.5,0.1568,4.051784948,0.04853,0.001354,-0.03492,0,-1,-0.000329,20,22.1
23375,66,-65,-57.577,0.1567,4.053123182,0.04818,0.001351,-0.03468,0,-1,-0.000327,20,22.2
23480,66,-65,-57.654,0.1566,4.054459629,0.04782,0.001347,-0.03443,0,-1,-0.000325,20,22.3
23585,66,-65,-57.731,0.1565,4.055794291,0.04747,0.001343,-0.03419,0,-1,-0.000322,20,22.4
23690,66,-65,-57.807,0.1564,4.057109876,0.04712,0.00134,-0.03395,0,-1,-0.00032,20,22.5
23795,66,-65,-57.883,0.1563,4.058423732,0.04677,0.001336,-0.03372,0,-1,-0.000318,20,22.6
23900,66,-65,-57.959,0.1561,4.059735864,0.04642,0.001332,-0.03348,0,-1,-0.000316,20,22.7
24005,66,-65,-58.034,0.156,4.061029046,0.04607,0.001329,-0.03325,0,-1,-0.000313,20,22.8
24110,66,-65,-58.109,0.1559,4.062320557,0.04573,0.001325,-0.03302,0,-1,-0.000311,20,22.9
24215,66,-65,-58.183,0.1558,4.063593216,0.04538,0.001322,-0.03279,0,-1,-0.000309,20,23
24320,66,-65,-58.257,0.1557,4.064864257,0.04504,0.001318,-0.03256,0,-1,-0.000307,20,23.1
24425,66,-65,-58.331,0.1556,4.066133684,0.0447,0.001314,-0.03233,0,-1,-0.000305,20,23.2
24530,66,-65,-58.404,0.1555,4.067384381,0.04437,0.001311,-0.03211,0,-1,-0.000303,20,23.3
24635,66,-65,-58.477,0.1554,4.068633515,0.04403,0.001307,-0.03189,0,-1,-0.000301,20,23.4
24740,66,-65,-58.55,0.1553,4.06988109,0.0437,0.001304,-0.03167,0,-1,-0.000299,20,23.5
24845,66,-65,-58.622,0.1551,4.071110053,0.04337,0.0013,-0.03145,0,-1,-0.000296,20,23.6
24950,66,-65,-58.693,0.155,4.072320469,0.04304,0.001297,-0.03124,0,-1,-0.000294,20,23.7
25055,66,-65,-58.765,0.1549,4.07354644,0.04271,0.001294,-0.03103,0,-1,-0.000292,20,23.8
25160,66,-65,-58.835,0.1548,4.074736916,0.04238,0.00129,-0.03082,0,-1,-0.00029,20,23.9
25265,66,-65,-58.906,0.1547,4.075942953,0.04206,0.001287,-0.03061,0,-1,-0.000288,20,24
25370,66,-65,-58.976,0.1546,4.077130581,0.04173,0.001283,-0.0304,0,-1,-0.000287,20,24.1
25475,66,-65,-59.045,0.1545,4.078299865,0.04141,0.00128,-0.0302,0,-1,-0.000285,20,24.2
25580,66,-65,-59.114,0.1544,4.079467783,0.0411,0.001277,-0.03,0,-1,-0.000283,20,24.3
25685,66,-65,-59.183,0.1543,4.080634338,0.04078,0.001273,-0.02979,0,-1,-0.000281,20,24.4
25790,66,-65,-59.251,0.1542,4.081782658,0.04047,0.00127,-0.02959,0,-1,-0.000279,20,24.5
25895,66,-65,-59.319,0.1541,4.082929659,0.04015,0.001267,-0.0294,0,-1,-0.000277,20,24.6
26000,66,-65,-59.386,0.154,4.084058508,0.03985,0.001264,-0.02922,0,-1,-0.000275,20,24.7
26105,66,-65,-59.453,0.1539,4.085186084,0.03954,0.00126,-0.02901,0,-1,-0.000273,20,24.8
26210,66,-65,-59.519,0.1538,4.086295589,0.03923,0.001257,-0.02882,0,-1,-0.000272,20,24.9
26315,66,-65,-59.585,0.1537,4.087403865,0.03893,0.001254,-0.02864,0,-1,-0.00027,20,25
