,node,z,head,psi,theta,K,C,flux,sink,kappa,v/KsTop,temp,time
5,6,-5.00 ,-391.864,5.970914841,0.1576,0.0003959,0.0001125,0.004985,0,-1,0.0002,20,0
110,6,-5.00 ,-391.608,5.970261339,0.1576,0.0003965,0.0001126,0.005031,0,-1,0.000202,20,0.1
215,6,-5.00 ,-391.381,5.96968151,0.1577,0.000397,0.0001127,0.005106,0,-1,0.000205,20,0.2
320,6,-5.00 ,-391.293,5.96945664,0.1577,0.0003972,0.0001127,0.00527,0,-1,0.000211,20,0.3
425,6,-5.00 ,-391.399,5.9697275,0.1577,0.0003969,0.0001127,0.005517,0,-1,0.000221,20,0.4
530,6,-5.00 ,-391.825,5.970815312,0.1576,0.0003959,0.0001125,0.005857,0,-1,0.000235,20,0.5
635,6,-5.00 ,-392.589,5.972763263,0.1575,0.0003945,0.0001123,0.006306,0,-1,0.000253,20,0.6
740,6,-5.00 ,-393.627,5.97540376,0.1574,0.000392,0.0001119,0.006792,0,-1,0.000272,20,0.7
845,6,-5.00 ,-394.976,5.978825004,0.1573,0.000389,0.0001114,0.007321,0,-1,0.000293,20,0.8
950,6,-5.00 ,-396.594,5.982913087,0.1572,0.0003856,0.0001109,0.00786,0,-1,0.000315,20,0.9
1055,6,-5.00 ,-398.403,5.987464056,0.157,0.0003815,0.0001103,0.008382,0,-1,0.000336,20,1
1160,6,-5.00 ,-400.33,5.992289207,0.1568,0.0003772,0.0001096,0.00889,0,-1,0.000356,20,1.1
1265,6,-5.00 ,-402.557,5.997836702,0.1566,0.0003723,0.0001089,0.009477,0,-1,0.00038,20,1.2
1370,6,-5.00 ,-405.038,6.00398089,0.1564,0.0003668,0.000108,0.01006,0,-1,0.000403,20,1.3
1475,6,-5.00 ,-407.694,6.010516893,0.1561,0.000361,0.0001071,0.01055,0,-1,0.000423,20,1.4
1580,6,-5.00 ,-410.399,6.017129857,0.1558,0.000355,0.0001062,0.01097,0,-1,0.00044,20,1.5
1685,6,-5.00 ,-413.107,6.023706639,0.1556,0.000349,0.0001053,0.01131,0,-1,0.000453,20,1.6
1790,6,-5.00 ,-415.818,6.030247665,0.1553,0.000343,0.0001043,0.01156,0,-1,0.000463,20,1.7
1895,6,-5.00 ,-418.45,6.036557408,0.1551,0.0003372,0.0001034,0.01177,0,-1,0.000472,20,1.8
2000,6,-5.00 ,-420.984,6.042594828,0.1548,0.0003316,0.0001026,0.01194,0,-1,0.000478,20,1.9
2105,6,-5.00 ,-423.4,6.048317359,0.1546,0.0003262,0.0001017,0.01208,0,-1,0.000484,20,2
2210,6,-5.00 ,-425.691,6.053713731,0.1544,0.0003212,0.000101,0.01217,0,-1,0.000488,20,2.1
2315,6,-5.00 ,-427.856,6.05878669,0.1542,0.0003164,0.0001002,0.01224,0,-1,0.00049,20,2.2
2420,6,-5.00 ,-429.896,6.063543319,0.154,0.0003119,9.95E-05,0.01229,0,-1,0.000492,20,2.3
2525,6,-5.00 ,-431.815,6.067997256,0.1538,0.0003076,9.89E-05,0.01231,0,-1,0.000493,20,2.4
2630,6,-5.00 ,-433.835,6.072664277,0.1536,0.0003033,9.82E-05,0.01246,0,-1,0.000499,20,2.5
2735,6,-5.00 ,-435.798,6.077178833,0.1534,0.0002989,9.75E-05,0.01255,0,-1,0.000503,20,2.6
2840,6,-5.00 ,-437.724,6.081588575,0.1532,0.0002946,9.69E-05,0.01261,0,-1,0.000505,20,2.7
2945,6,-5.00 ,-439.604,6.085874322,0.153,0.0002905,9.62E-05,0.01267,0,-1,0.000508,20,2.8
3050,6,-5.00 ,-441.441,6.090044376,0.1529,0.0002864,9.56E-05,0.01272,0,-1,0.00051,20,2.9
3155,6,-5.00 ,-443.235,6.094100103,0.1527,0.0002825,9.50E-05,0.01276,0,-1,0.000511,20,3
3260,6,-5.00 ,-444.981,6.098031585,0.1525,0.0002786,9.44E-05,0.01279,0,-1,0.000512,20,3.1
3365,6,-5.00 ,-446.682,6.101846932,0.1524,0.0002748,9.38E-05,0.01282,0,-1,0.000513,20,3.2
3470,6,-5.00 ,-448.337,6.105545182,0.1522,0.0002712,9.33E-05,0.01283,0,-1,0.000514,20,3.3
3575,6,-5.00 ,-449.948,6.109132021,0.152,0.0002676,9.27E-05,0.01285,0,-1,0.000515,20,3.4
3680,6,-5.00 ,-451.515,6.112608595,0.1519,0.0002642,9.22E-05,0.01285,0,-1,0.000515,20,3.5
3785,6,-5.00 ,-453.039,6.115978214,0.1517,0.0002608,9.17E-05,0.01286,0,-1,0.000515,20,3.6
3890,6,-5.00 ,-454.523,6.119248517,0.1516,0.0002575,9.12E-05,0.01286,0,-1,0.000515,20,3.7
3995,6,-5.00 ,-455.966,6.122418245,0.1515,0.0002543,9.07E-05,0.01285,0,-1,0.000515,20,3.8
4100,6,-5.00 ,-457.369,6.125490505,0.1513,0.0002513,9.02E-05,0.01284,0,-1,0.000515,20,3.9
4205,6,-5.00 ,-458.735,6.128472701,0.1512,0.0002482,8.97E-05,0.01283,0,-1,0.000514,20,4
4310,6,-5.00 ,-460.068,6.131374305,0.1511,0.0002453,8.93E-05,0.01282,0,-1,0.000513,20,4.1
4415,6,-5.00 ,-461.365,6.134189487,0.151,0.0002424,8.88E-05,0.0128,0,-1,0.000513,20,4.2
4520,6,-5.00 ,-462.626,6.136918952,0.1508,0.0002396,8.84E-05,0.01278,0,-1,0.000512,20,4.3
4625,6,-5.00 ,-463.851,6.13956338,0.1507,0.0002369,8.80E-05,0.01276,0,-1,0.000511,20,4.4
4730,6,-5.00 ,-465.038,6.142119123,0.1506,0.0002343,8.76E-05,0.01274,0,-1,0.000511,20,4.5
4835,6,-5.00 ,-466.188,6.144588986,0.1505,0.0002318,8.72E-05,0.01272,0,-1,0.00051,20,4.6
4940,6,-5.00 ,-467.302,6.14697573,0.1504,0.0002293,8.68E-05,0.01271,0,-1,0.000509,20,4.7
5045,6,-5.00 ,-468.381,6.149282067,0.1503,0.0002269,8.64E-05,0.01269,0,-1,0.000508,20,4.8
5150,6,-5.00 ,-469.426,6.151510672,0.1502,0.0002246,8.61E-05,0.01267,0,-1,0.000507,20,4.9
5255,6,-5.00 ,-470.439,6.153666301,0.1501,0.0002224,8.57E-05,0.01265,0,-1,0.000507,20,5
5360,6,-5.00 ,-471.42,6.155749416,0.15,0.0002202,8.54E-05,0.01263,0,-1,0.000506,20,5.1
5465,6,-5.00 ,-472.371,6.157764694,0.1499,0.0002181,8.51E-05,0.01261,0,-1,0.000505,20,5.2
5570,6,-5.00 ,-473.292,6.159712534,0.1498,0.0002161,8.48E-05,0.01259,0,-1,0.000504,20,5.3
5675,6,-5.00 ,-474.186,6.16159965,0.1497,0.0002141,8.45E-05,0.01257,0,-1,0.000503,20,5.4
5780,6,-5.00 ,-475.052,6.163424272,0.1496,0.0002122,8.42E-05,0.01255,0,-1,0.000503,20,5.5
5885,6,-5.00 ,-475.892,6.165190938,0.1496,0.0002104,8.39E-05,0.01253,0,-1,0.000502,20,5.6
5990,6,-5.00 ,-476.707,6.166902046,0.1495,0.0002086,8.36E-05,0.01251,0,-1,0.000501,20,5.7
6095,6,-5.00 ,-477.496,6.168555783,0.1494,0.0002068,8.33E-05,0.01249,0,-1,0.0005,20,5.8
6200,6,-5.00 ,-478.263,6.17016079,0.1493,0.0002051,8.31E-05,0.01247,0,-1,0.000499,20,5.9
6305,6,-5.00 ,-479.006,6.171713123,0.1493,0.0002035,8.28E-05,0.01245,0,-1,0.000499,20,6
6410,6,-5.00 ,-479.727,6.173217192,0.1492,0.0002019,8.26E-05,0.01243,0,-1,0.000498,20,6.1
6515,6,-5.00 ,-480.426,6.17467321,0.1491,0.0002004,8.23E-05,0.01241,0,-1,0.000497,20,6.2
6620,6,-5.00 ,-481.104,6.176083463,0.1491,0.0001989,8.21E-05,0.01239,0,-1,0.000496,20,6.3
6725,6,-5.00 ,-481.762,6.177450216,0.149,0.0001974,8.19E-05,0.01237,0,-1,0.000496,20,6.4
6830,6,-5.00 ,-482.399,6.178771572,0.1489,0.000196,8.17E-05,0.01235,0,-1,0.000495,20,6.5
6935,6,-5.00 ,-483.018,6.18005392,0.1489,0.0001946,8.15E-05,0.01234,0,-1,0.000494,20,6.6
7040,6,-5.00 ,-483.617,6.181293271,0.1488,0.0001933,8.12E-05,0.01232,0,-1,0.000494,20,6.7
7145,6,-5.00 ,-484.198,6.182493914,0.1488,0.000192,8.10E-05,0.0123,0,-1,0.000493,20,6.8
7250,6,-5.00 ,-484.762,6.183658049,0.1487,0.0001908,8.09E-05,0.01229,0,-1,0.000492,20,6.9
7355,6,-5.00 ,-485.308,6.184783741,0.1487,0.0001896,8.07E-05,0.01227,0,-1,0.000492,20,7
7460,6,-5.00 ,-485.837,6.185873177,0.1486,0.0001884,8.05E-05,0.01225,0,-1,0.000491,20,7.1
7565,6,-5.00 ,-486.378,6.186986099,0.1486,0.0001874,8.03E-05,0.01224,0,-1,0.00049,20,7.2
7670,6,-5.00 ,-487.024,6.188313403,0.1485,0.0001869,8.02E-05,0.01225,0,-1,0.000491,20,7.3
7775,6,-5.00 ,-487.607,6.189509754,0.1485,0.0001864,8.01E-05,0.01225,0,-1,0.000491,20,7.4
7880,6,-5.00 ,-488.164,6.190651415,0.1484,0.0001859,8.00E-05,0.01224,0,-1,0.000491,20,7.5
7985,6,-5.00 ,-488.691,6.191730388,0.1484,0.0001855,7.99E-05,0.01224,0,-1,0.00049,20,7.6
8090,6,-5.00 ,-489.195,6.192761183,0.1484,0.0001851,7.98E-05,0.01224,0,-1,0.00049,20,7.7
8195,6,-5.00 ,-489.679,6.193750074,0.1483,0.0001847,7.97E-05,0.01223,0,-1,0.00049,20,7.8
8300,6,-5.00 ,-490.145,6.194701266,0.1483,0.0001844,7.96E-05,0.01223,0,-1,0.00049,20,7.9
8405,6,-5.00 ,-490.594,6.195616902,0.1483,0.000184,7.95E-05,0.01222,0,-1,0.00049,20,8
8510,6,-5.00 ,-491.028,6.196501153,0.1482,0.0001837,7.94E-05,0.01222,0,-1,0.000489,20,8.1
8615,6,-5.00 ,-491.446,6.197352066,0.1482,0.0001833,7.94E-05,0.01221,0,-1,0.000489,20,8.2
8720,6,-5.00 ,-491.85,6.198173792,0.1482,0.000183,7.93E-05,0.0122,0,-1,0.000489,20,8.3
8825,6,-5.00 ,-492.24,6.198966402,0.1482,0.0001827,7.92E-05,0.0122,0,-1,0.000489,20,8.4
8930,6,-5.00 ,-492.617,6.199731996,0.1481,0.0001824,7.91E-05,0.01219,0,-1,0.000488,20,8.5
9035,6,-5.00 ,-492.981,6.200470634,0.1481,0.0001821,7.91E-05,0.01219,0,-1,0.000488,20,8.6
9140,6,-5.00 ,-493.333,6.201184402,0.1481,0.0001818,7.90E-05,0.01218,0,-1,0.000488,20,8.7
9245,6,-5.00 ,-493.672,6.201871329,0.1481,0.0001815,7.89E-05,0.01217,0,-1,0.000488,20,8.8
9350,6,-5.00 ,-494,6.202535517,0.148,0.0001813,7.89E-05,0.01217,0,-1,0.000488,20,8.9
9455,6,-5.00 ,-494.317,6.203177012,0.148,0.000181,7.88E-05,0.01216,0,-1,0.000487,20,9
9560,6,-5.00 ,-494.622,6.203793834,0.148,0.0001808,7.88E-05,0.01216,0,-1,0.000487,20,9.1
9665,6,-5.00 ,-494.917,6.204390072,0.148,0.0001805,7.87E-05,0.01215,0,-1,0.000487,20,9.2
9770,6,-5.00 ,-495.201,6.204963741,0.148,0.0001803,7.86E-05,0.01215,0,-1,0.000487,20,9.3
9875,6,-5.00 ,-495.475,6.205516898,0.1479,0.0001801,7.86E-05,0.01214,0,-1,0.000487,20,9.4
9980,6,-5.00 ,-495.74,6.206051596,0.1479,0.0001799,7.85E-05,0.01214,0,-1,0.000486,20,9.5
10085,6,-5.00 ,-495.994,6.20656383,0.1479,0.0001797,7.85E-05,0.01213,0,-1,0.000486,20,9.6
10190,6,-5.00 ,-496.239,6.207057666,0.1479,0.0001795,7.85E-05,0.01213,0,-1,0.000486,20,9.7
10295,6,-5.00 ,-496.475,6.20753313,0.1479,0.0001793,7.84E-05,0.01213,0,-1,0.000486,20,9.8
10400,6,-5.00 ,-496.702,6.207990249,0.1479,0.0001791,7.84E-05,0.01212,0,-1,0.000486,20,9.9
10505,6,-5.00 ,-496.92,6.208429047,0.1478,0.0001789,7.83E-05,0.01212,0,-1,0.000485,20,10
10610,6,-5.00 ,-497.13,6.208851561,0.1478,0.0001788,7.83E-05,0.01211,0,-1,0.000485,20,10.1
10715,6,-5.00 ,-497.331,6.2092558,0.1478,0.0001786,7.82E-05,0.01211,0,-1,0.000485,20,10.2
10820,6,-5.00 ,-497.524,6.209643797,0.1478,0.0001785,7.82E-05,0.01211,0,-1,0.000485,20,10.3
10925,6,-5.00 ,-497.71,6.210017578,0.1478,0.0001783,7.82E-05,0.01211,0,-1,0.000485,20,10.4
11030,6,-5.00 ,-497.887,6.210373144,0.1478,0.0001782,7.81E-05,0.0121,0,-1,0.000485,20,10.5
11135,6,-5.00 ,-498.057,6.210714528,0.1478,0.000178,7.81E-05,0.0121,0,-1,0.000485,20,10.6
11240,6,-5.00 ,-498.22,6.211041747,0.1478,0.0001779,7.81E-05,0.0121,0,-1,0.000485,20,10.7
11345,6,-5.00 ,-498.376,6.211354812,0.1478,0.0001778,7.80E-05,0.0121,0,-1,0.000485,20,10.8
11450,6,-5.00 ,-498.524,6.211651733,0.1477,0.0001777,7.80E-05,0.0121,0,-1,0.000485,20,10.9
11555,6,-5.00 ,-498.666,6.211936533,0.1477,0.0001775,7.80E-05,0.01209,0,-1,0.000485,20,11
11660,6,-5.00 ,-498.801,6.212207219,0.1477,0.0001774,7.80E-05,0.01209,0,-1,0.000484,20,11.1
11765,6,-5.00 ,-498.93,6.212465805,0.1477,0.0001773,7.79E-05,0.01209,0,-1,0.000484,20,11.2
11870,6,-5.00 ,-499.052,6.212710299,0.1477,0.0001772,7.79E-05,0.01209,0,-1,0.000484,20,11.3
11975,6,-5.00 ,-499.168,6.212942712,0.1477,0.0001771,7.79E-05,0.01209,0,-1,0.000484,20,11.4
12080,6,-5.00 ,-499.278,6.213163055,0.1477,0.000177,7.79E-05,0.01209,0,-1,0.000484,20,11.5
12185,6,-5.00 ,-499.382,6.213371334,0.1477,0.000177,7.79E-05,0.01209,0,-1,0.000484,20,11.6
12290,6,-5.00 ,-499.481,6.213569559,0.1477,0.0001769,7.78E-05,0.01209,0,-1,0.000484,20,11.7
12395,6,-5.00 ,-499.574,6.213755735,0.1477,0.0001768,7.78E-05,0.01209,0,-1,0.000484,20,11.8
12500,6,-5.00 ,-499.661,6.213929868,0.1477,0.0001767,7.78E-05,0.01209,0,-1,0.000484,20,11.9
12605,6,-5.00 ,-499.743,6.214093966,0.1477,0.0001767,7.78E-05,0.01209,0,-1,0.000484,20,12
12710,6,-5.00 ,-499.82,6.214248034,0.1477,0.0001766,7.78E-05,0.01209,0,-1,0.000484,20,12.1
12815,6,-5.00 ,-499.892,6.214392075,0.1476,0.0001766,7.78E-05,0.01209,0,-1,0.000484,20,12.2
12920,6,-5.00 ,-499.958,6.214524095,0.1476,0.0001765,7.77E-05,0.01209,0,-1,0.000485,20,12.3
13025,6,-5.00 ,-500.02,6.214648098,0.1476,0.0001765,7.77E-05,0.0121,0,-1,0.000485,20,12.4
13130,6,-5.00 ,-500.077,6.214762087,0.1476,0.0001764,7.77E-05,0.0121,0,-1,0.000485,20,12.5
13235,6,-5.00 ,-500.13,6.214868065,0.1476,0.0001764,7.77E-05,0.0121,0,-1,0.000485,20,12.6
13340,6,-5.00 ,-500.178,6.214964035,0.1476,0.0001763,7.77E-05,0.0121,0,-1,0.000485,20,12.7
13445,6,-5.00 ,-500.222,6.215052,0.1476,0.0001763,7.77E-05,0.0121,0,-1,0.000485,20,12.8
13550,6,-5.00 ,-500.262,6.215131961,0.1476,0.0001763,7.77E-05,0.0121,0,-1,0.000485,20,12.9
13655,6,-5.00 ,-500.297,6.215201922,0.1476,0.0001762,7.77E-05,0.01211,0,-1,0.000485,20,13
13760,6,-5.00 ,-500.329,6.215265882,0.1476,0.0001762,7.77E-05,0.01211,0,-1,0.000485,20,13.1
13865,6,-5.00 ,-500.356,6.215319845,0.1476,0.0001762,7.77E-05,0.01211,0,-1,0.000485,20,13.2
13970,6,-5.00 ,-500.38,6.21536781,0.1476,0.0001762,7.77E-05,0.01211,0,-1,0.000485,20,13.3
14075,6,-5.00 ,-500.4,6.215407779,0.1476,0.0001761,7.77E-05,0.01212,0,-1,0.000485,20,13.4
14180,6,-5.00 ,-500.416,6.215439753,0.1476,0.0001761,7.77E-05,0.01212,0,-1,0.000486,20,13.5
14285,6,-5.00 ,-500.429,6.215465731,0.1476,0.0001761,7.77E-05,0.01212,0,-1,0.000486,20,13.6
14390,6,-5.00 ,-500.439,6.215485713,0.1476,0.0001761,7.77E-05,0.01213,0,-1,0.000486,20,13.7
14495,6,-5.00 ,-500.445,6.215497703,0.1476,0.0001761,7.77E-05,0.01213,0,-1,0.000486,20,13.8
14600,6,-5.00 ,-500.448,6.215503697,0.1476,0.0001761,7.77E-05,0.01213,0,-1,0.000486,20,13.9
14705,6,-5.00 ,-500.448,6.215503697,0.1476,0.0001761,7.77E-05,0.01214,0,-1,0.000486,20,14
14810,6,-5.00 ,-500.445,6.215497703,0.1476,0.0001761,7.77E-05,0.01214,0,-1,0.000486,20,14.1
14915,6,-5.00 ,-500.439,6.215485713,0.1476,0.0001761,7.77E-05,0.01215,0,-1,0.000487,20,14.2
15020,6,-5.00 ,-500.43,6.215467729,0.1476,0.0001761,7.77E-05,0.01215,0,-1,0.000487,20,14.3
15125,6,-5.00 ,-500.419,6.215445747,0.1476,0.0001761,7.77E-05,0.01215,0,-1,0.000487,20,14.4
15230,6,-5.00 ,-500.404,6.215415772,0.1476,0.0001761,7.77E-05,0.01216,0,-1,0.000487,20,14.5
15335,6,-5.00 ,-500.387,6.215381799,0.1476,0.0001762,7.77E-05,0.01216,0,-1,0.000487,20,14.6
15440,6,-5.00 ,-500.368,6.215343828,0.1476,0.0001762,7.77E-05,0.01217,0,-1,0.000487,20,14.7
15545,6,-5.00 ,-500.346,6.215299859,0.1476,0.0001762,7.77E-05,0.01217,0,-1,0.000488,20,14.8
15650,6,-5.00 ,-500.322,6.215251891,0.1476,0.0001762,7.77E-05,0.01218,0,-1,0.000488,20,14.9
15755,6,-5.00 ,-500.295,6.215197924,0.1476,0.0001762,7.77E-05,0.01218,0,-1,0.000488,20,15
15860,6,-5.00 ,-500.266,6.215139957,0.1476,0.0001763,7.77E-05,0.01218,0,-1,0.000488,20,15.1
15965,6,-5.00 ,-500.235,6.215077988,0.1476,0.0001763,7.77E-05,0.01219,0,-1,0.000488,20,15.2
16070,6,-5.00 ,-500.202,6.215012017,0.1476,0.0001763,7.77E-05,0.01219,0,-1,0.000489,20,15.3
16175,6,-5.00 ,-500.167,6.214942043,0.1476,0.0001763,7.77E-05,0.0122,0,-1,0.000489,20,15.4
16280,6,-5.00 ,-500.131,6.214870064,0.1476,0.0001764,7.77E-05,0.0122,0,-1,0.000489,20,15.5
16385,6,-5.00 ,-500.092,6.214792081,0.1476,0.0001764,7.77E-05,0.01221,0,-1,0.000489,20,15.6
16490,6,-5.00 ,-500.051,6.214710093,0.1476,0.0001764,7.77E-05,0.01221,0,-1,0.000489,20,15.7
16595,6,-5.00 ,-500.009,6.214626098,0.1476,0.0001765,7.77E-05,0.01222,0,-1,0.00049,20,15.8
16700,6,-5.00 ,-499.965,6.214538096,0.1476,0.0001765,7.77E-05,0.01222,0,-1,0.00049,20,15.9
16805,6,-5.00 ,-499.92,6.214448086,0.1476,0.0001765,7.78E-05,0.01223,0,-1,0.00049,20,16
16910,6,-5.00 ,-499.873,6.214354066,0.1477,0.0001766,7.78E-05,0.01223,0,-1,0.00049,20,16.1
17015,6,-5.00 ,-499.825,6.214258037,0.1477,0.0001766,7.78E-05,0.01224,0,-1,0.00049,20,16.2
17120,6,-5.00 ,-499.775,6.214157997,0.1477,0.0001766,7.78E-05,0.01224,0,-1,0.000491,20,16.3
17225,6,-5.00 ,-499.724,6.214055946,0.1477,0.0001767,7.78E-05,0.01225,0,-1,0.000491,20,16.4
17330,6,-5.00 ,-499.671,6.213949882,0.1477,0.0001767,7.78E-05,0.01226,0,-1,0.000491,20,16.5
17435,6,-5.00 ,-499.617,6.213841805,0.1477,0.0001768,7.78E-05,0.01226,0,-1,0.000491,20,16.6
17540,6,-5.00 ,-499.562,6.213731715,0.1477,0.0001768,7.78E-05,0.01227,0,-1,0.000491,20,16.7
17645,6,-5.00 ,-499.506,6.21361961,0.1477,0.0001769,7.78E-05,0.01227,0,-1,0.000492,20,16.8
17750,6,-5.00 ,-499.449,6.213505491,0.1477,0.0001769,7.78E-05,0.01228,0,-1,0.000492,20,16.9
17855,6,-5.00 ,-499.391,6.213389356,0.1477,0.000177,7.79E-05,0.01228,0,-1,0.000492,20,17
17960,6,-5.00 ,-499.332,6.213271205,0.1477,0.000177,7.79E-05,0.01229,0,-1,0.000492,20,17.1
18065,6,-5.00 ,-499.272,6.213151037,0.1477,0.0001771,7.79E-05,0.01229,0,-1,0.000493,20,17.2
18170,6,-5.00 ,-499.211,6.213028852,0.1477,0.0001771,7.79E-05,0.0123,0,-1,0.000493,20,17.3
18275,6,-5.00 ,-499.149,6.212904648,0.1477,0.0001772,7.79E-05,0.0123,0,-1,0.000493,20,17.4
18380,6,-5.00 ,-499.086,6.212778426,0.1477,0.0001772,7.79E-05,0.01231,0,-1,0.000493,20,17.5
18485,6,-5.00 ,-499.023,6.212652187,0.1477,0.0001773,7.79E-05,0.01232,0,-1,0.000493,20,17.6
18590,6,-5.00 ,-498.959,6.212523928,0.1477,0.0001773,7.79E-05,0.01232,0,-1,0.000494,20,17.7
18695,6,-5.00 ,-498.894,6.212393648,0.1477,0.0001774,7.79E-05,0.01233,0,-1,0.000494,20,17.8
18800,6,-5.00 ,-498.829,6.212263352,0.1477,0.0001774,7.80E-05,0.01233,0,-1,0.000494,20,17.9
18905,6,-5.00 ,-498.763,6.212131033,0.1477,0.0001775,7.80E-05,0.01234,0,-1,0.000494,20,18
19010,6,-5.00 ,-498.696,6.211996692,0.1477,0.0001775,7.80E-05,0.01234,0,-1,0.000495,20,18.1
19115,6,-5.00 ,-498.629,6.211862332,0.1477,0.0001776,7.80E-05,0.01235,0,-1,0.000495,20,18.2
19220,6,-5.00 ,-498.562,6.211727955,0.1477,0.0001776,7.80E-05,0.01235,0,-1,0.000495,20,18.3
19325,6,-5.00 ,-498.494,6.211591553,0.1477,0.0001777,7.80E-05,0.01236,0,-1,0.000495,20,18.4
19430,6,-5.00 ,-498.425,6.211453127,0.1477,0.0001777,7.80E-05,0.01237,0,-1,0.000495,20,18.5
19535,6,-5.00 ,-498.357,6.211316688,0.1478,0.0001778,7.80E-05,0.01237,0,-1,0.000496,20,18.6
19640,6,-5.00 ,-498.288,6.211178223,0.1478,0.0001778,7.81E-05,0.01238,0,-1,0.000496,20,18.7
19745,6,-5.00 ,-498.219,6.211039739,0.1478,0.0001779,7.81E-05,0.01238,0,-1,0.000496,20,18.8
19850,6,-5.00 ,-498.149,6.210899229,0.1478,0.000178,7.81E-05,0.01239,0,-1,0.000496,20,18.9
19955,6,-5.00 ,-498.079,6.210758699,0.1478,0.000178,7.81E-05,0.01239,0,-1,0.000496,20,19
20060,6,-5.00 ,-498.01,6.210620157,0.1478,0.0001781,7.81E-05,0.0124,0,-1,0.000497,20,19.1
20165,6,-5.00 ,-497.94,6.210479588,0.1478,0.0001781,7.81E-05,0.0124,0,-1,0.000497,20,19.2
20270,6,-5.00 ,-497.87,6.210338999,0.1478,0.0001782,7.81E-05,0.01241,0,-1,0.000497,20,19.3
20375,6,-5.00 ,-497.799,6.210196381,0.1478,0.0001782,7.82E-05,0.01241,0,-1,0.000497,20,19.4
20480,6,-5.00 ,-497.729,6.210055752,0.1478,0.0001783,7.82E-05,0.01242,0,-1,0.000498,20,19.5
20585,6,-5.00 ,-497.659,6.209915104,0.1478,0.0001783,7.82E-05,0.01242,0,-1,0.000498,20,19.6
20690,6,-5.00 ,-497.589,6.209774435,0.1478,0.0001784,7.82E-05,0.01243,0,-1,0.000498,20,19.7
20795,6,-5.00 ,-497.518,6.209631737,0.1478,0.0001785,7.82E-05,0.01243,0,-1,0.000498,20,19.8
20900,6,-5.00 ,-497.448,6.209491029,0.1478,0.0001785,7.82E-05,0.01244,0,-1,0.000498,20,19.9
21005,6,-5.00 ,-497.378,6.2093503,0.1478,0.0001786,7.82E-05,0.01244,0,-1,0.000499,20,20
21110,6,-5.00 ,-497.308,6.209209552,0.1478,0.0001786,7.82E-05,0.01245,0,-1,0.000499,20,20.1
21215,6,-5.00 ,-497.238,6.209068785,0.1478,0.0001787,7.83E-05,0.01245,0,-1,0.000499,20,20.2
21320,6,-5.00 ,-497.169,6.208930009,0.1478,0.0001787,7.83E-05,0.01246,0,-1,0.000499,20,20.3
21425,6,-5.00 ,-497.099,6.208789201,0.1478,0.0001788,7.83E-05,0.01246,0,-1,0.000499,20,20.4
21530,6,-5.00 ,-497.03,6.208650386,0.1478,0.0001788,7.83E-05,0.01247,0,-1,0.0005,20,20.5
21635,6,-5.00 ,-496.961,6.208511552,0.1478,0.0001789,7.83E-05,0.01247,0,-1,0.0005,20,20.6
21740,6,-5.00 ,-496.892,6.208372699,0.1479,0.000179,7.83E-05,0.01248,0,-1,0.0005,20,20.7
21845,6,-5.00 ,-496.824,6.208235839,0.1479,0.000179,7.83E-05,0.01248,0,-1,0.0005,20,20.8
21950,6,-5.00 ,-496.756,6.20809896,0.1479,0.0001791,7.84E-05,0.01249,0,-1,0.0005,20,20.9
22055,6,-5.00 ,-496.688,6.207962062,0.1479,0.0001791,7.84E-05,0.01249,0,-1,0.000501,20,21
22160,6,-5.00 ,-496.621,6.20782716,0.1479,0.0001792,7.84E-05,0.0125,0,-1,0.000501,20,21.1
22265,6,-5.00 ,-496.553,6.207690225,0.1479,0.0001792,7.84E-05,0.0125,0,-1,0.000501,20,21.2
22370,6,-5.00 ,-496.487,6.2075573,0.1479,0.0001793,7.84E-05,0.01251,0,-1,0.000501,20,21.3
22475,6,-5.00 ,-496.42,6.207422343,0.1479,0.0001793,7.84E-05,0.01251,0,-1,0.000501,20,21.4
22580,6,-5.00 ,-496.354,6.207289382,0.1479,0.0001794,7.84E-05,0.01252,0,-1,0.000501,20,21.5
22685,6,-5.00 ,-496.289,6.207158418,0.1479,0.0001794,7.84E-05,0.01252,0,-1,0.000502,20,21.6
22790,6,-5.00 ,-496.224,6.207027438,0.1479,0.0001795,7.85E-05,0.01252,0,-1,0.000502,20,21.7
22895,6,-5.00 ,-496.159,6.20689644,0.1479,0.0001795,7.85E-05,0.01253,0,-1,0.000502,20,21.8
23000,6,-5.00 ,-496.095,6.206767441,0.1479,0.0001796,7.85E-05,0.01253,0,-1,0.000502,20,21.9
23105,6,-5.00 ,-496.032,6.206640441,0.1479,0.0001796,7.85E-05,0.01254,0,-1,0.000502,20,22
23210,6,-5.00 ,-495.969,6.206513425,0.1479,0.0001797,7.85E-05,0.01254,0,-1,0.000502,20,22.1
23315,6,-5.00 ,-495.906,6.206386393,0.1479,0.0001797,7.85E-05,0.01254,0,-1,0.000503,20,22.2
23420,6,-5.00 ,-495.844,6.206261361,0.1479,0.0001798,7.85E-05,0.01255,0,-1,0.000503,20,22.3
23525,6,-5.00 ,-495.783,6.206138331,0.1479,0.0001798,7.85E-05,0.01255,0,-1,0.000503,20,22.4
23630,6,-5.00 ,-495.722,6.206015286,0.1479,0.0001799,7.85E-05,0.01256,0,-1,0.000503,20,22.5
23735,6,-5.00 ,-495.662,6.205894243,0.1479,0.0001799,7.86E-05,0.01256,0,-1,0.000503,20,22.6
23840,6,-5.00 ,-495.602,6.205773185,0.1479,0.00018,7.86E-05,0.01256,0,-1,0.000503,20,22.7
23945,6,-5.00 ,-495.543,6.205654131,0.1479,0.00018,7.86E-05,0.01257,0,-1,0.000503,20,22.8
24050,6,-5.00 ,-495.484,6.205535063,0.1479,0.0001801,7.86E-05,0.01257,0,-1,0.000504,20,22.9
24155,6,-5.00 ,-495.427,6.205420017,0.1479,0.0001801,7.86E-05,0.01257,0,-1,0.000504,20,23
24260,6,-5.00 ,-495.37,6.205304958,0.148,0.0001802,7.86E-05,0.01258,0,-1,0.000504,20,23.1
24365,6,-5.00 ,-495.313,6.205189886,0.148,0.0001802,7.86E-05,0.01258,0,-1,0.000504,20,23.2
24470,6,-5.00 ,-495.258,6.205078839,0.148,0.0001803,7.86E-05,0.01258,0,-1,0.000504,20,23.3
24575,6,-5.00 ,-495.202,6.20496576,0.148,0.0001803,7.86E-05,0.01259,0,-1,0.000504,20,23.4
24680,6,-5.00 ,-495.148,6.204856708,0.148,0.0001804,7.87E-05,0.01259,0,-1,0.000504,20,23.5
24785,6,-5.00 ,-495.094,6.204747644,0.148,0.0001804,7.87E-05,0.01259,0,-1,0.000505,20,23.6
24890,6,-5.00 ,-495.041,6.204640587,0.148,0.0001804,7.87E-05,0.0126,0,-1,0.000505,20,23.7
24995,6,-5.00 ,-494.989,6.20453554,0.148,0.0001805,7.87E-05,0.0126,0,-1,0.000505,20,23.8
25100,6,-5.00 ,-494.938,6.204432502,0.148,0.0001805,7.87E-05,0.0126,0,-1,0.000505,20,23.9
25205,6,-5.00 ,-494.887,6.204329454,0.148,0.0001806,7.87E-05,0.01261,0,-1,0.000505,20,24
25310,6,-5.00 ,-494.837,6.204228415,0.148,0.0001806,7.87E-05,0.01261,0,-1,0.000505,20,24.1
25415,6,-5.00 ,-494.788,6.204129388,0.148,0.0001806,7.87E-05,0.01261,0,-1,0.000505,20,24.2
25520,6,-5.00 ,-494.739,6.204030351,0.148,0.0001807,7.87E-05,0.01261,0,-1,0.000505,20,24.3
25625,6,-5.00 ,-494.691,6.203933325,0.148,0.0001807,7.87E-05,0.01262,0,-1,0.000505,20,24.4
25730,6,-5.00 ,-494.644,6.203838312,0.148,0.0001808,7.88E-05,0.01262,0,-1,0.000506,20,24.5
25835,6,-5.00 ,-494.598,6.203745311,0.148,0.0001808,7.88E-05,0.01262,0,-1,0.000506,20,24.6
25940,6,-5.00 ,-494.553,6.203654324,0.148,0.0001808,7.88E-05,0.01262,0,-1,0.000506,20,24.7
26045,6,-5.00 ,-494.508,6.203563329,0.148,0.0001809,7.88E-05,0.01263,0,-1,0.000506,20,24.8
26150,6,-5.00 ,-494.464,6.203474348,0.148,0.0001809,7.88E-05,0.01263,0,-1,0.000506,20,24.9
26255,6,-5.00 ,-494.421,6.203387381,0.148,0.0001809,7.88E-05,0.01263,0,-1,0.000506,20,25
25,26,-25.00 ,-217.925,5.384150967,0.1881,0.003021,0.000277,0.01371,0,-1,0.000549,20,0
130,26,-25.00 ,-217.745,5.383324653,0.1881,0.003029,0.0002774,0.01363,0,-1,0.000546,20,0.1
235,26,-25.00 ,-217.565,5.382497656,0.1882,0.003037,0.0002777,0.01358,0,-1,0.000544,20,0.2
340,26,-25.00 ,-217.386,5.381674575,0.1882,0.003045,0.000278,0.01356,0,-1,0.000543,20,0.3
445,26,-25.00 ,-217.206,5.380846212,0.1883,0.003053,0.0002784,0.01355,0,-1,0.000543,20,0.4
550,26,-25.00 ,-217.026,5.380017162,0.1883,0.003061,0.0002787,0.01356,0,-1,0.000543,20,0.5
655,26,-25.00 ,-216.846,5.379187424,0.1884,0.003069,0.0002791,0.01357,0,-1,0.000544,20,0.6
760,26,-25.00 ,-216.665,5.378352382,0.1884,0.003077,0.0002794,0.01359,0,-1,0.000544,20,0.7
865,26,-25.00 ,-216.485,5.377521261,0.1885,0.003085,0.0002797,0.01361,0,-1,0.000545,20,0.8
970,26,-25.00 ,-216.304,5.376684826,0.1885,0.003093,0.0002801,0.01363,0,-1,0.000546,20,0.9
1075,26,-25.00 ,-216.124,5.375852317,0.1886,0.003101,0.0002804,0.01365,0,-1,0.000547,20,1
1180,26,-25.00 ,-215.944,5.375019115,0.1886,0.003109,0.0002808,0.01367,0,-1,0.000548,20,1.1
1285,26,-25.00 ,-215.763,5.374180583,0.1887,0.003117,0.0002811,0.0137,0,-1,0.000549,20,1.2
1390,26,-25.00 ,-215.582,5.373341348,0.1887,0.003126,0.0002814,0.01372,0,-1,0.00055,20,1.3
1495,26,-25.00 ,-215.402,5.37250605,0.1888,0.003134,0.0002818,0.01374,0,-1,0.000551,20,1.4
1600,26,-25.00 ,-215.221,5.371665407,0.1888,0.003142,0.0002821,0.01377,0,-1,0.000552,20,1.5
1705,26,-25.00 ,-215.04,5.370824057,0.1889,0.00315,0.0002825,0.01379,0,-1,0.000553,20,1.6
1810,26,-25.00 ,-214.859,5.369981999,0.1889,0.003158,0.0002828,0.01382,0,-1,0.000554,20,1.7
1915,26,-25.00 ,-214.677,5.369134573,0.189,0.003166,0.0002831,0.01384,0,-1,0.000554,20,1.8
2020,26,-25.00 ,-214.496,5.36829109,0.189,0.003174,0.0002835,0.01386,0,-1,0.000555,20,1.9
2125,26,-25.00 ,-214.315,5.367446895,0.1891,0.003182,0.0002838,0.01389,0,-1,0.000556,20,2
2230,26,-25.00 ,-214.134,5.366601987,0.1891,0.00319,0.0002842,0.01391,0,-1,0.000557,20,2.1
2335,26,-25.00 ,-213.953,5.365756365,0.1892,0.003198,0.0002845,0.01393,0,-1,0.000558,20,2.2
2440,26,-25.00 ,-213.772,5.364910026,0.1892,0.003207,0.0002849,0.01396,0,-1,0.000559,20,2.3
2545,26,-25.00 ,-213.591,5.364062971,0.1893,0.003215,0.0002852,0.01398,0,-1,0.00056,20,2.4
2650,26,-25.00 ,-213.41,5.363215198,0.1893,0.003223,0.0002855,0.014,0,-1,0.000561,20,2.5
2755,26,-25.00 ,-213.229,5.362366706,0.1894,0.003231,0.0002859,0.01402,0,-1,0.000562,20,2.6
2860,26,-25.00 ,-213.049,5.361522186,0.1894,0.003239,0.0002862,0.01404,0,-1,0.000563,20,2.7
2965,26,-25.00 ,-212.868,5.360672255,0.1895,0.003247,0.0002866,0.01406,0,-1,0.000563,20,2.8
3070,26,-25.00 ,-212.688,5.359826303,0.1895,0.003255,0.0002869,0.01408,0,-1,0.000564,20,2.9
3175,26,-25.00 ,-212.508,5.358979635,0.1896,0.003263,0.0002872,0.01411,0,-1,0.000565,20,3
3280,26,-25.00 ,-212.328,5.358132249,0.1896,0.003271,0.0002876,0.01413,0,-1,0.000566,20,3.1
3385,26,-25.00 ,-212.149,5.357288858,0.1897,0.003279,0.0002879,0.01415,0,-1,0.000567,20,3.2
3490,26,-25.00 ,-211.971,5.356449473,0.1897,0.003287,0.0002883,0.01417,0,-1,0.000568,20,3.3
3595,26,-25.00 ,-211.795,5.355618826,0.1898,0.003295,0.0002886,0.01419,0,-1,0.000568,20,3.4
3700,26,-25.00 ,-211.619,5.354787488,0.1898,0.003303,0.0002889,0.01421,0,-1,0.000569,20,3.5
3805,26,-25.00 ,-211.446,5.353969647,0.1899,0.003311,0.0002893,0.01423,0,-1,0.00057,20,3.6
3910,26,-25.00 ,-211.273,5.353151136,0.1899,0.003318,0.0002896,0.01425,0,-1,0.000571,20,3.7
4015,26,-25.00 ,-211.101,5.352336692,0.19,0.003326,0.0002899,0.01427,0,-1,0.000572,20,3.8
4120,26,-25.00 ,-210.93,5.351526325,0.19,0.003334,0.0002902,0.01429,0,-1,0.000572,20,3.9
4225,26,-25.00 ,-210.76,5.350720045,0.1901,0.003341,0.0002905,0.01431,0,-1,0.000573,20,4
4330,26,-25.00 ,-210.591,5.349917864,0.1901,0.003349,0.0002909,0.01433,0,-1,0.000574,20,4.1
4435,26,-25.00 ,-210.422,5.349115038,0.1901,0.003356,0.0002912,0.01435,0,-1,0.000575,20,4.2
4540,26,-25.00 ,-210.254,5.348316324,0.1902,0.003364,0.0002915,0.01437,0,-1,0.000576,20,4.3
4645,26,-25.00 ,-210.086,5.347516971,0.1902,0.003372,0.0002918,0.01439,0,-1,0.000576,20,4.4
4750,26,-25.00 ,-209.919,5.346721742,0.1903,0.003379,0.0002921,0.01441,0,-1,0.000577,20,4.5
4855,26,-25.00 ,-209.754,5.345935415,0.1903,0.003386,0.0002924,0.01443,0,-1,0.000578,20,4.6
4960,26,-25.00 ,-209.588,5.345143699,0.1904,0.003394,0.0002928,0.01444,0,-1,0.000579,20,4.7
5065,26,-25.00 ,-209.424,5.344360905,0.1904,0.003401,0.0002931,0.01446,0,-1,0.000579,20,4.8
5170,26,-25.00 ,-209.261,5.343582277,0.1905,0.003408,0.0002934,0.01448,0,-1,0.00058,20,4.9
5275,26,-25.00 ,-209.099,5.342807824,0.1905,0.003416,0.0002937,0.0145,0,-1,0.000581,20,5
5380,26,-25.00 ,-208.937,5.342032771,0.1906,0.003423,0.000294,0.01452,0,-1,0.000582,20,5.1
5485,26,-25.00 ,-208.777,5.341266697,0.1906,0.00343,0.0002943,0.01453,0,-1,0.000582,20,5.2
5590,26,-25.00 ,-208.618,5.340504828,0.1906,0.003437,0.0002946,0.01455,0,-1,0.000583,20,5.3
5695,26,-25.00 ,-208.46,5.339747176,0.1907,0.003444,0.0002949,0.01456,0,-1,0.000583,20,5.4
5800,26,-25.00 ,-208.303,5.33899375,0.1907,0.003451,0.0002952,0.01458,0,-1,0.000584,20,5.5
5905,26,-25.00 ,-208.148,5.338249365,0.1908,0.003458,0.0002955,0.01459,0,-1,0.000585,20,5.6
6010,26,-25.00 ,-207.993,5.337504425,0.1908,0.003465,0.0002958,0.01461,0,-1,0.000585,20,5.7
6115,26,-25.00 ,-207.84,5.336768553,0.1909,0.003472,0.0002961,0.01462,0,-1,0.000586,20,5.8
6220,26,-25.00 ,-207.688,5.336036954,0.1909,0.003479,0.0002963,0.01463,0,-1,0.000586,20,5.9
6325,26,-25.00 ,-207.538,5.335314455,0.1909,0.003486,0.0002966,0.01465,0,-1,0.000587,20,6
6430,26,-25.00 ,-207.389,5.334596257,0.191,0.003492,0.0002969,0.01466,0,-1,0.000587,20,6.1
6535,26,-25.00 ,-207.241,5.333882367,0.191,0.003499,0.0002972,0.01467,0,-1,0.000588,20,6.2
6640,26,-25.00 ,-207.095,5.333177625,0.1911,0.003505,0.0002975,0.01468,0,-1,0.000588,20,6.3
6745,26,-25.00 ,-206.951,5.33248205,0.1911,0.003512,0.0002977,0.01469,0,-1,0.000589,20,6.4
6850,26,-25.00 ,-206.807,5.331785991,0.1911,0.003518,0.000298,0.0147,0,-1,0.000589,20,6.5
6955,26,-25.00 ,-206.666,5.331103964,0.1912,0.003525,0.0002983,0.01471,0,-1,0.000589,20,6.6
7060,26,-25.00 ,-206.527,5.330431154,0.1912,0.003531,0.0002985,0.01471,0,-1,0.000589,20,6.7
7165,26,-25.00 ,-206.39,5.329767583,0.1913,0.003537,0.0002988,0.01472,0,-1,0.00059,20,6.8
7270,26,-25.00 ,-206.255,5.329113267,0.1913,0.003543,0.0002991,0.01472,0,-1,0.00059,20,6.9
7375,26,-25.00 ,-206.121,5.328463375,0.1913,0.003549,0.0002993,0.01473,0,-1,0.00059,20,7
7480,26,-25.00 ,-205.989,5.327822769,0.1914,0.003555,0.0002996,0.01473,0,-1,0.00059,20,7.1
7585,26,-25.00 ,-205.859,5.327191468,0.1914,0.003561,0.0002998,0.01474,0,-1,0.000591,20,7.2
7690,26,-25.00 ,-205.73,5.326564629,0.1914,0.003566,0.0003,0.01475,0,-1,0.000591,20,7.3
7795,26,-25.00 ,-205.603,5.325947125,0.1915,0.003572,0.0003003,0.01476,0,-1,0.000591,20,7.4
7900,26,-25.00 ,-205.478,5.325338972,0.1915,0.003578,0.0003005,0.01476,0,-1,0.000591,20,7.5
8005,26,-25.00 ,-205.354,5.324735319,0.1915,0.003583,0.0003008,0.01477,0,-1,0.000592,20,7.6
8110,26,-25.00 ,-205.232,5.324141047,0.1916,0.003589,0.000301,0.01478,0,-1,0.000592,20,7.7
8215,26,-25.00 ,-205.112,5.323556171,0.1916,0.003594,0.0003012,0.01478,0,-1,0.000592,20,7.8
8320,26,-25.00 ,-204.993,5.322975832,0.1916,0.003599,0.0003014,0.01479,0,-1,0.000592,20,7.9
8425,26,-25.00 ,-204.876,5.322404918,0.1917,0.003605,0.0003017,0.01479,0,-1,0.000593,20,8
8530,26,-25.00 ,-204.761,5.321843445,0.1917,0.00361,0.0003019,0.0148,0,-1,0.000593,20,8.1
8635,26,-25.00 ,-204.647,5.321286544,0.1917,0.003615,0.0003021,0.0148,0,-1,0.000593,20,8.2
8740,26,-25.00 ,-204.535,5.32073911,0.1918,0.00362,0.0003023,0.0148,0,-1,0.000593,20,8.3
8845,26,-25.00 ,-204.425,5.32020116,0.1918,0.003625,0.0003025,0.01481,0,-1,0.000593,20,8.4
8950,26,-25.00 ,-204.316,5.319667815,0.1918,0.00363,0.0003027,0.01481,0,-1,0.000593,20,8.5
9055,26,-25.00 ,-204.209,5.319143979,0.1919,0.003635,0.0003029,0.01481,0,-1,0.000593,20,8.6
9160,26,-25.00 ,-204.104,5.318629668,0.1919,0.003639,0.0003031,0.01481,0,-1,0.000593,20,8.7
9265,26,-25.00 ,-204,5.318119994,0.1919,0.003644,0.0003033,0.01481,0,-1,0.000593,20,8.8
9370,26,-25.00 ,-203.898,5.317619869,0.1919,0.003648,0.0003035,0.01481,0,-1,0.000593,20,8.9
9475,26,-25.00 ,-203.798,5.317129307,0.192,0.003653,0.0003037,0.01481,0,-1,0.000593,20,9
9580,26,-25.00 ,-203.699,5.316643414,0.192,0.003657,0.0003039,0.01481,0,-1,0.000593,20,9.1
9685,26,-25.00 ,-203.602,5.316167108,0.192,0.003662,0.0003041,0.01481,0,-1,0.000593,20,9.2
9790,26,-25.00 ,-203.507,5.315700402,0.192,0.003666,0.0003042,0.0148,0,-1,0.000593,20,9.3
9895,26,-25.00 ,-203.413,5.315238395,0.1921,0.00367,0.0003044,0.0148,0,-1,0.000593,20,9.4
10000,26,-25.00 ,-203.321,5.314786011,0.1921,0.003674,0.0003046,0.0148,0,-1,0.000593,20,9.5
10105,26,-25.00 ,-203.231,5.314343263,0.1921,0.003678,0.0003048,0.01479,0,-1,0.000593,20,9.6
10210,26,-25.00 ,-203.142,5.313905242,0.1921,0.003682,0.0003049,0.01479,0,-1,0.000593,20,9.7
10315,26,-25.00 ,-203.055,5.313476878,0.1922,0.003686,0.0003051,0.01479,0,-1,0.000592,20,9.8
10420,26,-25.00 ,-202.969,5.313053258,0.1922,0.00369,0.0003053,0.01478,0,-1,0.000592,20,9.9
10525,26,-25.00 ,-202.885,5.312639316,0.1922,0.003694,0.0003054,0.01477,0,-1,0.000592,20,10
10630,26,-25.00 ,-202.803,5.312235065,0.1922,0.003697,0.0003056,0.01477,0,-1,0.000592,20,10.1
10735,26,-25.00 ,-202.722,5.311835582,0.1923,0.003701,0.0003057,0.01476,0,-1,0.000591,20,10.2
10840,26,-25.00 ,-202.643,5.31144581,0.1923,0.003705,0.0003059,0.01476,0,-1,0.000591,20,10.3
10945,26,-25.00 ,-202.565,5.311060823,0.1923,0.003708,0.000306,0.01475,0,-1,0.000591,20,10.4
11050,26,-25.00 ,-202.489,5.310685564,0.1923,0.003711,0.0003062,0.01474,0,-1,0.000591,20,10.5
11155,26,-25.00 ,-202.415,5.310320045,0.1923,0.003715,0.0003063,0.01473,0,-1,0.00059,20,10.6
11260,26,-25.00 ,-202.342,5.309959335,0.1924,0.003718,0.0003064,0.01472,0,-1,0.00059,20,10.7
11365,26,-25.00 ,-202.27,5.309603439,0.1924,0.003721,0.0003066,0.01471,0,-1,0.00059,20,10.8
11470,26,-25.00 ,-202.2,5.309257307,0.1924,0.003724,0.0003067,0.0147,0,-1,0.000589,20,10.9
11575,26,-25.00 ,-202.132,5.308920949,0.1924,0.003727,0.0003068,0.0147,0,-1,0.000589,20,11
11680,26,-25.00 ,-202.065,5.308589428,0.1924,0.00373,0.000307,0.01469,0,-1,0.000588,20,11.1
11785,26,-25.00 ,-201.999,5.308262747,0.1925,0.003733,0.0003071,0.01467,0,-1,0.000588,20,11.2
11890,26,-25.00 ,-201.935,5.307945863,0.1925,0.003736,0.0003072,0.01466,0,-1,0.000587,20,11.3
11995,26,-25.00 ,-201.873,5.307638787,0.1925,0.003739,0.0003073,0.01465,0,-1,0.000587,20,11.4
12100,26,-25.00 ,-201.811,5.307331616,0.1925,0.003742,0.0003074,0.01464,0,-1,0.000587,20,11.5
12205,26,-25.00 ,-201.752,5.30703922,0.1925,0.003744,0.0003076,0.01463,0,-1,0.000586,20,11.6
12310,26,-25.00 ,-201.693,5.306746739,0.1925,0.003747,0.0003077,0.01462,0,-1,0.000586,20,11.7
12415,26,-25.00 ,-201.636,5.306464092,0.1926,0.00375,0.0003078,0.01461,0,-1,0.000585,20,11.8
12520,26,-25.00 ,-201.581,5.306191286,0.1926,0.003752,0.0003079,0.01459,0,-1,0.000585,20,11.9
12625,26,-25.00 ,-201.527,5.305923367,0.1926,0.003755,0.000308,0.01458,0,-1,0.000584,20,12
12730,26,-25.00 ,-201.474,5.305660341,0.1926,0.003757,0.0003081,0.01457,0,-1,0.000584,20,12.1
12835,26,-25.00 ,-201.423,5.305407174,0.1926,0.003759,0.0003082,0.01455,0,-1,0.000583,20,12.2
12940,26,-25.00 ,-201.373,5.30515891,0.1926,0.003761,0.0003083,0.01454,0,-1,0.000582,20,12.3
13045,26,-25.00 ,-201.324,5.304915551,0.1926,0.003764,0.0003084,0.01452,0,-1,0.000582,20,12.4
13150,26,-25.00 ,-201.277,5.304682069,0.1927,0.003766,0.0003085,0.01451,0,-1,0.000581,20,12.5
13255,26,-25.00 ,-201.231,5.304453502,0.1927,0.003768,0.0003085,0.0145,0,-1,0.000581,20,12.6
13360,26,-25.00 ,-201.186,5.304229853,0.1927,0.00377,0.0003086,0.01448,0,-1,0.00058,20,12.7
13465,26,-25.00 ,-201.142,5.304011126,0.1927,0.003772,0.0003087,0.01447,0,-1,0.00058,20,12.8
13570,26,-25.00 ,-201.1,5.303802297,0.1927,0.003774,0.0003088,0.01445,0,-1,0.000579,20,12.9
13675,26,-25.00 ,-201.06,5.303603371,0.1927,0.003775,0.0003089,0.01443,0,-1,0.000578,20,13
13780,26,-25.00 ,-201.021,5.30340938,0.1927,0.003777,0.0003089,0.01442,0,-1,0.000578,20,13.1
13885,26,-25.00 ,-200.983,5.303220327,0.1927,0.003779,0.000309,0.0144,0,-1,0.000577,20,13.2
13990,26,-25.00 ,-200.947,5.303041192,0.1927,0.003781,0.0003091,0.01438,0,-1,0.000576,20,13.3
14095,26,-25.00 ,-200.911,5.302862024,0.1928,0.003782,0.0003091,0.01437,0,-1,0.000576,20,13.4
14200,26,-25.00 ,-200.877,5.30269278,0.1928,0.003784,0.0003092,0.01435,0,-1,0.000575,20,13.5
14305,26,-25.00 ,-200.843,5.302523508,0.1928,0.003785,0.0003093,0.01433,0,-1,0.000574,20,13.6
14410,26,-25.00 ,-200.811,5.302364167,0.1928,0.003787,0.0003093,0.01432,0,-1,0.000574,20,13.7
14515,26,-25.00 ,-200.78,5.302209781,0.1928,0.003788,0.0003094,0.0143,0,-1,0.000573,20,13.8
14620,26,-25.00 ,-200.75,5.302060353,0.1928,0.003789,0.0003094,0.01429,0,-1,0.000572,20,13.9
14725,26,-25.00 ,-200.721,5.301915884,0.1928,0.003791,0.0003095,0.01427,0,-1,0.000572,20,14
14830,26,-25.00 ,-200.693,5.301776377,0.1928,0.003792,0.0003096,0.01425,0,-1,0.000571,20,14.1
14935,26,-25.00 ,-200.667,5.301646818,0.1928,0.003793,0.0003096,0.01424,0,-1,0.00057,20,14.2
15040,26,-25.00 ,-200.642,5.301522225,0.1928,0.003794,0.0003097,0.01422,0,-1,0.00057,20,14.3
15145,26,-25.00 ,-200.617,5.301397618,0.1928,0.003795,0.0003097,0.0142,0,-1,0.000569,20,14.4
15250,26,-25.00 ,-200.594,5.301282965,0.1928,0.003796,0.0003097,0.01419,0,-1,0.000568,20,14.5
15355,26,-25.00 ,-200.572,5.301173285,0.1929,0.003797,0.0003098,0.01417,0,-1,0.000568,20,14.6
15460,26,-25.00 ,-200.551,5.301068578,0.1929,0.003798,0.0003098,0.01415,0,-1,0.000567,20,14.7
15565,26,-25.00 ,-200.532,5.300973835,0.1929,0.003799,0.0003099,0.01413,0,-1,0.000566,20,14.8
15670,26,-25.00 ,-200.513,5.300879083,0.1929,0.0038,0.0003099,0.01412,0,-1,0.000566,20,14.9
15775,26,-25.00 ,-200.495,5.300789309,0.1929,0.003801,0.0003099,0.0141,0,-1,0.000565,20,15
15880,26,-25.00 ,-200.478,5.300704515,0.1929,0.003801,0.00031,0.01408,0,-1,0.000564,20,15.1
15985,26,-25.00 ,-200.463,5.300629691,0.1929,0.003802,0.00031,0.01406,0,-1,0.000563,20,15.2
16090,26,-25.00 ,-200.448,5.300554861,0.1929,0.003803,0.00031,0.01405,0,-1,0.000563,20,15.3
16195,26,-25.00 ,-200.434,5.300485015,0.1929,0.003803,0.00031,0.01403,0,-1,0.000562,20,15.4
16300,26,-25.00 ,-200.421,5.300420154,0.1929,0.003804,0.0003101,0.01401,0,-1,0.000561,20,15.5
16405,26,-25.00 ,-200.409,5.300360278,0.1929,0.003805,0.0003101,0.01399,0,-1,0.000561,20,15.6
16510,26,-25.00 ,-200.398,5.300305389,0.1929,0.003805,0.0003101,0.01397,0,-1,0.00056,20,15.7
16615,26,-25.00 ,-200.389,5.300260477,0.1929,0.003805,0.0003101,0.01396,0,-1,0.000559,20,15.8
16720,26,-25.00 ,-200.379,5.300210573,0.1929,0.003806,0.0003101,0.01394,0,-1,0.000558,20,15.9
16825,26,-25.00 ,-200.371,5.300170648,0.1929,0.003806,0.0003102,0.01392,0,-1,0.000558,20,16
16930,26,-25.00 ,-200.364,5.300135712,0.1929,0.003807,0.0003102,0.0139,0,-1,0.000557,20,16.1
17035,26,-25.00 ,-200.358,5.300105766,0.1929,0.003807,0.0003102,0.01388,0,-1,0.000556,20,16.2
17140,26,-25.00 ,-200.352,5.30007582,0.1929,0.003807,0.0003102,0.01386,0,-1,0.000555,20,16.3
17245,26,-25.00 ,-200.348,5.300055855,0.1929,0.003807,0.0003102,0.01384,0,-1,0.000555,20,16.4
17350,26,-25.00 ,-200.344,5.300035889,0.1929,0.003807,0.0003102,0.01382,0,-1,0.000554,20,16.5
17455,26,-25.00 ,-200.341,5.300020915,0.1929,0.003808,0.0003102,0.0138,0,-1,0.000553,20,16.6
17560,26,-25.00 ,-200.339,5.300010932,0.1929,0.003808,0.0003102,0.01378,0,-1,0.000552,20,16.7
17665,26,-25.00 ,-200.337,5.300000949,0.1929,0.003808,0.0003102,0.01377,0,-1,0.000551,20,16.8
17770,26,-25.00 ,-200.337,5.300000949,0.1929,0.003808,0.0003102,0.01375,0,-1,0.000551,20,16.9
17875,26,-25.00 ,-200.337,5.300000949,0.1929,0.003808,0.0003102,0.01373,0,-1,0.00055,20,17
17980,26,-25.00 ,-200.338,5.30000594,0.1929,0.003808,0.0003102,0.01371,0,-1,0.000549,20,17.1
18085,26,-25.00 ,-200.34,5.300015923,0.1929,0.003808,0.0003102,0.01369,0,-1,0.000548,20,17.2
18190,26,-25.00 ,-200.343,5.300030898,0.1929,0.003808,0.0003102,0.01367,0,-1,0.000548,20,17.3
18295,26,-25.00 ,-200.347,5.300050863,0.1929,0.003807,0.0003102,0.01365,0,-1,0.000547,20,17.4
18400,26,-25.00 ,-200.351,5.300070828,0.1929,0.003807,0.0003102,0.01363,0,-1,0.000546,20,17.5
18505,26,-25.00 ,-200.356,5.300095784,0.1929,0.003807,0.0003102,0.01361,0,-1,0.000545,20,17.6
18610,26,-25.00 ,-200.362,5.30012573,0.1929,0.003807,0.0003102,0.01359,0,-1,0.000544,20,17.7
18715,26,-25.00 ,-200.368,5.300155676,0.1929,0.003806,0.0003102,0.01357,0,-1,0.000544,20,17.8
18820,26,-25.00 ,-200.376,5.300195602,0.1929,0.003806,0.0003102,0.01355,0,-1,0.000543,20,17.9
18925,26,-25.00 ,-200.384,5.300235526,0.1929,0.003806,0.0003101,0.01353,0,-1,0.000542,20,18
19030,26,-25.00 ,-200.392,5.300275448,0.1929,0.003805,0.0003101,0.01351,0,-1,0.000541,20,18.1
19135,26,-25.00 ,-200.402,5.300325349,0.1929,0.003805,0.0003101,0.01349,0,-1,0.00054,20,18.2
19240,26,-25.00 ,-200.412,5.300375248,0.1929,0.003804,0.0003101,0.01347,0,-1,0.00054,20,18.3
19345,26,-25.00 ,-200.422,5.300425144,0.1929,0.003804,0.0003101,0.01345,0,-1,0.000539,20,18.4
19450,26,-25.00 ,-200.434,5.300485015,0.1929,0.003803,0.00031,0.01343,0,-1,0.000538,20,18.5
19555,26,-25.00 ,-200.446,5.300544884,0.1929,0.003803,0.00031,0.01341,0,-1,0.000537,20,18.6
19660,26,-25.00 ,-200.459,5.300609737,0.1929,0.003802,0.00031,0.01339,0,-1,0.000536,20,18.7
19765,26,-25.00 ,-200.473,5.300679574,0.1929,0.003802,0.00031,0.01336,0,-1,0.000535,20,18.8
19870,26,-25.00 ,-200.487,5.300749407,0.1929,0.003801,0.0003099,0.01334,0,-1,0.000535,20,18.9
19975,26,-25.00 ,-200.503,5.300829209,0.1929,0.0038,0.0003099,0.01332,0,-1,0.000534,20,19
20080,26,-25.00 ,-200.519,5.300909005,0.1929,0.0038,0.0003099,0.0133,0,-1,0.000533,20,19.1
20185,26,-25.00 ,-200.535,5.300988795,0.1929,0.003799,0.0003099,0.01328,0,-1,0.000532,20,19.2
20290,26,-25.00 ,-200.552,5.301073565,0.1929,0.003798,0.0003098,0.01326,0,-1,0.000531,20,19.3
20395,26,-25.00 ,-200.57,5.301163313,0.1929,0.003797,0.0003098,0.01324,0,-1,0.00053,20,19.4
20500,26,-25.00 ,-200.588,5.301253053,0.1928,0.003797,0.0003098,0.01322,0,-1,0.00053,20,19.5
20605,26,-25.00 ,-200.606,5.301342785,0.1928,0.003796,0.0003097,0.0132,0,-1,0.000529,20,19.6
20710,26,-25.00 ,-200.626,5.301442478,0.1928,0.003795,0.0003097,0.01318,0,-1,0.000528,20,19.7
20815,26,-25.00 ,-200.645,5.301537177,0.1928,0.003794,0.0003096,0.01316,0,-1,0.000527,20,19.8
20920,26,-25.00 ,-200.666,5.301641834,0.1928,0.003793,0.0003096,0.01314,0,-1,0.000526,20,19.9
21025,26,-25.00 ,-200.686,5.301741498,0.1928,0.003792,0.0003096,0.01312,0,-1,0.000526,20,20
21130,26,-25.00 ,-200.708,5.301851115,0.1928,0.003791,0.0003095,0.0131,0,-1,0.000525,20,20.1
21235,26,-25.00 ,-200.73,5.301960721,0.1928,0.00379,0.0003095,0.01308,0,-1,0.000524,20,20.2
21340,26,-25.00 ,-200.752,5.302070315,0.1928,0.003789,0.0003094,0.01306,0,-1,0.000523,20,20.3
21445,26,-25.00 ,-200.775,5.302184878,0.1928,0.003788,0.0003094,0.01304,0,-1,0.000522,20,20.4
21550,26,-25.00 ,-200.798,5.302299428,0.1928,0.003787,0.0003094,0.01302,0,-1,0.000522,20,20.5
21655,26,-25.00 ,-200.822,5.302418944,0.1928,0.003786,0.0003093,0.013,0,-1,0.000521,20,20.6
21760,26,-25.00 ,-200.847,5.302543424,0.1928,0.003785,0.0003093,0.01298,0,-1,0.00052,20,20.7
21865,26,-25.00 ,-200.872,5.302667889,0.1928,0.003784,0.0003092,0.01296,0,-1,0.000519,20,20.8
21970,26,-25.00 ,-200.897,5.302792339,0.1928,0.003783,0.0003092,0.01294,0,-1,0.000518,20,20.9
22075,26,-25.00 ,-200.923,5.30292175,0.1928,0.003782,0.0003091,0.01292,0,-1,0.000518,20,21
22180,26,-25.00 ,-200.95,5.303056121,0.1927,0.00378,0.0003091,0.0129,0,-1,0.000517,20,21.1
22285,26,-25.00 ,-200.977,5.303190474,0.1927,0.003779,0.000309,0.01288,0,-1,0.000516,20,21.2
22390,26,-25.00 ,-201.004,5.303324808,0.1927,0.003778,0.000309,0.01286,0,-1,0.000515,20,21.3
22495,26,-25.00 ,-201.032,5.303464099,0.1927,0.003777,0.0003089,0.01284,0,-1,0.000514,20,21.4
22600,26,-25.00 ,-201.06,5.303603371,0.1927,0.003775,0.0003089,0.01282,0,-1,0.000513,20,21.5
22705,26,-25.00 ,-201.089,5.303747596,0.1927,0.003774,0.0003088,0.0128,0,-1,0.000513,20,21.6
22810,26,-25.00 ,-201.118,5.3038918,0.1927,0.003773,0.0003088,0.01278,0,-1,0.000512,20,21.7
22915,26,-25.00 ,-201.148,5.304040956,0.1927,0.003771,0.0003087,0.01276,0,-1,0.000511,20,21.8
23020,26,-25.00 ,-201.178,5.304190088,0.1927,0.00377,0.0003086,0.01274,0,-1,0.00051,20,21.9
23125,26,-25.00 ,-201.209,5.304344169,0.1927,0.003769,0.0003086,0.01272,0,-1,0.00051,20,22
23230,26,-25.00 ,-201.24,5.304498226,0.1927,0.003767,0.0003085,0.0127,0,-1,0.000509,20,22.1
23335,26,-25.00 ,-201.272,5.304657227,0.1927,0.003766,0.0003085,0.01268,0,-1,0.000508,20,22.2
23440,26,-25.00 ,-201.303,5.304811236,0.1927,0.003765,0.0003084,0.01266,0,-1,0.000507,20,22.3
23545,26,-25.00 ,-201.336,5.304975154,0.1926,0.003763,0.0003083,0.01264,0,-1,0.000506,20,22.4
23650,26,-25.00 ,-201.369,5.305139046,0.1926,0.003762,0.0003083,0.01262,0,-1,0.000506,20,22.5
23755,26,-25.00 ,-201.402,5.305302911,0.1926,0.00376,0.0003082,0.0126,0,-1,0.000505,20,22.6
23860,26,-25.00 ,-201.435,5.305466749,0.1926,0.003759,0.0003082,0.01258,0,-1,0.000504,20,22.7
23965,26,-25.00 ,-201.469,5.305635523,0.1926,0.003757,0.0003081,0.01256,0,-1,0.000503,20,22.8
24070,26,-25.00 ,-201.504,5.305809232,0.1926,0.003756,0.000308,0.01254,0,-1,0.000502,20,22.9
24175,26,-25.00 ,-201.538,5.305977949,0.1926,0.003754,0.000308,0.01252,0,-1,0.000502,20,23
24280,26,-25.00 ,-201.574,5.30615656,0.1926,0.003752,0.0003079,0.0125,0,-1,0.000501,20,23.1
24385,26,-25.00 ,-201.609,5.306330178,0.1926,0.003751,0.0003078,0.01248,0,-1,0.0005,20,23.2
24490,26,-25.00 ,-201.645,5.306508726,0.1926,0.003749,0.0003078,0.01246,0,-1,0.000499,20,23.3
24595,26,-25.00 ,-201.681,5.306687241,0.1925,0.003748,0.0003077,0.01244,0,-1,0.000499,20,23.4
24700,26,-25.00 ,-201.718,5.306870682,0.1925,0.003746,0.0003076,0.01242,0,-1,0.000498,20,23.5
24805,26,-25.00 ,-201.755,5.30705409,0.1925,0.003744,0.0003076,0.0124,0,-1,0.000497,20,23.6
24910,26,-25.00 ,-201.793,5.30724242,0.1925,0.003743,0.0003075,0.01239,0,-1,0.000496,20,23.7
25015,26,-25.00 ,-201.831,5.307430714,0.1925,0.003741,0.0003074,0.01237,0,-1,0.000495,20,23.8
25120,26,-25.00 ,-201.869,5.307618972,0.1925,0.003739,0.0003073,0.01235,0,-1,0.000495,20,23.9
25225,26,-25.00 ,-201.907,5.307807195,0.1925,0.003738,0.0003073,0.01233,0,-1,0.000494,20,24
25330,26,-25.00 ,-201.946,5.308000335,0.1925,0.003736,0.0003072,0.01231,0,-1,0.000493,20,24.1
25435,26,-25.00 ,-201.985,5.308193437,0.1925,0.003734,0.0003071,0.01229,0,-1,0.000492,20,24.2
25540,26,-25.00 ,-202.025,5.308391452,0.1925,0.003732,0.000307,0.01227,0,-1,0.000492,20,24.3
25645,26,-25.00 ,-202.065,5.308589428,0.1924,0.00373,0.000307,0.01225,0,-1,0.000491,20,24.4
25750,26,-25.00 ,-202.105,5.308787364,0.1924,0.003729,0.0003069,0.01223,0,-1,0.00049,20,24.5
25855,26,-25.00 ,-202.146,5.308990209,0.1924,0.003727,0.0003068,0.01221,0,-1,0.000489,20,24.6
25960,26,-25.00 ,-202.187,5.309193012,0.1924,0.003725,0.0003067,0.01219,0,-1,0.000489,20,24.7
26065,26,-25.00 ,-202.228,5.309395774,0.1924,0.003723,0.0003067,0.01218,0,-1,0.000488,20,24.8
26170,26,-25.00 ,-202.27,5.309603439,0.1924,0.003721,0.0003066,0.01216,0,-1,0.000487,20,24.9
26275,26,-25.00 ,-202.311,5.309806117,0.1924,0.003719,0.0003065,0.01214,0,-1,0.000486,20,25
45,46,-45.00 ,-137.887,4.926434509,0.2182,0.0134,0.0005345,0.02497,0,-1,0.001,20,0
150,46,-45.00 ,-137.783,4.925679984,0.2182,0.01343,0.0005351,0.02469,0,-1,0.000989,20,0.1
255,46,-45.00 ,-137.682,4.924946678,0.2183,0.01346,0.0005357,0.02452,0,-1,0.000983,20,0.2
360,46,-45.00 ,-137.584,4.92423464,0.2183,0.0135,0.0005362,0.02443,0,-1,0.000979,20,0.3
465,46,-45.00 ,-137.488,4.923536641,0.2184,0.01353,0.0005367,0.02438,0,-1,0.000977,20,0.4
570,46,-45.00 ,-137.393,4.922845432,0.2184,0.01356,0.0005373,0.02434,0,-1,0.000975,20,0.5
675,46,-45.00 ,-137.299,4.922161029,0.2185,0.01359,0.0005378,0.02431,0,-1,0.000974,20,0.6
780,46,-45.00 ,-137.206,4.921483446,0.2185,0.01361,0.0005383,0.02429,0,-1,0.000973,20,0.7
885,46,-45.00 ,-137.114,4.920812697,0.2186,0.01364,0.0005388,0.02426,0,-1,0.000972,20,0.8
990,46,-45.00 ,-137.024,4.920156093,0.2186,0.01367,0.0005393,0.02424,0,-1,0.000971,20,0.9
1095,46,-45.00 ,-136.934,4.919499058,0.2187,0.0137,0.0005398,0.02421,0,-1,0.00097,20,1
1200,46,-45.00 ,-136.846,4.918856206,0.2187,0.01373,0.0005403,0.02419,0,-1,0.000969,20,1.1
1305,46,-45.00 ,-136.76,4.918227565,0.2188,0.01376,0.0005408,0.02416,0,-1,0.000968,20,1.2
1410,46,-45.00 ,-136.675,4.917605845,0.2188,0.01378,0.0005412,0.02414,0,-1,0.000967,20,1.3
1515,46,-45.00 ,-136.593,4.917005701,0.2189,0.01381,0.0005417,0.02411,0,-1,0.000966,20,1.4
1620,46,-45.00 ,-136.513,4.916419848,0.2189,0.01383,0.0005421,0.02408,0,-1,0.000965,20,1.5
1725,46,-45.00 ,-136.435,4.915848311,0.2189,0.01386,0.0005426,0.02404,0,-1,0.000963,20,1.6
1830,46,-45.00 ,-136.358,4.91528378,0.219,0.01388,0.000543,0.02401,0,-1,0.000962,20,1.7
1935,46,-45.00 ,-136.284,4.914740944,0.219,0.01391,0.0005434,0.02396,0,-1,0.00096,20,1.8
2040,46,-45.00 ,-136.211,4.914205154,0.2191,0.01393,0.0005438,0.02392,0,-1,0.000958,20,1.9
2145,46,-45.00 ,-136.14,4.913683768,0.2191,0.01395,0.0005442,0.02387,0,-1,0.000956,20,2
2250,46,-45.00 ,-136.072,4.913184157,0.2191,0.01397,0.0005446,0.02381,0,-1,0.000954,20,2.1
2355,46,-45.00 ,-136.006,4.912699002,0.2192,0.01399,0.000545,0.02375,0,-1,0.000952,20,2.2
2460,46,-45.00 ,-135.942,4.912228324,0.2192,0.01401,0.0005453,0.02369,0,-1,0.000949,20,2.3
2565,46,-45.00 ,-135.88,4.911772143,0.2192,0.01403,0.0005457,0.02362,0,-1,0.000946,20,2.4
2670,46,-45.00 ,-135.82,4.91133048,0.2193,0.01405,0.000546,0.02355,0,-1,0.000943,20,2.5
2775,46,-45.00 ,-135.763,4.910910719,0.2193,0.01407,0.0005463,0.02347,0,-1,0.00094,20,2.6
2880,46,-45.00 ,-135.709,4.910512887,0.2193,0.01409,0.0005466,0.02339,0,-1,0.000937,20,2.7
2985,46,-45.00 ,-135.657,4.910129641,0.2194,0.0141,0.0005469,0.02331,0,-1,0.000934,20,2.8
3090,46,-45.00 ,-135.607,4.909760997,0.2194,0.01412,0.0005472,0.02322,0,-1,0.00093,20,2.9
3195,46,-45.00 ,-135.56,4.909414347,0.2194,0.01413,0.0005474,0.02313,0,-1,0.000927,20,3
3300,46,-45.00 ,-135.516,4.909089715,0.2194,0.01415,0.0005477,0.02303,0,-1,0.000923,20,3.1
3405,46,-45.00 ,-135.474,4.90877974,0.2195,0.01416,0.0005479,0.02293,0,-1,0.000919,20,3.2
3510,46,-45.00 ,-135.435,4.90849182,0.2195,0.01417,0.0005481,0.02283,0,-1,0.000915,20,3.3
3615,46,-45.00 ,-135.398,4.908218589,0.2195,0.01418,0.0005483,0.02272,0,-1,0.00091,20,3.4
3720,46,-45.00 ,-135.364,4.907967446,0.2195,0.0142,0.0005485,0.02262,0,-1,0.000906,20,3.5
3825,46,-45.00 ,-135.333,4.907738408,0.2195,0.01421,0.0005487,0.0225,0,-1,0.000902,20,3.6
3930,46,-45.00 ,-135.304,4.907524099,0.2196,0.01421,0.0005488,0.02239,0,-1,0.000897,20,3.7
4035,46,-45.00 ,-135.278,4.90733192,0.2196,0.01422,0.000549,0.02227,0,-1,0.000892,20,3.8
4140,46,-45.00 ,-135.254,4.907154492,0.2196,0.01423,0.0005491,0.02216,0,-1,0.000888,20,3.9
4245,46,-45.00 ,-135.233,4.906999217,0.2196,0.01424,0.0005492,0.02204,0,-1,0.000883,20,4
4350,46,-45.00 ,-135.214,4.906858709,0.2196,0.01424,0.0005493,0.02191,0,-1,0.000878,20,4.1
4455,46,-45.00 ,-135.198,4.906740371,0.2196,0.01425,0.0005494,0.02179,0,-1,0.000873,20,4.2
4560,46,-45.00 ,-135.184,4.906636813,0.2196,0.01425,0.0005495,0.02166,0,-1,0.000868,20,4.3
4665,46,-45.00 ,-135.173,4.90655544,0.2196,0.01426,0.0005496,0.02154,0,-1,0.000863,20,4.4
4770,46,-45.00 ,-135.164,4.906488856,0.2196,0.01426,0.0005496,0.02141,0,-1,0.000858,20,4.5
4875,46,-45.00 ,-135.157,4.906437066,0.2196,0.01426,0.0005497,0.02128,0,-1,0.000853,20,4.6
4980,46,-45.00 ,-135.152,4.906400071,0.2196,0.01426,0.0005497,0.02115,0,-1,0.000847,20,4.7
5085,46,-45.00 ,-135.15,4.906385273,0.2196,0.01426,0.0005497,0.02102,0,-1,0.000842,20,4.8
5190,46,-45.00 ,-135.15,4.906385273,0.2196,0.01426,0.0005497,0.02089,0,-1,0.000837,20,4.9
5295,46,-45.00 ,-135.153,4.90640747,0.2196,0.01426,0.0005497,0.02076,0,-1,0.000832,20,5
5400,46,-45.00 ,-135.158,4.906444464,0.2196,0.01426,0.0005497,0.02063,0,-1,0.000827,20,5.1
5505,46,-45.00 ,-135.164,4.906488856,0.2196,0.01426,0.0005496,0.0205,0,-1,0.000821,20,5.2
5610,46,-45.00 ,-135.173,4.90655544,0.2196,0.01426,0.0005496,0.02037,0,-1,0.000816,20,5.3
5715,46,-45.00 ,-135.184,4.906636813,0.2196,0.01425,0.0005495,0.02024,0,-1,0.000811,20,5.4
5820,46,-45.00 ,-135.197,4.906732974,0.2196,0.01425,0.0005494,0.02011,0,-1,0.000806,20,5.5
5925,46,-45.00 ,-135.211,4.906836521,0.2196,0.01424,0.0005494,0.01998,0,-1,0.0008,20,5.6
6030,46,-45.00 ,-135.228,4.906962243,0.2196,0.01424,0.0005493,0.01985,0,-1,0.000795,20,5.7
6135,46,-45.00 ,-135.246,4.907095342,0.2196,0.01423,0.0005492,0.01972,0,-1,0.00079,20,5.8
6240,46,-45.00 ,-135.265,4.907235817,0.2196,0.01423,0.0005491,0.01959,0,-1,0.000785,20,5.9
6345,46,-45.00 ,-135.287,4.907398448,0.2196,0.01422,0.0005489,0.01946,0,-1,0.000779,20,6
6450,46,-45.00 ,-135.31,4.907568442,0.2196,0.01421,0.0005488,0.01932,0,-1,0.000774,20,6.1
6555,46,-45.00 ,-135.335,4.907753186,0.2195,0.0142,0.0005487,0.01919,0,-1,0.000769,20,6.2
6660,46,-45.00 ,-135.361,4.907945284,0.2195,0.0142,0.0005485,0.01906,0,-1,0.000764,20,6.3
6765,46,-45.00 ,-135.389,4.908152116,0.2195,0.01419,0.0005484,0.01893,0,-1,0.000758,20,6.4
6870,46,-45.00 ,-135.419,4.908373676,0.2195,0.01418,0.0005482,0.0188,0,-1,0.000753,20,6.5
6975,46,-45.00 ,-135.45,4.908602569,0.2195,0.01417,0.000548,0.01866,0,-1,0.000748,20,6.6
7080,46,-45.00 ,-135.482,4.90883879,0.2195,0.01416,0.0005479,0.01853,0,-1,0.000743,20,6.7
7185,46,-45.00 ,-135.516,4.909089715,0.2194,0.01415,0.0005477,0.0184,0,-1,0.000737,20,6.8
7290,46,-45.00 ,-135.551,4.909347953,0.2194,0.01414,0.0005475,0.01828,0,-1,0.000732,20,6.9
7395,46,-45.00 ,-135.588,4.909620876,0.2194,0.01412,0.0005473,0.01815,0,-1,0.000727,20,7
7500,46,-45.00 ,-135.625,4.909893724,0.2194,0.01411,0.0005471,0.01802,0,-1,0.000722,20,7.1
7605,46,-45.00 ,-135.664,4.910181241,0.2194,0.0141,0.0005468,0.0179,0,-1,0.000717,20,7.2
7710,46,-45.00 ,-135.704,4.910476043,0.2193,0.01409,0.0005466,0.01777,0,-1,0.000712,20,7.3
7815,46,-45.00 ,-135.745,4.910778126,0.2193,0.01408,0.0005464,0.01765,0,-1,0.000707,20,7.4
7920,46,-45.00 ,-135.787,4.911087482,0.2193,0.01406,0.0005462,0.01752,0,-1,0.000702,20,7.5
8025,46,-45.00 ,-135.83,4.911404104,0.2193,0.01405,0.0005459,0.0174,0,-1,0.000697,20,7.6
8130,46,-45.00 ,-135.874,4.911727986,0.2192,0.01403,0.0005457,0.01728,0,-1,0.000692,20,7.7
8235,46,-45.00 ,-135.919,4.91205912,0.2192,0.01402,0.0005454,0.01716,0,-1,0.000688,20,7.8
8340,46,-45.00 ,-135.965,4.9123975,0.2192,0.01401,0.0005452,0.01704,0,-1,0.000683,20,7.9
8445,46,-45.00 ,-136.012,4.912743117,0.2192,0.01399,0.0005449,0.01692,0,-1,0.000678,20,8
8550,46,-45.00 ,-136.06,4.913095965,0.2192,0.01398,0.0005447,0.01681,0,-1,0.000673,20,8.1
8655,46,-45.00 ,-136.108,4.913448688,0.2191,0.01396,0.0005444,0.01669,0,-1,0.000669,20,8.2
8760,46,-45.00 ,-136.158,4.913815976,0.2191,0.01394,0.0005441,0.01657,0,-1,0.000664,20,8.3
8865,46,-45.00 ,-136.209,4.914190471,0.2191,0.01393,0.0005438,0.01646,0,-1,0.000659,20,8.4
8970,46,-45.00 ,-136.261,4.914572164,0.219,0.01391,0.0005435,0.01634,0,-1,0.000655,20,8.5
9075,46,-45.00 ,-136.314,4.914961048,0.219,0.0139,0.0005432,0.01623,0,-1,0.00065,20,8.6
9180,46,-45.00 ,-136.367,4.915349781,0.219,0.01388,0.000543,0.01611,0,-1,0.000646,20,8.7
9285,46,-45.00 ,-136.422,4.915753023,0.219,0.01386,0.0005427,0.016,0,-1,0.000641,20,8.8
9390,46,-45.00 ,-136.477,4.916156102,0.2189,0.01384,0.0005423,0.01589,0,-1,0.000637,20,8.9
9495,46,-45.00 ,-136.532,4.916559019,0.2189,0.01383,0.000542,0.01578,0,-1,0.000632,20,9
9600,46,-45.00 ,-136.589,4.916976417,0.2189,0.01381,0.0005417,0.01567,0,-1,0.000628,20,9.1
9705,46,-45.00 ,-136.646,4.91739364,0.2188,0.01379,0.0005414,0.01556,0,-1,0.000624,20,9.2
9810,46,-45.00 ,-136.703,4.917810689,0.2188,0.01377,0.0005411,0.01546,0,-1,0.000619,20,9.3
9915,46,-45.00 ,-136.762,4.918242189,0.2188,0.01375,0.0005408,0.01535,0,-1,0.000615,20,9.4
10020,46,-45.00 ,-136.82,4.918666193,0.2187,0.01374,0.0005404,0.01525,0,-1,0.000611,20,9.5
10125,46,-45.00 ,-136.88,4.91910463,0.2187,0.01372,0.0005401,0.01515,0,-1,0.000607,20,9.6
10230,46,-45.00 ,-136.94,4.919542874,0.2187,0.0137,0.0005398,0.01504,0,-1,0.000603,20,9.7
10335,46,-45.00 ,-137.001,4.919988225,0.2186,0.01368,0.0005394,0.01494,0,-1,0.000599,20,9.8
10440,46,-45.00 ,-137.062,4.920433378,0.2186,0.01366,0.0005391,0.01484,0,-1,0.000595,20,9.9
10545,46,-45.00 ,-137.124,4.920885626,0.2186,0.01364,0.0005388,0.01474,0,-1,0.000591,20,10
10650,46,-45.00 ,-137.186,4.921337669,0.2185,0.01362,0.0005384,0.01464,0,-1,0.000587,20,10.1
10755,46,-45.00 ,-137.249,4.921796794,0.2185,0.0136,0.0005381,0.01454,0,-1,0.000583,20,10.2
10860,46,-45.00 ,-137.313,4.922262991,0.2185,0.01358,0.0005377,0.01444,0,-1,0.000579,20,10.3
10965,46,-45.00 ,-137.377,4.922728971,0.2184,0.01356,0.0005374,0.01435,0,-1,0.000575,20,10.4
11070,46,-45.00 ,-137.442,4.92320201,0.2184,0.01354,0.000537,0.01425,0,-1,0.000571,20,10.5
11175,46,-45.00 ,-137.507,4.923674825,0.2184,0.01352,0.0005366,0.01416,0,-1,0.000567,20,10.6
11280,46,-45.00 ,-137.572,4.924147416,0.2183,0.0135,0.0005363,0.01407,0,-1,0.000564,20,10.7
11385,46,-45.00 ,-137.638,4.92462705,0.2183,0.01348,0.0005359,0.01397,0,-1,0.00056,20,10.8
11490,46,-45.00 ,-137.704,4.925106454,0.2183,0.01346,0.0005355,0.01388,0,-1,0.000556,20,10.9
11595,46,-45.00 ,-137.77,4.925585628,0.2182,0.01344,0.0005352,0.01379,0,-1,0.000553,20,11
11700,46,-45.00 ,-137.837,4.926071828,0.2182,0.01342,0.0005348,0.0137,0,-1,0.000549,20,11.1
11805,46,-45.00 ,-137.904,4.926557791,0.2182,0.01339,0.0005344,0.01362,0,-1,0.000545,20,11.2
11910,46,-45.00 ,-137.972,4.927050766,0.2181,0.01337,0.0005341,0.01353,0,-1,0.000542,20,11.3
12015,46,-45.00 ,-138.04,4.927543498,0.2181,0.01335,0.0005337,0.01344,0,-1,0.000538,20,11.4
12120,46,-45.00 ,-138.108,4.928035988,0.2181,0.01333,0.0005333,0.01335,0,-1,0.000535,20,11.5
12225,46,-45.00 ,-138.177,4.928535472,0.218,0.01331,0.0005329,0.01327,0,-1,0.000532,20,11.6
12330,46,-45.00 ,-138.246,4.929034707,0.218,0.01329,0.0005325,0.01318,0,-1,0.000528,20,11.7
12435,46,-45.00 ,-138.316,4.929540923,0.2179,0.01326,0.0005322,0.0131,0,-1,0.000525,20,11.8
12540,46,-45.00 ,-138.386,4.930046882,0.2179,0.01324,0.0005318,0.01302,0,-1,0.000521,20,11.9
12645,46,-45.00 ,-138.456,4.930552586,0.2179,0.01322,0.0005314,0.01293,0,-1,0.000518,20,12
12750,46,-45.00 ,-138.526,4.931058034,0.2178,0.0132,0.000531,0.01285,0,-1,0.000515,20,12.1
12855,46,-45.00 ,-138.597,4.931570441,0.2178,0.01318,0.0005306,0.01278,0,-1,0.000512,20,12.2
12960,46,-45.00 ,-138.668,4.932082587,0.2178,0.01315,0.0005302,0.0127,0,-1,0.000509,20,12.3
13065,46,-45.00 ,-138.74,4.932601678,0.2177,0.01313,0.0005298,0.01262,0,-1,0.000506,20,12.4
13170,46,-45.00 ,-138.812,4.9331205,0.2177,0.01311,0.0005294,0.01255,0,-1,0.000503,20,12.5
13275,46,-45.00 ,-138.884,4.933639052,0.2176,0.01309,0.000529,0.01247,0,-1,0.0005,20,12.6
13380,46,-45.00 ,-138.956,4.934157336,0.2176,0.01306,0.0005286,0.0124,0,-1,0.000497,20,12.7
13485,46,-45.00 ,-139.029,4.934682544,0.2176,0.01304,0.0005282,0.01232,0,-1,0.000494,20,12.8
13590,46,-45.00 ,-139.102,4.935207477,0.2175,0.01302,0.0005278,0.01225,0,-1,0.000491,20,12.9
13695,46,-45.00 ,-139.175,4.935732134,0.2175,0.01299,0.0005274,0.01217,0,-1,0.000488,20,13
13800,46,-45.00 ,-139.249,4.936263697,0.2174,0.01297,0.000527,0.0121,0,-1,0.000485,20,13.1
13905,46,-45.00 ,-139.322,4.936787801,0.2174,0.01295,0.0005266,0.01203,0,-1,0.000482,20,13.2
14010,46,-45.00 ,-139.396,4.937318804,0.2174,0.01292,0.0005262,0.01196,0,-1,0.000479,20,13.3
14115,46,-45.00 ,-139.47,4.937849524,0.2173,0.0129,0.0005258,0.01189,0,-1,0.000476,20,13.4
14220,46,-45.00 ,-139.544,4.938379964,0.2173,0.01288,0.0005253,0.01182,0,-1,0.000474,20,13.5
14325,46,-45.00 ,-139.619,4.938917284,0.2172,0.01285,0.0005249,0.01175,0,-1,0.000471,20,13.6
14430,46,-45.00 ,-139.693,4.939447158,0.2172,0.01283,0.0005245,0.01168,0,-1,0.000468,20,13.7
14535,46,-45.00 ,-139.768,4.939983905,0.2172,0.01281,0.0005241,0.01162,0,-1,0.000465,20,13.8
14640,46,-45.00 ,-139.843,4.940520365,0.2171,0.01278,0.0005237,0.01155,0,-1,0.000463,20,13.9
14745,46,-45.00 ,-139.918,4.941056537,0.2171,0.01276,0.0005233,0.01148,0,-1,0.00046,20,14
14850,46,-45.00 ,-139.993,4.941592421,0.217,0.01274,0.0005229,0.01142,0,-1,0.000457,20,14.1
14955,46,-45.00 ,-140.069,4.942135158,0.217,0.01271,0.0005224,0.01135,0,-1,0.000455,20,14.2
15060,46,-45.00 ,-140.144,4.942670465,0.217,0.01269,0.000522,0.01129,0,-1,0.000452,20,14.3
15165,46,-45.00 ,-140.22,4.943212618,0.2169,0.01266,0.0005216,0.01122,0,-1,0.00045,20,14.4
15270,46,-45.00 ,-140.296,4.943754476,0.2169,0.01264,0.0005212,0.01116,0,-1,0.000447,20,14.5
15375,46,-45.00 ,-140.371,4.944288918,0.2168,0.01262,0.0005208,0.0111,0,-1,0.000445,20,14.6
15480,46,-45.00 ,-140.447,4.944830193,0.2168,0.01259,0.0005203,0.01104,0,-1,0.000442,20,14.7
15585,46,-45.00 ,-140.523,4.945371176,0.2168,0.01257,0.0005199,0.01098,0,-1,0.00044,20,14.8
15690,46,-45.00 ,-140.6,4.945918979,0.2167,0.01255,0.0005195,0.01092,0,-1,0.000437,20,14.9
15795,46,-45.00 ,-140.676,4.946459374,0.2167,0.01252,0.0005191,0.01086,0,-1,0.000435,20,15
15900,46,-45.00 ,-140.753,4.947006581,0.2166,0.0125,0.0005187,0.0108,0,-1,0.000433,20,15.1
16005,46,-45.00 ,-140.829,4.947546388,0.2166,0.01247,0.0005182,0.01074,0,-1,0.00043,20,15.2
16110,46,-45.00 ,-140.906,4.948093001,0.2166,0.01245,0.0005178,0.01068,0,-1,0.000428,20,15.3
16215,46,-45.00 ,-140.983,4.948639316,0.2165,0.01242,0.0005174,0.01062,0,-1,0.000425,20,15.4
16320,46,-45.00 ,-141.059,4.949178243,0.2165,0.0124,0.000517,0.01056,0,-1,0.000423,20,15.5
16425,46,-45.00 ,-141.136,4.949723965,0.2164,0.01238,0.0005165,0.01051,0,-1,0.000421,20,15.6
16530,46,-45.00 ,-141.213,4.950269389,0.2164,0.01235,0.0005161,0.01045,0,-1,0.000419,20,15.7
16635,46,-45.00 ,-141.29,4.950814516,0.2163,0.01233,0.0005157,0.01039,0,-1,0.000416,20,15.8
16740,46,-45.00 ,-141.368,4.95136642,0.2163,0.0123,0.0005152,0.01034,0,-1,0.000414,20,15.9
16845,46,-45.00 ,-141.445,4.951910949,0.2163,0.01228,0.0005148,0.01028,0,-1,0.000412,20,16
16950,46,-45.00 ,-141.522,4.952455182,0.2162,0.01225,0.0005144,0.01023,0,-1,0.00041,20,16.1
17055,46,-45.00 ,-141.6,4.953006181,0.2162,0.01223,0.000514,0.01018,0,-1,0.000408,20,16.2
17160,46,-45.00 ,-141.677,4.953549819,0.2161,0.01221,0.0005135,0.01012,0,-1,0.000406,20,16.3
17265,46,-45.00 ,-141.755,4.954100215,0.2161,0.01218,0.0005131,0.01007,0,-1,0.000403,20,16.4
17370,46,-45.00 ,-141.832,4.954643259,0.2161,0.01216,0.0005127,0.01002,0,-1,0.000401,20,16.5
17475,46,-45.00 ,-141.911,4.955200101,0.216,0.01213,0.0005122,0.009972,0,-1,0.0004,20,16.6
17580,46,-45.00 ,-141.989,4.95574959,0.216,0.01211,0.0005118,0.009925,0,-1,0.000398,20,16.7
17685,46,-45.00 ,-142.068,4.956305816,0.2159,0.01208,0.0005114,0.009877,0,-1,0.000396,20,16.8
17790,46,-45.00 ,-142.146,4.956854698,0.2159,0.01206,0.0005109,0.00983,0,-1,0.000394,20,16.9
17895,46,-45.00 ,-142.225,4.957410311,0.2158,0.01203,0.0005105,0.009783,0,-1,0.000392,20,17
18000,46,-45.00 ,-142.304,4.957965614,0.2158,0.01201,0.0005101,0.009736,0,-1,0.00039,20,17.1
18105,46,-45.00 ,-142.383,4.95852061,0.2158,0.01198,0.0005096,0.009689,0,-1,0.000388,20,17.2
18210,46,-45.00 ,-142.462,4.959075297,0.2157,0.01196,0.0005092,0.009643,0,-1,0.000386,20,17.3
18315,46,-45.00 ,-142.541,4.959629678,0.2157,0.01193,0.0005087,0.009597,0,-1,0.000384,20,17.4
18420,46,-45.00 ,-142.62,4.960183751,0.2156,0.01191,0.0005083,0.009551,0,-1,0.000383,20,17.5
18525,46,-45.00 ,-142.7,4.960744524,0.2156,0.01188,0.0005079,0.009505,0,-1,0.000381,20,17.6
18630,46,-45.00 ,-142.779,4.96129798,0.2155,0.01186,0.0005074,0.00946,0,-1,0.000379,20,17.7
18735,46,-45.00 ,-142.858,4.96185113,0.2155,0.01183,0.000507,0.009415,0,-1,0.000377,20,17.8
18840,46,-45.00 ,-142.937,4.962403974,0.2155,0.01181,0.0005065,0.00937,0,-1,0.000375,20,17.9
18945,46,-45.00 ,-143.017,4.962963504,0.2154,0.01178,0.0005061,0.009325,0,-1,0.000374,20,18
19050,46,-45.00 ,-143.096,4.963515734,0.2154,0.01176,0.0005057,0.009281,0,-1,0.000372,20,18.1
19155,46,-45.00 ,-143.175,4.964067658,0.2153,0.01173,0.0005052,0.009237,0,-1,0.00037,20,18.2
19260,46,-45.00 ,-143.254,4.964619278,0.2153,0.01171,0.0005048,0.009194,0,-1,0.000368,20,18.3
19365,46,-45.00 ,-143.334,4.965177571,0.2152,0.01168,0.0005044,0.009151,0,-1,0.000367,20,18.4
19470,46,-45.00 ,-143.413,4.96572858,0.2152,0.01166,0.0005039,0.009108,0,-1,0.000365,20,18.5
19575,46,-45.00 ,-143.492,4.966279285,0.2152,0.01163,0.0005035,0.009065,0,-1,0.000363,20,18.6
19680,46,-45.00 ,-143.572,4.966836652,0.2151,0.01161,0.000503,0.009023,0,-1,0.000362,20,18.7
19785,46,-45.00 ,-143.651,4.967386747,0.2151,0.01158,0.0005026,0.008981,0,-1,0.00036,20,18.8
19890,46,-45.00 ,-143.73,4.96793654,0.215,0.01156,0.0005022,0.00894,0,-1,0.000358,20,18.9
19995,46,-45.00 ,-143.81,4.968492984,0.215,0.01153,0.0005017,0.008899,0,-1,0.000357,20,19
20100,46,-45.00 ,-143.889,4.969042169,0.215,0.01151,0.0005013,0.008858,0,-1,0.000355,20,19.1
20205,46,-45.00 ,-143.968,4.969591053,0.2149,0.01148,0.0005008,0.008817,0,-1,0.000353,20,19.2
20310,46,-45.00 ,-144.048,4.970146577,0.2149,0.01146,0.0005004,0.008777,0,-1,0.000352,20,19.3
20415,46,-45.00 ,-144.127,4.970694855,0.2148,0.01143,0.0005,0.008737,0,-1,0.00035,20,19.4
20520,46,-45.00 ,-144.206,4.971242833,0.2148,0.01141,0.0004995,0.008697,0,-1,0.000348,20,19.5
20625,46,-45.00 ,-144.286,4.971797441,0.2147,0.01138,0.0004991,0.00866,0,-1,0.000347,20,19.6
20730,46,-45.00 ,-144.366,4.972351742,0.2147,0.01136,0.0004986,0.008626,0,-1,0.000346,20,19.7
20835,46,-45.00 ,-144.446,4.972905735,0.2147,0.01133,0.0004982,0.008593,0,-1,0.000344,20,19.8
20940,46,-45.00 ,-144.527,4.973466341,0.2146,0.01131,0.0004977,0.00856,0,-1,0.000343,20,19.9
21045,46,-45.00 ,-144.608,4.974026633,0.2146,0.01128,0.0004973,0.008526,0,-1,0.000342,20,20
21150,46,-45.00 ,-144.688,4.9745797,0.2145,0.01126,0.0004968,0.008492,0,-1,0.00034,20,20.1
21255,46,-45.00 ,-144.769,4.975139369,0.2145,0.01123,0.0004964,0.008458,0,-1,0.000339,20,20.2
21360,46,-45.00 ,-144.85,4.975698724,0.2144,0.01121,0.0004959,0.008423,0,-1,0.000337,20,20.3
21465,46,-45.00 ,-144.931,4.976257767,0.2144,0.01118,0.0004955,0.008389,0,-1,0.000336,20,20.4
21570,46,-45.00 ,-145.011,4.976809602,0.2143,0.01115,0.0004951,0.008355,0,-1,0.000335,20,20.5
21675,46,-45.00 ,-145.092,4.977368024,0.2143,0.01113,0.0004946,0.008321,0,-1,0.000333,20,20.6
21780,46,-45.00 ,-145.173,4.977926135,0.2143,0.0111,0.0004942,0.008286,0,-1,0.000332,20,20.7
21885,46,-45.00 ,-145.253,4.97847705,0.2142,0.01108,0.0004937,0.008253,0,-1,0.000331,20,20.8
21990,46,-45.00 ,-145.334,4.979034542,0.2142,0.01105,0.0004933,0.008219,0,-1,0.000329,20,20.9
22095,46,-45.00 ,-145.414,4.979584847,0.2141,0.01103,0.0004928,0.008185,0,-1,0.000328,20,21
22200,46,-45.00 ,-145.495,4.980141722,0.2141,0.011,0.0004924,0.008151,0,-1,0.000327,20,21.1
22305,46,-45.00 ,-145.575,4.980691418,0.214,0.01098,0.0004919,0.008118,0,-1,0.000325,20,21.2
22410,46,-45.00 ,-145.656,4.981247677,0.214,0.01095,0.0004915,0.008085,0,-1,0.000324,20,21.3
22515,46,-45.00 ,-145.736,4.981796766,0.214,0.01093,0.000491,0.008052,0,-1,0.000323,20,21.4
22620,46,-45.00 ,-145.816,4.982345553,0.2139,0.0109,0.0004906,0.00802,0,-1,0.000321,20,21.5
22725,46,-45.00 ,-145.897,4.982900893,0.2139,0.01088,0.0004901,0.007987,0,-1,0.00032,20,21.6
22830,46,-45.00 ,-145.977,4.983449075,0.2138,0.01085,0.0004897,0.007955,0,-1,0.000319,20,21.7
22935,46,-45.00 ,-146.057,4.983996956,0.2138,0.01083,0.0004893,0.007923,0,-1,0.000317,20,21.8
23040,46,-45.00 ,-146.137,4.984544538,0.2137,0.0108,0.0004888,0.007891,0,-1,0.000316,20,21.9
23145,46,-45.00 ,-146.217,4.98509182,0.2137,0.01077,0.0004884,0.007859,0,-1,0.000315,20,22
23250,46,-45.00 ,-146.297,4.985638802,0.2137,0.01075,0.0004879,0.007828,0,-1,0.000314,20,22.1
23355,46,-45.00 ,-146.377,4.986185485,0.2136,0.01072,0.0004875,0.007797,0,-1,0.000312,20,22.2
23460,46,-45.00 ,-146.458,4.986738698,0.2136,0.0107,0.000487,0.00777,0,-1,0.000311,20,22.3
23565,46,-45.00 ,-146.539,4.987291605,0.2135,0.01067,0.0004866,0.007748,0,-1,0.00031,20,22.4
23670,46,-45.00 ,-146.621,4.987851026,0.2135,0.01065,0.0004861,0.007725,0,-1,0.000309,20,22.5
23775,46,-45.00 ,-146.702,4.988403318,0.2134,0.01062,0.0004857,0.007701,0,-1,0.000309,20,22.6
23880,46,-45.00 ,-146.784,4.988962118,0.2134,0.0106,0.0004852,0.007676,0,-1,0.000308,20,22.7
23985,46,-45.00 ,-146.866,4.989520606,0.2134,0.01057,0.0004848,0.00765,0,-1,0.000306,20,22.8
24090,46,-45.00 ,-146.948,4.990078783,0.2133,0.01054,0.0004843,0.007624,0,-1,0.000305,20,22.9
24195,46,-45.00 ,-147.029,4.990629846,0.2133,0.01052,0.0004839,0.007597,0,-1,0.000304,20,23
24300,46,-45.00 ,-147.11,4.991180606,0.2132,0.01049,0.0004834,0.00757,0,-1,0.000303,20,23.1
24405,46,-45.00 ,-147.192,4.991737857,0.2132,0.01047,0.000483,0.007543,0,-1,0.000302,20,23.2
24510,46,-45.00 ,-147.273,4.992288007,0.2131,0.01044,0.0004825,0.007516,0,-1,0.000301,20,23.3
24615,46,-45.00 ,-147.354,4.992837855,0.2131,0.01042,0.0004821,0.00749,0,-1,0.0003,20,23.4
24720,46,-45.00 ,-147.435,4.993387401,0.2131,0.01039,0.0004816,0.007463,0,-1,0.000299,20,23.5
24825,46,-45.00 ,-147.516,4.993936644,0.213,0.01037,0.0004812,0.007436,0,-1,0.000298,20,23.6
24930,46,-45.00 ,-147.597,4.994485587,0.213,0.01034,0.0004807,0.007409,0,-1,0.000297,20,23.7
25035,46,-45.00 ,-147.678,4.995034228,0.2129,0.01031,0.0004803,0.007383,0,-1,0.000296,20,23.8
25140,46,-45.00 ,-147.759,4.995582568,0.2129,0.01029,0.0004798,0.007356,0,-1,0.000295,20,23.9
25245,46,-45.00 ,-147.839,4.996123844,0.2128,0.01026,0.0004794,0.00733,0,-1,0.000294,20,24
25350,46,-45.00 ,-147.92,4.996671587,0.2128,0.01024,0.0004789,0.007304,0,-1,0.000293,20,24.1
25455,46,-45.00 ,-148,4.997212274,0.2127,0.01021,0.0004785,0.007278,0,-1,0.000292,20,24.2
25560,46,-45.00 ,-148.081,4.997759421,0.2127,0.01019,0.000478,0.007252,0,-1,0.000291,20,24.3
25665,46,-45.00 ,-148.161,4.99829952,0.2127,0.01016,0.0004776,0.007226,0,-1,0.00029,20,24.4
25770,46,-45.00 ,-148.242,4.998846074,0.2126,0.01014,0.0004772,0.0072,0,-1,0.000288,20,24.5
25875,46,-45.00 ,-148.322,4.999385586,0.2126,0.01011,0.0004767,0.007175,0,-1,0.000287,20,24.6
25980,46,-45.00 ,-148.402,4.999924808,0.2125,0.01009,0.0004763,0.00715,0,-1,0.000286,20,24.7
26085,46,-45.00 ,-148.484,5.000477208,0.2125,0.01006,0.0004758,0.007143,0,-1,0.000286,20,24.8
26190,46,-45.00 ,-148.567,5.001036035,0.2124,0.01003,0.0004754,0.007128,0,-1,0.000286,20,24.9
26295,46,-45.00 ,-148.65,5.001594549,0.2124,0.01001,0.0004749,0.007111,0,-1,0.000285,20,25
65,66,-65.00 ,-93.644,4.539500358,0.2477,0.04286,0.0008862,0.03005,0,-1,0.0012,20,0
170,66,-65.00 ,-93.621,4.539254717,0.2477,0.04291,0.0008865,0.03028,0,-1,0.00121,20,0.1
275,66,-65.00 ,-93.622,4.539265399,0.2477,0.04291,0.0008865,0.03015,0,-1,0.00121,20,0.2
380,66,-65.00 ,-93.631,4.539361525,0.2477,0.04289,0.0008864,0.02991,0,-1,0.0012,20,0.3
485,66,-65.00 ,-93.644,4.539500358,0.2477,0.04286,0.0008862,0.02964,0,-1,0.00119,20,0.4
590,66,-65.00 ,-93.664,4.539713911,0.2477,0.04282,0.0008859,0.02931,0,-1,0.00117,20,0.5
695,66,-65.00 ,-93.689,4.539980786,0.2477,0.04277,0.0008855,0.02895,0,-1,0.00116,20,0.6
800,66,-65.00 ,-93.719,4.540300944,0.2476,0.04271,0.0008851,0.02855,0,-1,0.00114,20,0.7
905,66,-65.00 ,-93.756,4.540695663,0.2476,0.04263,0.0008845,0.0281,0,-1,0.00113,20,0.8
1010,66,-65.00 ,-93.803,4.541196838,0.2476,0.04254,0.0008839,0.02764,0,-1,0.00111,20,0.9
1115,66,-65.00 ,-93.857,4.541772347,0.2475,0.04243,0.0008831,0.02715,0,-1,0.00109,20,1
1220,66,-65.00 ,-93.915,4.542390118,0.2475,0.04231,0.0008822,0.02662,0,-1,0.00107,20,1.1
1325,66,-65.00 ,-93.983,4.543113915,0.2474,0.04217,0.0008812,0.02606,0,-1,0.00104,20,1.2
1430,66,-65.00 ,-94.059,4.543922245,0.2473,0.04202,0.0008801,0.02547,0,-1,0.00102,20,1.3
1535,66,-65.00 ,-94.144,4.544825525,0.2472,0.04185,0.0008789,0.02486,0,-1,0.000996,20,1.4
1640,66,-65.00 ,-94.236,4.545802274,0.2471,0.04166,0.0008776,0.02425,0,-1,0.000971,20,1.5
1745,66,-65.00 ,-94.335,4.546852277,0.247,0.04146,0.0008761,0.02362,0,-1,0.000946,20,1.6
1850,66,-65.00 ,-94.44,4.547964712,0.2469,0.04125,0.0008746,0.023,0,-1,0.000922,20,1.7
1955,66,-65.00 ,-94.551,4.549139371,0.2468,0.04102,0.000873,0.02238,0,-1,0.000897,20,1.8
2060,66,-65.00 ,-94.667,4.550365471,0.2467,0.04079,0.0008713,0.02176,0,-1,0.000872,20,1.9
2165,66,-65.00 ,-94.789,4.551653369,0.2466,0.04054,0.0008695,0.02115,0,-1,0.000847,20,2
2270,66,-65.00 ,-94.915,4.552981754,0.2465,0.04028,0.0008677,0.02055,0,-1,0.000823,20,2.1
2375,66,-65.00 ,-95.045,4.554350464,0.2463,0.04002,0.0008658,0.01996,0,-1,0.0008,20,2.2
2480,66,-65.00 ,-95.178,4.555748823,0.2462,0.03975,0.0008638,0.01938,0,-1,0.000776,20,2.3
2585,66,-65.00 ,-95.315,4.557187196,0.2461,0.03947,0.0008618,0.01881,0,-1,0.000754,20,2.4
2690,66,-65.00 ,-95.456,4.558665408,0.2459,0.03919,0.0008598,0.01826,0,-1,0.000731,20,2.5
2795,66,-65.00 ,-95.609,4.560266958,0.2458,0.03906,0.0008584,0.01774,0,-1,0.000711,20,2.6
2900,66,-65.00 ,-95.758,4.561824175,0.2457,0.03894,0.000857,0.01723,0,-1,0.00069,20,2.7
3005,66,-65.00 ,-95.91,4.563410252,0.2456,0.03882,0.0008556,0.01672,0,-1,0.00067,20,2.8
3110,66,-65.00 ,-96.062,4.564993816,0.2455,0.03869,0.0008543,0.01623,0,-1,0.00065,20,2.9
3215,66,-65.00 ,-96.216,4.566595664,0.2454,0.03857,0.0008528,0.01575,0,-1,0.000631,20,3
3320,66,-65.00 ,-96.371,4.568205326,0.2452,0.03844,0.0008514,0.01529,0,-1,0.000612,20,3.1
3425,66,-65.00 ,-96.527,4.569822762,0.2451,0.03832,0.00085,0.01483,0,-1,0.000594,20,3.2
3530,66,-65.00 ,-96.684,4.571447929,0.245,0.03819,0.0008486,0.0144,0,-1,0.000577,20,3.3
3635,66,-65.00 ,-96.844,4.573101436,0.2449,0.03806,0.0008471,0.01394,0,-1,0.000559,20,3.4
3740,66,-65.00 ,-97.009,4.574803758,0.2448,0.03793,0.0008456,0.01343,0,-1,0.000538,20,3.5
3845,66,-65.00 ,-97.172,4.576482604,0.2447,0.03779,0.0008441,0.01302,0,-1,0.000522,20,3.6
3950,66,-65.00 ,-97.334,4.578148363,0.2445,0.03766,0.0008426,0.01262,0,-1,0.000506,20,3.7
4055,66,-65.00 ,-97.497,4.579821608,0.2444,0.03753,0.0008411,0.01225,0,-1,0.000491,20,3.8
4160,66,-65.00 ,-97.659,4.581481819,0.2443,0.0374,0.0008396,0.01188,0,-1,0.000476,20,3.9
4265,66,-65.00 ,-97.821,4.583139278,0.2442,0.03726,0.0008382,0.01153,0,-1,0.000462,20,4
4370,66,-65.00 ,-97.983,4.584793994,0.2441,0.03713,0.0008367,0.01118,0,-1,0.000448,20,4.1
4475,66,-65.00 ,-98.15,4.586496921,0.2439,0.037,0.0008352,0.01077,0,-1,0.000431,20,4.2
4580,66,-65.00 ,-98.315,4.58817661,0.2438,0.03686,0.0008336,0.01042,0,-1,0.000417,20,4.3
4685,66,-65.00 ,-98.481,4.589863636,0.2437,0.03673,0.0008321,0.01009,0,-1,0.000404,20,4.4
4790,66,-65.00 ,-98.645,4.591527547,0.2436,0.0366,0.0008306,0.009781,0,-1,0.000392,20,4.5
4895,66,-65.00 ,-98.808,4.593178573,0.2435,0.03646,0.0008291,0.009482,0,-1,0.00038,20,4.6
5000,66,-65.00 ,-98.971,4.594826878,0.2433,0.03633,0.0008276,0.009195,0,-1,0.000368,20,4.7
5105,66,-65.00 ,-99.135,4.596482558,0.2432,0.0362,0.0008261,0.008879,0,-1,0.000356,20,4.8
5210,66,-65.00 ,-99.3,4.598145571,0.2431,0.03606,0.0008246,0.008569,0,-1,0.000343,20,4.9
5315,66,-65.00 ,-99.465,4.599805823,0.243,0.03593,0.0008231,0.008282,0,-1,0.000332,20,5
5420,66,-65.00 ,-99.629,4.601453287,0.2429,0.0358,0.0008216,0.008013,0,-1,0.000321,20,5.1
5525,66,-65.00 ,-99.792,4.60308802,0.2427,0.03566,0.0008201,0.007756,0,-1,0.000311,20,5.2
5630,66,-65.00 ,-99.954,4.60471008,0.2426,0.03553,0.0008187,0.00751,0,-1,0.000301,20,5.3
5735,66,-65.00 ,-100.117,4.606339502,0.2425,0.0354,0.0008172,0.007242,0,-1,0.00029,20,5.4
5840,66,-65.00 ,-100.28,4.607966273,0.2424,0.03527,0.0008157,0.006983,0,-1,0.00028,20,5.5
5945,66,-65.00 ,-100.443,4.609590402,0.2423,0.03514,0.0008142,0.006737,0,-1,0.00027,20,5.6
6050,66,-65.00 ,-100.605,4.611201958,0.2421,0.035,0.0008127,0.006505,0,-1,0.000261,20,5.7
6155,66,-65.00 ,-100.766,4.612800997,0.242,0.03487,0.0008112,0.006284,0,-1,0.000252,20,5.8
6260,66,-65.00 ,-100.927,4.614397483,0.2419,0.03474,0.0008097,0.006064,0,-1,0.000243,20,5.9
6365,66,-65.00 ,-101.088,4.615991425,0.2418,0.03461,0.0008083,0.005836,0,-1,0.000234,20,6
6470,66,-65.00 ,-101.249,4.617582829,0.2417,0.03448,0.0008068,0.005619,0,-1,0.000225,20,6.1
6575,66,-65.00 ,-101.409,4.619161845,0.2415,0.03435,0.0008053,0.005411,0,-1,0.000217,20,6.2
6680,66,-65.00 ,-101.568,4.620728525,0.2414,0.03422,0.0008039,0.005213,0,-1,0.000209,20,6.3
6785,66,-65.00 ,-101.727,4.622292755,0.2413,0.03409,0.0008024,0.005022,0,-1,0.000201,20,6.4
6890,66,-65.00 ,-101.886,4.623854541,0.2412,0.03397,0.000801,0.004826,0,-1,0.000193,20,6.5
6995,66,-65.00 ,-102.045,4.625413892,0.2411,0.03384,0.0007995,0.004636,0,-1,0.000186,20,6.6
7100,66,-65.00 ,-102.203,4.626961032,0.241,0.03371,0.0007981,0.004453,0,-1,0.000178,20,6.7
7205,66,-65.00 ,-102.36,4.628496011,0.2408,0.03358,0.0007966,0.00428,0,-1,0.000171,20,6.8
7310,66,-65.00 ,-102.517,4.630028638,0.2407,0.03345,0.0007952,0.00411,0,-1,0.000165,20,6.9
7415,66,-65.00 ,-102.673,4.631549181,0.2406,0.03333,0.0007938,0.00394,0,-1,0.000158,20,7
7520,66,-65.00 ,-102.829,4.633067414,0.2405,0.0332,0.0007923,0.003775,0,-1,0.000151,20,7.1
7625,66,-65.00 ,-102.985,4.634583347,0.2404,0.03307,0.0007909,0.003615,0,-1,0.000145,20,7.2
7730,66,-65.00 ,-103.139,4.636077593,0.2403,0.03295,0.0007895,0.003462,0,-1,0.000139,20,7.3
7835,66,-65.00 ,-103.294,4.637579291,0.2402,0.03282,0.0007881,0.003311,0,-1,0.000133,20,7.4
7940,66,-65.00 ,-103.448,4.639069071,0.24,0.0327,0.0007867,0.003161,0,-1,0.000127,20,7.5
8045,66,-65.00 ,-103.601,4.640546982,0.2399,0.03257,0.0007853,0.003016,0,-1,0.000121,20,7.6
8150,66,-65.00 ,-103.754,4.642022713,0.2398,0.03245,0.0007839,0.002876,0,-1,0.000115,20,7.7
8255,66,-65.00 ,-103.906,4.643486644,0.2397,0.03233,0.0007825,0.002739,0,-1,0.00011,20,7.8
8360,66,-65.00 ,-104.057,4.644938826,0.2396,0.0322,0.0007811,0.002605,0,-1,0.000104,20,7.9
8465,66,-65.00 ,-104.209,4.646398498,0.2395,0.03208,0.0007797,0.002473,0,-1,9.91E-05,20,8
8570,66,-65.00 ,-104.359,4.647836878,0.2394,0.03196,0.0007784,0.002345,0,-1,9.39E-05,20,8.1
8675,66,-65.00 ,-104.509,4.649273192,0.2393,0.03184,0.000777,0.002221,0,-1,8.90E-05,20,8.2
8780,66,-65.00 ,-104.658,4.650697891,0.2391,0.03171,0.0007756,0.0021,0,-1,8.42E-05,20,8.3
8885,66,-65.00 ,-104.807,4.652120564,0.239,0.03159,0.0007743,0.001983,0,-1,7.94E-05,20,8.4
8990,66,-65.00 ,-104.956,4.653541215,0.2389,0.03147,0.0007729,0.001868,0,-1,7.48E-05,20,8.5
9095,66,-65.00 ,-105.103,4.654940822,0.2388,0.03135,0.0007715,0.001757,0,-1,7.04E-05,20,8.6
9200,66,-65.00 ,-105.251,4.656347974,0.2387,0.03123,0.0007702,0.001649,0,-1,6.61E-05,20,8.7
9305,66,-65.00 ,-105.398,4.657743661,0.2386,0.03111,0.0007688,0.001543,0,-1,6.18E-05,20,8.8
9410,66,-65.00 ,-105.544,4.659127928,0.2385,0.031,0.0007675,0.00144,0,-1,5.77E-05,20,8.9
9515,66,-65.00 ,-105.69,4.660510281,0.2384,0.03088,0.0007662,0.001339,0,-1,5.37E-05,20,9
9620,66,-65.00 ,-105.835,4.661881278,0.2383,0.03076,0.0007649,0.001241,0,-1,4.97E-05,20,9.1
9725,66,-65.00 ,-105.979,4.663240961,0.2382,0.03064,0.0007635,0.001145,0,-1,4.59E-05,20,9.2
9830,66,-65.00 ,-106.124,4.664608222,0.2381,0.03053,0.0007622,0.001051,0,-1,4.21E-05,20,9.3
9935,66,-65.00 ,-106.267,4.665954795,0.238,0.03041,0.0007609,0.0009592,0,-1,3.84E-05,20,9.4
10040,66,-65.00 ,-106.41,4.667299557,0.2379,0.03029,0.0007596,0.0008696,0,-1,3.48E-05,20,9.5
10145,66,-65.00 ,-106.552,4.668633129,0.2378,0.03018,0.0007583,0.0007815,0,-1,3.13E-05,20,9.6
10250,66,-65.00 ,-106.694,4.669964924,0.2376,0.03006,0.000757,0.0006965,0,-1,2.79E-05,20,9.7
10355,66,-65.00 ,-106.836,4.671294948,0.2375,0.02995,0.0007557,0.0006135,0,-1,2.46E-05,20,9.8
10460,66,-65.00 ,-106.977,4.672613858,0.2374,0.02983,0.0007544,0.0005336,0,-1,2.14E-05,20,9.9
10565,66,-65.00 ,-107.117,4.673921695,0.2373,0.02972,0.0007531,0.0004556,0,-1,1.83E-05,20,10
10670,66,-65.00 ,-107.257,4.675227824,0.2372,0.02961,0.0007518,0.0003798,0,-1,1.52E-05,20,10.1
10775,66,-65.00 ,-107.396,4.676522937,0.2371,0.02949,0.0007506,0.0003059,0,-1,1.23E-05,20,10.2
10880,66,-65.00 ,-107.535,4.677816376,0.237,0.02938,0.0007493,0.0002339,0,-1,9.37E-06,20,10.3
10985,66,-65.00 ,-107.674,4.679108144,0.2369,0.02927,0.000748,0.0001636,0,-1,6.56E-06,20,10.4
11090,66,-65.00 ,-107.812,4.68038897,0.2368,0.02915,0.0007468,9.46E-05,0,-1,3.79E-06,20,10.5
11195,66,-65.00 ,-107.949,4.681658893,0.2367,0.02904,0.0007455,2.73E-05,0,-1,1.09E-06,20,10.6
11300,66,-65.00 ,-108.086,4.682927207,0.2366,0.02893,0.0007443,-3.87E-05,0,-1,-1.55E-06,20,10.7
11405,66,-65.00 ,-108.223,4.684193913,0.2365,0.02882,0.000743,-0.0001035,0,-1,-4.15E-06,20,10.8
11510,66,-65.00 ,-108.359,4.685449789,0.2364,0.02871,0.0007418,-0.0001668,0,-1,-6.68E-06,20,10.9
11615,66,-65.00 ,-108.494,4.686694872,0.2363,0.0286,0.0007405,-0.0002284,0,-1,-9.15E-06,20,11
11720,66,-65.00 ,-108.629,4.687938407,0.2362,0.02849,0.0007393,-0.0002881,0,-1,-1.15E-05,20,11.1
11825,66,-65.00 ,-108.763,4.689171203,0.2361,0.02838,0.0007381,-0.0003458,0,-1,-1.39E-05,20,11.2
11930,66,-65.00 ,-108.897,4.690402481,0.236,0.02827,0.0007368,-0.0004013,0,-1,-1.61E-05,20,11.3
12035,66,-65.00 ,-109.031,4.691632245,0.2359,0.02816,0.0007356,-0.0004555,0,-1,-1.82E-05,20,11.4
12140,66,-65.00 ,-109.164,4.692851339,0.2358,0.02806,0.0007344,-0.0005079,0,-1,-2.03E-05,20,11.5
12245,66,-65.00 ,-109.297,4.694068947,0.2357,0.02795,0.0007332,-0.0005591,0,-1,-2.24E-05,20,11.6
12350,66,-65.00 ,-109.43,4.695285075,0.2356,0.02784,0.000732,-0.0006096,0,-1,-2.44E-05,20,11.7
12455,66,-65.00 ,-109.561,4.696481472,0.2355,0.02773,0.0007308,-0.0006587,0,-1,-2.64E-05,20,11.8
12560,66,-65.00 ,-109.693,4.697685555,0.2354,0.02763,0.0007296,-0.000707,0,-1,-2.83E-05,20,11.9
12665,66,-65.00 ,-109.824,4.698879084,0.2353,0.02752,0.0007284,-0.0007546,0,-1,-3.02E-05,20,12
12770,66,-65.00 ,-109.954,4.700062097,0.2352,0.02742,0.0007272,-0.0008014,0,-1,-3.21E-05,20,12.1
12875,66,-65.00 ,-110.084,4.701243711,0.2352,0.02731,0.000726,-0.0008473,0,-1,-3.39E-05,20,12.2
12980,66,-65.00 ,-110.214,4.70242393,0.2351,0.0272,0.0007248,-0.0008912,0,-1,-3.57E-05,20,12.3
13085,66,-65.00 ,-110.343,4.703593696,0.235,0.0271,0.0007236,-0.0009333,0,-1,-3.74E-05,20,12.4
13190,66,-65.00 ,-110.472,4.704762095,0.2349,0.027,0.0007224,-0.0009733,0,-1,-3.90E-05,20,12.5
13295,66,-65.00 ,-110.6,4.705920089,0.2348,0.02689,0.0007213,-0.001012,0,-1,-4.06E-05,20,12.6
13400,66,-65.00 ,-110.728,4.707076744,0.2347,0.02679,0.0007201,-0.00105,0,-1,-4.21E-05,20,12.7
13505,66,-65.00 ,-110.856,4.708232062,0.2346,0.02668,0.0007189,-0.001087,0,-1,-4.36E-05,20,12.8
13610,66,-65.00 ,-110.983,4.709377036,0.2345,0.02658,0.0007177,-0.001123,0,-1,-4.50E-05,20,12.9
13715,66,-65.00 ,-111.11,4.710520702,0.2344,0.02648,0.0007166,-0.001159,0,-1,-4.64E-05,20,13
13820,66,-65.00 ,-111.237,4.71166306,0.2343,0.02637,0.0007154,-0.001195,0,-1,-4.79E-05,20,13.1
13925,66,-65.00 ,-111.363,4.712795136,0.2342,0.02627,0.0007143,-0.00123,0,-1,-4.93E-05,20,13.2
14030,66,-65.00 ,-111.488,4.713916962,0.2341,0.02617,0.0007131,-0.001264,0,-1,-5.06E-05,20,13.3
14135,66,-65.00 ,-111.614,4.71504649,0.234,0.02607,0.000712,-0.001297,0,-1,-5.20E-05,20,13.4
14240,66,-65.00 ,-111.739,4.716165795,0.2339,0.02597,0.0007108,-0.001329,0,-1,-5.32E-05,20,13.5
14345,66,-65.00 ,-111.863,4.717274908,0.2338,0.02587,0.0007097,-0.001358,0,-1,-5.44E-05,20,13.6
14450,66,-65.00 ,-111.987,4.718382793,0.2338,0.02577,0.0007086,-0.001386,0,-1,-5.55E-05,20,13.7
14555,66,-65.00 ,-112.111,4.719489452,0.2337,0.02566,0.0007074,-0.001413,0,-1,-5.66E-05,20,13.8
14660,66,-65.00 ,-112.235,4.720594887,0.2336,0.02556,0.0007063,-0.00144,0,-1,-5.77E-05,20,13.9
14765,66,-65.00 ,-112.358,4.721690202,0.2335,0.02546,0.0007052,-0.001466,0,-1,-5.87E-05,20,14
14870,66,-65.00 ,-112.481,4.722784318,0.2334,0.02536,0.000704,-0.001493,0,-1,-5.98E-05,20,14.1
14975,66,-65.00 ,-112.604,4.723877239,0.2333,0.02526,0.0007029,-0.001519,0,-1,-6.09E-05,20,14.2
15080,66,-65.00 ,-112.726,4.724960095,0.2332,0.02517,0.0007018,-0.001545,0,-1,-6.19E-05,20,14.3
15185,66,-65.00 ,-112.848,4.72604178,0.2331,0.02507,0.0007007,-0.001571,0,-1,-6.29E-05,20,14.4
15290,66,-65.00 ,-112.969,4.727113445,0.233,0.02497,0.0006996,-0.001596,0,-1,-6.40E-05,20,14.5
15395,66,-65.00 ,-113.09,4.728183962,0.2329,0.02487,0.0006985,-0.001619,0,-1,-6.49E-05,20,14.6
15500,66,-65.00 ,-113.211,4.729253334,0.2329,0.02477,0.0006974,-0.00164,0,-1,-6.57E-05,20,14.7
15605,66,-65.00 ,-113.332,4.730321564,0.2328,0.02467,0.0006963,-0.001659,0,-1,-6.65E-05,20,14.8
15710,66,-65.00 ,-113.452,4.73137984,0.2327,0.02458,0.0006952,-0.001678,0,-1,-6.72E-05,20,14.9
15815,66,-65.00 ,-113.573,4.732445802,0.2326,0.02448,0.0006941,-0.001698,0,-1,-6.80E-05,20,15
15920,66,-65.00 ,-113.692,4.733493038,0.2325,0.02438,0.000693,-0.001717,0,-1,-6.88E-05,20,15.1
16025,66,-65.00 ,-113.812,4.734547964,0.2324,0.02428,0.0006919,-0.001737,0,-1,-6.96E-05,20,15.2
16130,66,-65.00 ,-113.931,4.735593002,0.2323,0.02419,0.0006908,-0.001758,0,-1,-7.04E-05,20,15.3
16235,66,-65.00 ,-114.05,4.736636949,0.2322,0.02409,0.0006897,-0.001778,0,-1,-7.12E-05,20,15.4
16340,66,-65.00 ,-114.169,4.737679807,0.2321,0.02399,0.0006886,-0.001799,0,-1,-7.21E-05,20,15.5
16445,66,-65.00 ,-114.287,4.738712829,0.2321,0.0239,0.0006875,-0.001817,0,-1,-7.28E-05,20,15.6
16550,66,-65.00 ,-114.405,4.739744784,0.232,0.0238,0.0006864,-0.001832,0,-1,-7.34E-05,20,15.7
16655,66,-65.00 ,-114.523,4.740775676,0.2319,0.02371,0.0006854,-0.001845,0,-1,-7.39E-05,20,15.8
16760,66,-65.00 ,-114.641,4.741805506,0.2318,0.02361,0.0006843,-0.001859,0,-1,-7.45E-05,20,15.9
16865,66,-65.00 ,-114.759,4.742834277,0.2317,0.02352,0.0006832,-0.001872,0,-1,-7.50E-05,20,16
16970,66,-65.00 ,-114.876,4.743853286,0.2316,0.02342,0.0006821,-0.001887,0,-1,-7.56E-05,20,16.1
17075,66,-65.00 ,-114.993,4.744871257,0.2315,0.02333,0.0006811,-0.001902,0,-1,-7.62E-05,20,16.2
17180,66,-65.00 ,-115.11,4.745888193,0.2315,0.02323,0.00068,-0.001917,0,-1,-7.68E-05,20,16.3
17285,66,-65.00 ,-115.226,4.746895417,0.2314,0.02314,0.0006789,-0.001934,0,-1,-7.75E-05,20,16.4
17390,66,-65.00 ,-115.342,4.747901628,0.2313,0.02304,0.0006779,-0.00195,0,-1,-7.81E-05,20,16.5
17495,66,-65.00 ,-115.458,4.748906827,0.2312,0.02295,0.0006768,-0.001962,0,-1,-7.86E-05,20,16.6
17600,66,-65.00 ,-115.574,4.749911017,0.2311,0.02285,0.0006758,-0.001971,0,-1,-7.89E-05,20,16.7
17705,66,-65.00 ,-115.69,4.7509142,0.231,0.02276,0.0006747,-0.001978,0,-1,-7.92E-05,20,16.8
17810,66,-65.00 ,-115.806,4.751916377,0.2309,0.02267,0.0006736,-0.001985,0,-1,-7.95E-05,20,16.9
17915,66,-65.00 ,-115.921,4.752908925,0.2309,0.02257,0.0006726,-0.001994,0,-1,-7.99E-05,20,17
18020,66,-65.00 ,-116.036,4.753900488,0.2308,0.02248,0.0006715,-0.002004,0,-1,-8.03E-05,20,17.1
18125,66,-65.00 ,-116.151,4.754891069,0.2307,0.02239,0.0006705,-0.002015,0,-1,-8.07E-05,20,17.2
18230,66,-65.00 ,-116.265,4.755872068,0.2306,0.02229,0.0006694,-0.002027,0,-1,-8.12E-05,20,17.3
18335,66,-65.00 ,-116.379,4.756852107,0.2305,0.0222,0.0006684,-0.002039,0,-1,-8.17E-05,20,17.4
18440,66,-65.00 ,-116.493,4.757831185,0.2304,0.02211,0.0006674,-0.002051,0,-1,-8.22E-05,20,17.5
18545,66,-65.00 ,-116.607,4.758809306,0.2304,0.02202,0.0006663,-0.002054,0,-1,-8.23E-05,20,17.6
18650,66,-65.00 ,-116.721,4.759786472,0.2303,0.02192,0.0006653,-0.002055,0,-1,-8.23E-05,20,17.7
18755,66,-65.00 ,-116.835,4.760762683,0.2302,0.02183,0.0006642,-0.002055,0,-1,-8.23E-05,20,17.8
18860,66,-65.00 ,-116.948,4.761729392,0.2301,0.02174,0.0006632,-0.002059,0,-1,-8.25E-05,20,17.9
18965,66,-65.00 ,-117.061,4.762695166,0.23,0.02165,0.0006621,-0.002064,0,-1,-8.27E-05,20,18
19070,66,-65.00 ,-117.174,4.76366001,0.2299,0.02155,0.0006611,-0.002071,0,-1,-8.30E-05,20,18.1
19175,66,-65.00 ,-117.287,4.764623923,0.2298,0.02146,0.0006601,-0.002079,0,-1,-8.33E-05,20,18.2
19280,66,-65.00 ,-117.399,4.765578389,0.2298,0.02137,0.0006591,-0.002087,0,-1,-8.36E-05,20,18.3
19385,66,-65.00 ,-117.51,4.766523436,0.2297,0.02128,0.000658,-0.002097,0,-1,-8.40E-05,20,18.4
19490,66,-65.00 ,-117.622,4.767476093,0.2296,0.02119,0.000657,-0.002097,0,-1,-8.40E-05,20,18.5
19595,66,-65.00 ,-117.734,4.768427843,0.2295,0.0211,0.000656,-0.002087,0,-1,-8.36E-05,20,18.6
19700,66,-65.00 ,-117.846,4.769378687,0.2294,0.02101,0.000655,-0.002083,0,-1,-8.34E-05,20,18.7
19805,66,-65.00 ,-117.958,4.770328629,0.2294,0.02092,0.0006539,-0.002081,0,-1,-8.34E-05,20,18.8
19910,66,-65.00 ,-118.07,4.771277669,0.2293,0.02083,0.0006529,-0.002083,0,-1,-8.35E-05,20,18.9
20015,66,-65.00 ,-118.181,4.772217348,0.2292,0.02074,0.0006519,-0.002087,0,-1,-8.36E-05,20,19
20120,66,-65.00 ,-118.291,4.77314769,0.2291,0.02065,0.0006509,-0.002093,0,-1,-8.38E-05,20,19.1
20225,66,-65.00 ,-118.401,4.774077168,0.229,0.02056,0.0006499,-0.002099,0,-1,-8.41E-05,20,19.2
20330,66,-65.00 ,-118.51,4.774997345,0.2289,0.02047,0.0006489,-0.002106,0,-1,-8.44E-05,20,19.3
20435,66,-65.00 ,-118.62,4.775925106,0.2289,0.02038,0.0006479,-0.0021,0,-1,-8.41E-05,20,19.4
20540,66,-65.00 ,-118.732,4.776868852,0.2288,0.02029,0.0006469,-0.002076,0,-1,-8.32E-05,20,19.5
20645,66,-65.00 ,-118.843,4.777803294,0.2287,0.0202,0.0006459,-0.002068,0,-1,-8.29E-05,20,19.6
20750,66,-65.00 ,-118.953,4.778728457,0.2286,0.02011,0.0006448,-0.002065,0,-1,-8.27E-05,20,19.7
20855,66,-65.00 ,-119.063,4.779652765,0.2285,0.02002,0.0006438,-0.002067,0,-1,-8.28E-05,20,19.8
20960,66,-65.00 ,-119.172,4.780567828,0.2285,0.01993,0.0006428,-0.00207,0,-1,-8.29E-05,20,19.9
21065,66,-65.00 ,-119.28,4.78147367,0.2284,0.01985,0.0006419,-0.002075,0,-1,-8.31E-05,20,20
21170,66,-65.00 ,-119.388,4.782378693,0.2283,0.01976,0.0006409,-0.002081,0,-1,-8.34E-05,20,20.1
21275,66,-65.00 ,-119.495,4.783274529,0.2282,0.01967,0.0006399,-0.002087,0,-1,-8.36E-05,20,20.2
21380,66,-65.00 ,-119.605,4.784194647,0.2281,0.01958,0.0006389,-0.002052,0,-1,-8.22E-05,20,20.3
21485,66,-65.00 ,-119.716,4.785122271,0.2281,0.01949,0.0006379,-0.002023,0,-1,-8.10E-05,20,20.4
21590,66,-65.00 ,-119.825,4.786032345,0.228,0.0194,0.0006369,-0.002018,0,-1,-8.08E-05,20,20.5
21695,66,-65.00 ,-119.933,4.786933254,0.2279,0.01932,0.0006359,-0.002019,0,-1,-8.09E-05,20,20.6
21800,66,-65.00 ,-120.041,4.787833351,0.2278,0.01923,0.0006349,-0.002023,0,-1,-8.10E-05,20,20.7
21905,66,-65.00 ,-120.147,4.788715993,0.2277,0.01914,0.0006339,-0.002027,0,-1,-8.12E-05,20,20.8
22010,66,-65.00 ,-120.253,4.789597857,0.2277,0.01906,0.0006329,-0.002032,0,-1,-8.14E-05,20,20.9
22115,66,-65.00 ,-120.359,4.790478943,0.2276,0.01897,0.000632,-0.002038,0,-1,-8.16E-05,20,21
22220,66,-65.00 ,-120.465,4.791359254,0.2275,0.01889,0.0006311,-0.002043,0,-1,-8.18E-05,20,21.1
22325,66,-65.00 ,-120.579,4.79230514,0.2275,0.01886,0.0006304,-0.002044,0,-1,-8.19E-05,20,21.2
22430,66,-65.00 ,-120.687,4.793200417,0.2274,0.01882,0.0006298,-0.002048,0,-1,-8.20E-05,20,21.3
22535,66,-65.00 ,-120.794,4.794086615,0.2273,0.01879,0.0006292,-0.002053,0,-1,-8.23E-05,20,21.4
22640,66,-65.00 ,-120.9,4.794963758,0.2273,0.01875,0.0006287,-0.002058,0,-1,-8.25E-05,20,21.5
22745,66,-65.00 ,-121.005,4.795831867,0.2272,0.01872,0.0006281,-0.002064,0,-1,-8.27E-05,20,21.6
22850,66,-65.00 ,-121.11,4.796699224,0.2272,0.01869,0.0006275,-0.002069,0,-1,-8.29E-05,20,21.7
22955,66,-65.00 ,-121.213,4.797549329,0.2271,0.01866,0.0006269,-0.002074,0,-1,-8.31E-05,20,21.8
23060,66,-65.00 ,-121.317,4.798406955,0.2271,0.01862,0.0006263,-0.002079,0,-1,-8.33E-05,20,21.9
23165,66,-65.00 ,-121.425,4.799296788,0.227,0.01859,0.0006258,-0.00214,0,-1,-8.57E-05,20,22
23270,66,-65.00 ,-121.531,4.800169374,0.2269,0.01855,0.0006252,-0.002159,0,-1,-8.65E-05,20,22.1
23375,66,-65.00 ,-121.637,4.8010412,0.2269,0.01852,0.0006246,-0.002171,0,-1,-8.70E-05,20,22.2
23480,66,-65.00 ,-121.741,4.801895837,0.2268,0.01849,0.000624,-0.002178,0,-1,-8.73E-05,20,22.3
23585,66,-65.00 ,-121.844,4.802741538,0.2268,0.01846,0.0006234,-0.002185,0,-1,-8.75E-05,20,22.4
23690,66,-65.00 ,-121.947,4.803586524,0.2267,0.01842,0.0006229,-0.00219,0,-1,-8.78E-05,20,22.5
23795,66,-65.00 ,-122.049,4.804422603,0.2267,0.01839,0.0006223,-0.002195,0,-1,-8.80E-05,20,22.6
23900,66,-65.00 ,-122.151,4.805257984,0.2266,0.01836,0.0006217,-0.0022,0,-1,-8.82E-05,20,22.7
24005,66,-65.00 ,-122.256,4.806117207,0.2266,0.01833,0.0006211,-0.002238,0,-1,-8.97E-05,20,22.8
24110,66,-65.00 ,-122.359,4.806959347,0.2265,0.01829,0.0006206,-0.002257,0,-1,-9.04E-05,20,22.9
24215,66,-65.00 ,-122.463,4.807808944,0.2264,0.01826,0.00062,-0.002272,0,-1,-9.10E-05,20,23
24320,66,-65.00 ,-122.565,4.808641502,0.2264,0.01823,0.0006194,-0.002281,0,-1,-9.14E-05,20,23.1
24425,66,-65.00 ,-122.667,4.809473367,0.2263,0.0182,0.0006189,-0.002288,0,-1,-9.17E-05,20,23.2
24530,66,-65.00 ,-122.768,4.810296395,0.2263,0.01817,0.0006183,-0.002294,0,-1,-9.19E-05,20,23.3
24635,66,-65.00 ,-122.868,4.811110608,0.2262,0.01813,0.0006177,-0.002299,0,-1,-9.21E-05,20,23.4
24740,66,-65.00 ,-122.969,4.811932291,0.2262,0.0181,0.0006172,-0.002308,0,-1,-9.25E-05,20,23.5
24845,66,-65.00 ,-123.07,4.812753299,0.2261,0.01807,0.0006166,-0.002331,0,-1,-9.34E-05,20,23.6
24950,66,-65.00 ,-123.172,4.813581753,0.2261,0.01804,0.0006161,-0.002347,0,-1,-9.40E-05,20,23.7
25055,66,-65.00 ,-123.273,4.814401408,0.226,0.01801,0.0006155,-0.00236,0,-1,-9.45E-05,20,23.8
25160,66,-65.00 ,-123.373,4.815212287,0.226,0.01797,0.0006149,-0.002369,0,-1,-9.49E-05,20,23.9
25265,66,-65.00 ,-123.473,4.816022509,0.2259,0.01794,0.0006144,-0.002376,0,-1,-9.52E-05,20,24
25370,66,-65.00 ,-123.572,4.816823982,0.2258,0.01791,0.0006138,-0.002382,0,-1,-9.54E-05,20,24.1
25475,66,-65.00 ,-123.671,4.817624814,0.2258,0.01788,0.0006133,-0.002386,0,-1,-9.56E-05,20,24.2
25580,66,-65.00 ,-123.77,4.818425005,0.2257,0.01785,0.0006128,-0.002399,0,-1,-9.61E-05,20,24.3
25685,66,-65.00 ,-123.87,4.819232629,0.2257,0.01782,0.0006122,-0.002413,0,-1,-9.67E-05,20,24.4
25790,66,-65.00 ,-123.969,4.820031534,0.2256,0.01779,0.0006116,-0.002426,0,-1,-9.72E-05,20,24.5
25895,66,-65.00 ,-124.068,4.820829802,0.2256,0.01776,0.0006111,-0.002436,0,-1,-9.76E-05,20,24.6
26000,66,-65.00 ,-124.167,4.821627434,0.2255,0.01772,0.0006106,-0.002445,0,-1,-9.79E-05,20,24.7
26105,66,-65.00 ,-124.265,4.822416382,0.2255,0.01769,0.00061,-0.002451,0,-1,-9.82E-05,20,24.8
26210,66,-65.00 ,-124.362,4.823196667,0.2254,0.01766,0.0006095,-0.002457,0,-1,-9.84E-05,20,24.9
26315,66,-65.00 ,-124.46,4.823984379,0.2254,0.01763,0.0006089,-0.002464,0,-1,-9.87E-05,20,25
