,node,depth,head,theta,K,C,flux,sink,kappa,v/KsTop,temp,time
5,6.0,-5.0,-391.864,0.1576,0.0003959,0.0001125,0.004985,0.0,-1.0,0.0002,20.0,0.0
110,6.0,-5.0,-391.608,0.1576,0.0003965,0.0001126,0.005031,0.0,-1.0,0.000202,20.0,0.1
215,6.0,-5.0,-391.381,0.1577,0.000397,0.0001127,0.005106,0.0,-1.0,0.000205,20.0,0.2
320,6.0,-5.0,-391.293,0.1577,0.0003972,0.0001127,0.00527,0.0,-1.0,0.000211,20.0,0.30000000000000004
425,6.0,-5.0,-391.399,0.1577,0.0003969,0.0001127,0.005517,0.0,-1.0,0.000221,20.0,0.4
530,6.0,-5.0,-391.825,0.1576,0.0003959,0.0001125,0.005857,0.0,-1.0,0.000235,20.0,0.5
635,6.0,-5.0,-392.589,0.1575,0.0003945,0.0001123,0.006306,0.0,-1.0,0.000253,20.0,0.6000000000000001
740,6.0,-5.0,-393.627,0.1574,0.000392,0.0001119,0.006792,0.0,-1.0,0.000272,20.0,0.7000000000000001
845,6.0,-5.0,-394.976,0.1573,0.000389,0.0001114,0.007321,0.0,-1.0,0.000293,20.0,0.8
950,6.0,-5.0,-396.594,0.1572,0.0003856,0.0001109,0.00786,0.0,-1.0,0.000315,20.0,0.9
1055,6.0,-5.0,-398.403,0.157,0.0003815,0.0001103,0.008382,0.0,-1.0,0.000336,20.0,1.0
1160,6.0,-5.0,-400.33,0.1568,0.0003772,0.0001096,0.00889,0.0,-1.0,0.000356,20.0,1.1
1265,6.0,-5.0,-402.557,0.1566,0.0003723,0.0001089,0.009477,0.0,-1.0,0.00038,20.0,1.2000000000000002
1370,6.0,-5.0,-405.038,0.1564,0.0003668,0.000108,0.01006,0.0,-1.0,0.000403,20.0,1.3
1475,6.0,-5.0,-407.694,0.1561,0.000361,0.0001071,0.01055,0.0,-1.0,0.000423,20.0,1.4000000000000001
1580,6.0,-5.0,-410.399,0.1558,0.000355,0.0001062,0.01097,0.0,-1.0,0.00044,20.0,1.5
1685,6.0,-5.0,-413.107,0.1556,0.000349,0.0001053,0.01131,0.0,-1.0,0.000453,20.0,1.6
1790,6.0,-5.0,-415.818,0.1553,0.000343,0.0001043,0.01156,0.0,-1.0,0.000463,20.0,1.7000000000000002
1895,6.0,-5.0,-418.45,0.1551,0.0003372,0.0001034,0.01177,0.0,-1.0,0.000472,20.0,1.8
2000,6.0,-5.0,-420.984,0.1548,0.0003316,0.0001026,0.01194,0.0,-1.0,0.000478,20.0,1.9000000000000001
2105,6.0,-5.0,-423.4,0.1546,0.0003262,0.0001017,0.01208,0.0,-1.0,0.000484,20.0,2.0
2210,6.0,-5.0,-425.691,0.1544,0.0003212,0.000101,0.01217,0.0,-1.0,0.000488,20.0,2.1
2315,6.0,-5.0,-427.856,0.1542,0.0003164,0.0001002,0.01224,0.0,-1.0,0.00049,20.0,2.2
2420,6.0,-5.0,-429.896,0.154,0.0003119,9.953e-05,0.01229,0.0,-1.0,0.000492,20.0,2.3000000000000003
2525,6.0,-5.0,-431.815,0.1538,0.0003076,9.888e-05,0.01231,0.0,-1.0,0.000493,20.0,2.4000000000000004
2630,6.0,-5.0,-433.835,0.1536,0.0003033,9.82e-05,0.01246,0.0,-1.0,0.000499,20.0,2.5
2735,6.0,-5.0,-435.798,0.1534,0.0002989,9.752e-05,0.01255,0.0,-1.0,0.000503,20.0,2.6
2840,6.0,-5.0,-437.724,0.1532,0.0002946,9.687e-05,0.01261,0.0,-1.0,0.000505,20.0,2.7
2945,6.0,-5.0,-439.604,0.153,0.0002905,9.623e-05,0.01267,0.0,-1.0,0.000508,20.0,2.8000000000000003
3050,6.0,-5.0,-441.441,0.1529,0.0002864,9.56e-05,0.01272,0.0,-1.0,0.00051,20.0,2.9000000000000004
3155,6.0,-5.0,-443.235,0.1527,0.0002825,9.499e-05,0.01276,0.0,-1.0,0.000511,20.0,3.0
3260,6.0,-5.0,-444.981,0.1525,0.0002786,9.44e-05,0.01279,0.0,-1.0,0.000512,20.0,3.1
3365,6.0,-5.0,-446.682,0.1524,0.0002748,9.382e-05,0.01282,0.0,-1.0,0.000513,20.0,3.2
3470,6.0,-5.0,-448.337,0.1522,0.0002712,9.325e-05,0.01283,0.0,-1.0,0.000514,20.0,3.3000000000000003
3575,6.0,-5.0,-449.948,0.152,0.0002676,9.271e-05,0.01285,0.0,-1.0,0.000515,20.0,3.4000000000000004
3680,6.0,-5.0,-451.515,0.1519,0.0002642,9.217e-05,0.01285,0.0,-1.0,0.000515,20.0,3.5
3785,6.0,-5.0,-453.039,0.1517,0.0002608,9.165e-05,0.01286,0.0,-1.0,0.000515,20.0,3.6
3890,6.0,-5.0,-454.523,0.1516,0.0002575,9.115e-05,0.01286,0.0,-1.0,0.000515,20.0,3.7
3995,6.0,-5.0,-455.966,0.1515,0.0002543,9.066e-05,0.01285,0.0,-1.0,0.000515,20.0,3.8000000000000003
4100,6.0,-5.0,-457.369,0.1513,0.0002513,9.018e-05,0.01284,0.0,-1.0,0.000515,20.0,3.9000000000000004
4205,6.0,-5.0,-458.735,0.1512,0.0002482,8.971e-05,0.01283,0.0,-1.0,0.000514,20.0,4.0
4310,6.0,-5.0,-460.068,0.1511,0.0002453,8.926e-05,0.01282,0.0,-1.0,0.000513,20.0,4.1000000000000005
4415,6.0,-5.0,-461.365,0.151,0.0002424,8.882e-05,0.0128,0.0,-1.0,0.000513,20.0,4.2
4520,6.0,-5.0,-462.626,0.1508,0.0002396,8.839e-05,0.01278,0.0,-1.0,0.000512,20.0,4.3
4625,6.0,-5.0,-463.851,0.1507,0.0002369,8.797e-05,0.01276,0.0,-1.0,0.000511,20.0,4.4
4730,6.0,-5.0,-465.038,0.1506,0.0002343,8.757e-05,0.01274,0.0,-1.0,0.000511,20.0,4.5
4835,6.0,-5.0,-466.188,0.1505,0.0002318,8.718e-05,0.01272,0.0,-1.0,0.00051,20.0,4.6000000000000005
4940,6.0,-5.0,-467.302,0.1504,0.0002293,8.68e-05,0.01271,0.0,-1.0,0.000509,20.0,4.7
5045,6.0,-5.0,-468.381,0.1503,0.0002269,8.643e-05,0.01269,0.0,-1.0,0.000508,20.0,4.800000000000001
5150,6.0,-5.0,-469.426,0.1502,0.0002246,8.607e-05,0.01267,0.0,-1.0,0.000507,20.0,4.9
5255,6.0,-5.0,-470.439,0.1501,0.0002224,8.573e-05,0.01265,0.0,-1.0,0.000507,20.0,5.0
5360,6.0,-5.0,-471.42,0.15,0.0002202,8.539e-05,0.01263,0.0,-1.0,0.000506,20.0,5.1000000000000005
5465,6.0,-5.0,-472.371,0.1499,0.0002181,8.507e-05,0.01261,0.0,-1.0,0.000505,20.0,5.2
5570,6.0,-5.0,-473.292,0.1498,0.0002161,8.476e-05,0.01259,0.0,-1.0,0.000504,20.0,5.300000000000001
5675,6.0,-5.0,-474.186,0.1497,0.0002141,8.445e-05,0.01257,0.0,-1.0,0.000503,20.0,5.4
5780,6.0,-5.0,-475.052,0.1496,0.0002122,8.416e-05,0.01255,0.0,-1.0,0.000503,20.0,5.5
5885,6.0,-5.0,-475.892,0.1496,0.0002104,8.387e-05,0.01253,0.0,-1.0,0.000502,20.0,5.6000000000000005
5990,6.0,-5.0,-476.707,0.1495,0.0002086,8.359e-05,0.01251,0.0,-1.0,0.000501,20.0,5.7
6095,6.0,-5.0,-477.496,0.1494,0.0002068,8.333e-05,0.01249,0.0,-1.0,0.0005,20.0,5.800000000000001
6200,6.0,-5.0,-478.263,0.1493,0.0002051,8.306e-05,0.01247,0.0,-1.0,0.000499,20.0,5.9
6305,6.0,-5.0,-479.006,0.1493,0.0002035,8.281e-05,0.01245,0.0,-1.0,0.000499,20.0,6.0
6410,6.0,-5.0,-479.727,0.1492,0.0002019,8.257e-05,0.01243,0.0,-1.0,0.000498,20.0,6.1000000000000005
6515,6.0,-5.0,-480.426,0.1491,0.0002004,8.233e-05,0.01241,0.0,-1.0,0.000497,20.0,6.2
6620,6.0,-5.0,-481.104,0.1491,0.0001989,8.21e-05,0.01239,0.0,-1.0,0.000496,20.0,6.300000000000001
6725,6.0,-5.0,-481.762,0.149,0.0001974,8.187e-05,0.01237,0.0,-1.0,0.000496,20.0,6.4
6830,6.0,-5.0,-482.399,0.1489,0.000196,8.166e-05,0.01235,0.0,-1.0,0.000495,20.0,6.5
6935,6.0,-5.0,-483.018,0.1489,0.0001946,8.145e-05,0.01234,0.0,-1.0,0.000494,20.0,6.6000000000000005
7040,6.0,-5.0,-483.617,0.1488,0.0001933,8.124e-05,0.01232,0.0,-1.0,0.000494,20.0,6.7
7145,6.0,-5.0,-484.198,0.1488,0.000192,8.104e-05,0.0123,0.0,-1.0,0.000493,20.0,6.800000000000001
7250,6.0,-5.0,-484.762,0.1487,0.0001908,8.085e-05,0.01229,0.0,-1.0,0.000492,20.0,6.9
7355,6.0,-5.0,-485.308,0.1487,0.0001896,8.067e-05,0.01227,0.0,-1.0,0.000492,20.0,7.0
7460,6.0,-5.0,-485.837,0.1486,0.0001884,8.049e-05,0.01225,0.0,-1.0,0.000491,20.0,7.1000000000000005
7565,6.0,-5.0,-486.378,0.1486,0.0001874,8.032e-05,0.01224,0.0,-1.0,0.00049,20.0,7.2
7670,6.0,-5.0,-487.024,0.1485,0.0001869,8.02e-05,0.01225,0.0,-1.0,0.000491,20.0,7.300000000000001
7775,6.0,-5.0,-487.607,0.1485,0.0001864,8.008e-05,0.01225,0.0,-1.0,0.000491,20.0,7.4
7880,6.0,-5.0,-488.164,0.1484,0.0001859,7.998e-05,0.01224,0.0,-1.0,0.000491,20.0,7.5
7985,6.0,-5.0,-488.691,0.1484,0.0001855,7.988e-05,0.01224,0.0,-1.0,0.00049,20.0,7.6000000000000005
8090,6.0,-5.0,-489.195,0.1484,0.0001851,7.978e-05,0.01224,0.0,-1.0,0.00049,20.0,7.7
8195,6.0,-5.0,-489.679,0.1483,0.0001847,7.969e-05,0.01223,0.0,-1.0,0.00049,20.0,7.800000000000001
8300,6.0,-5.0,-490.145,0.1483,0.0001844,7.96e-05,0.01223,0.0,-1.0,0.00049,20.0,7.9
8405,6.0,-5.0,-490.594,0.1483,0.000184,7.952e-05,0.01222,0.0,-1.0,0.00049,20.0,8.0
8510,6.0,-5.0,-491.028,0.1482,0.0001837,7.944e-05,0.01222,0.0,-1.0,0.000489,20.0,8.1
8615,6.0,-5.0,-491.446,0.1482,0.0001833,7.936e-05,0.01221,0.0,-1.0,0.000489,20.0,8.200000000000001
8720,6.0,-5.0,-491.85,0.1482,0.000183,7.928e-05,0.0122,0.0,-1.0,0.000489,20.0,8.3
8825,6.0,-5.0,-492.24,0.1482,0.0001827,7.92e-05,0.0122,0.0,-1.0,0.000489,20.0,8.4
8930,6.0,-5.0,-492.617,0.1481,0.0001824,7.913e-05,0.01219,0.0,-1.0,0.000488,20.0,8.5
9035,6.0,-5.0,-492.981,0.1481,0.0001821,7.906e-05,0.01219,0.0,-1.0,0.000488,20.0,8.6
9140,6.0,-5.0,-493.333,0.1481,0.0001818,7.9e-05,0.01218,0.0,-1.0,0.000488,20.0,8.700000000000001
9245,6.0,-5.0,-493.672,0.1481,0.0001815,7.893e-05,0.01217,0.0,-1.0,0.000488,20.0,8.8
9350,6.0,-5.0,-494.0,0.148,0.0001813,7.887e-05,0.01217,0.0,-1.0,0.000488,20.0,8.9
9455,6.0,-5.0,-494.317,0.148,0.000181,7.881e-05,0.01216,0.0,-1.0,0.000487,20.0,9.0
9560,6.0,-5.0,-494.622,0.148,0.0001808,7.875e-05,0.01216,0.0,-1.0,0.000487,20.0,9.1
9665,6.0,-5.0,-494.917,0.148,0.0001805,7.87e-05,0.01215,0.0,-1.0,0.000487,20.0,9.200000000000001
9770,6.0,-5.0,-495.201,0.148,0.0001803,7.864e-05,0.01215,0.0,-1.0,0.000487,20.0,9.3
9875,6.0,-5.0,-495.475,0.1479,0.0001801,7.859e-05,0.01214,0.0,-1.0,0.000487,20.0,9.4
9980,6.0,-5.0,-495.74,0.1479,0.0001799,7.854e-05,0.01214,0.0,-1.0,0.000486,20.0,9.5
10085,6.0,-5.0,-495.994,0.1479,0.0001797,7.849e-05,0.01213,0.0,-1.0,0.000486,20.0,9.600000000000001
10190,6.0,-5.0,-496.239,0.1479,0.0001795,7.845e-05,0.01213,0.0,-1.0,0.000486,20.0,9.700000000000001
10295,6.0,-5.0,-496.475,0.1479,0.0001793,7.84e-05,0.01213,0.0,-1.0,0.000486,20.0,9.8
10400,6.0,-5.0,-496.702,0.1479,0.0001791,7.836e-05,0.01212,0.0,-1.0,0.000486,20.0,9.9
10505,6.0,-5.0,-496.92,0.1478,0.0001789,7.832e-05,0.01212,0.0,-1.0,0.000485,20.0,10.0
10610,6.0,-5.0,-497.13,0.1478,0.0001788,7.828e-05,0.01211,0.0,-1.0,0.000485,20.0,10.100000000000001
10715,6.0,-5.0,-497.331,0.1478,0.0001786,7.824e-05,0.01211,0.0,-1.0,0.000485,20.0,10.200000000000001
10820,6.0,-5.0,-497.524,0.1478,0.0001785,7.82e-05,0.01211,0.0,-1.0,0.000485,20.0,10.3
10925,6.0,-5.0,-497.71,0.1478,0.0001783,7.817e-05,0.01211,0.0,-1.0,0.000485,20.0,10.4
11030,6.0,-5.0,-497.887,0.1478,0.0001782,7.813e-05,0.0121,0.0,-1.0,0.000485,20.0,10.5
11135,6.0,-5.0,-498.057,0.1478,0.000178,7.81e-05,0.0121,0.0,-1.0,0.000485,20.0,10.600000000000001
11240,6.0,-5.0,-498.22,0.1478,0.0001779,7.807e-05,0.0121,0.0,-1.0,0.000485,20.0,10.700000000000001
11345,6.0,-5.0,-498.376,0.1478,0.0001778,7.804e-05,0.0121,0.0,-1.0,0.000485,20.0,10.8
11450,6.0,-5.0,-498.524,0.1477,0.0001777,7.801e-05,0.0121,0.0,-1.0,0.000485,20.0,10.9
11555,6.0,-5.0,-498.666,0.1477,0.0001775,7.798e-05,0.01209,0.0,-1.0,0.000485,20.0,11.0
11660,6.0,-5.0,-498.801,0.1477,0.0001774,7.796e-05,0.01209,0.0,-1.0,0.000484,20.0,11.100000000000001
11765,6.0,-5.0,-498.93,0.1477,0.0001773,7.793e-05,0.01209,0.0,-1.0,0.000484,20.0,11.200000000000001
11870,6.0,-5.0,-499.052,0.1477,0.0001772,7.791e-05,0.01209,0.0,-1.0,0.000484,20.0,11.3
11975,6.0,-5.0,-499.168,0.1477,0.0001771,7.789e-05,0.01209,0.0,-1.0,0.000484,20.0,11.4
12080,6.0,-5.0,-499.278,0.1477,0.000177,7.787e-05,0.01209,0.0,-1.0,0.000484,20.0,11.5
12185,6.0,-5.0,-499.382,0.1477,0.000177,7.785e-05,0.01209,0.0,-1.0,0.000484,20.0,11.600000000000001
12290,6.0,-5.0,-499.481,0.1477,0.0001769,7.783e-05,0.01209,0.0,-1.0,0.000484,20.0,11.700000000000001
12395,6.0,-5.0,-499.574,0.1477,0.0001768,7.781e-05,0.01209,0.0,-1.0,0.000484,20.0,11.8
12500,6.0,-5.0,-499.661,0.1477,0.0001767,7.78e-05,0.01209,0.0,-1.0,0.000484,20.0,11.9
12605,6.0,-5.0,-499.743,0.1477,0.0001767,7.778e-05,0.01209,0.0,-1.0,0.000484,20.0,12.0
12710,6.0,-5.0,-499.82,0.1477,0.0001766,7.777e-05,0.01209,0.0,-1.0,0.000484,20.0,12.100000000000001
12815,6.0,-5.0,-499.892,0.1476,0.0001766,7.775e-05,0.01209,0.0,-1.0,0.000484,20.0,12.200000000000001
12920,6.0,-5.0,-499.958,0.1476,0.0001765,7.774e-05,0.01209,0.0,-1.0,0.000485,20.0,12.3
13025,6.0,-5.0,-500.02,0.1476,0.0001765,7.773e-05,0.0121,0.0,-1.0,0.000485,20.0,12.4
13130,6.0,-5.0,-500.077,0.1476,0.0001764,7.772e-05,0.0121,0.0,-1.0,0.000485,20.0,12.5
13235,6.0,-5.0,-500.13,0.1476,0.0001764,7.771e-05,0.0121,0.0,-1.0,0.000485,20.0,12.600000000000001
13340,6.0,-5.0,-500.178,0.1476,0.0001763,7.77e-05,0.0121,0.0,-1.0,0.000485,20.0,12.700000000000001
13445,6.0,-5.0,-500.222,0.1476,0.0001763,7.769e-05,0.0121,0.0,-1.0,0.000485,20.0,12.8
13550,6.0,-5.0,-500.262,0.1476,0.0001763,7.768e-05,0.0121,0.0,-1.0,0.000485,20.0,12.9
13655,6.0,-5.0,-500.297,0.1476,0.0001762,7.768e-05,0.01211,0.0,-1.0,0.000485,20.0,13.0
13760,6.0,-5.0,-500.329,0.1476,0.0001762,7.767e-05,0.01211,0.0,-1.0,0.000485,20.0,13.100000000000001
13865,6.0,-5.0,-500.356,0.1476,0.0001762,7.766e-05,0.01211,0.0,-1.0,0.000485,20.0,13.200000000000001
13970,6.0,-5.0,-500.38,0.1476,0.0001762,7.766e-05,0.01211,0.0,-1.0,0.000485,20.0,13.3
14075,6.0,-5.0,-500.4,0.1476,0.0001761,7.766e-05,0.01212,0.0,-1.0,0.000485,20.0,13.4
14180,6.0,-5.0,-500.416,0.1476,0.0001761,7.765e-05,0.01212,0.0,-1.0,0.000486,20.0,13.5
14285,6.0,-5.0,-500.429,0.1476,0.0001761,7.765e-05,0.01212,0.0,-1.0,0.000486,20.0,13.600000000000001
14390,6.0,-5.0,-500.439,0.1476,0.0001761,7.765e-05,0.01213,0.0,-1.0,0.000486,20.0,13.700000000000001
14495,6.0,-5.0,-500.445,0.1476,0.0001761,7.765e-05,0.01213,0.0,-1.0,0.000486,20.0,13.8
14600,6.0,-5.0,-500.448,0.1476,0.0001761,7.765e-05,0.01213,0.0,-1.0,0.000486,20.0,13.9
14705,6.0,-5.0,-500.448,0.1476,0.0001761,7.765e-05,0.01214,0.0,-1.0,0.000486,20.0,14.0
14810,6.0,-5.0,-500.445,0.1476,0.0001761,7.765e-05,0.01214,0.0,-1.0,0.000486,20.0,14.100000000000001
14915,6.0,-5.0,-500.439,0.1476,0.0001761,7.765e-05,0.01215,0.0,-1.0,0.000487,20.0,14.200000000000001
15020,6.0,-5.0,-500.43,0.1476,0.0001761,7.765e-05,0.01215,0.0,-1.0,0.000487,20.0,14.3
15125,6.0,-5.0,-500.419,0.1476,0.0001761,7.765e-05,0.01215,0.0,-1.0,0.000487,20.0,14.4
15230,6.0,-5.0,-500.404,0.1476,0.0001761,7.765e-05,0.01216,0.0,-1.0,0.000487,20.0,14.5
15335,6.0,-5.0,-500.387,0.1476,0.0001762,7.766e-05,0.01216,0.0,-1.0,0.000487,20.0,14.600000000000001
15440,6.0,-5.0,-500.368,0.1476,0.0001762,7.766e-05,0.01217,0.0,-1.0,0.000487,20.0,14.700000000000001
15545,6.0,-5.0,-500.346,0.1476,0.0001762,7.767e-05,0.01217,0.0,-1.0,0.000488,20.0,14.8
15650,6.0,-5.0,-500.322,0.1476,0.0001762,7.767e-05,0.01218,0.0,-1.0,0.000488,20.0,14.9
15755,6.0,-5.0,-500.295,0.1476,0.0001762,7.768e-05,0.01218,0.0,-1.0,0.000488,20.0,15.0
15860,6.0,-5.0,-500.266,0.1476,0.0001763,7.768e-05,0.01218,0.0,-1.0,0.000488,20.0,15.100000000000001
15965,6.0,-5.0,-500.235,0.1476,0.0001763,7.769e-05,0.01219,0.0,-1.0,0.000488,20.0,15.200000000000001
16070,6.0,-5.0,-500.202,0.1476,0.0001763,7.769e-05,0.01219,0.0,-1.0,0.000489,20.0,15.3
16175,6.0,-5.0,-500.167,0.1476,0.0001763,7.77e-05,0.0122,0.0,-1.0,0.000489,20.0,15.4
16280,6.0,-5.0,-500.131,0.1476,0.0001764,7.771e-05,0.0122,0.0,-1.0,0.000489,20.0,15.5
16385,6.0,-5.0,-500.092,0.1476,0.0001764,7.771e-05,0.01221,0.0,-1.0,0.000489,20.0,15.600000000000001
16490,6.0,-5.0,-500.051,0.1476,0.0001764,7.772e-05,0.01221,0.0,-1.0,0.000489,20.0,15.700000000000001
16595,6.0,-5.0,-500.009,0.1476,0.0001765,7.773e-05,0.01222,0.0,-1.0,0.00049,20.0,15.8
16700,6.0,-5.0,-499.965,0.1476,0.0001765,7.774e-05,0.01222,0.0,-1.0,0.00049,20.0,15.9
16805,6.0,-5.0,-499.92,0.1476,0.0001765,7.775e-05,0.01223,0.0,-1.0,0.00049,20.0,16.0
16910,6.0,-5.0,-499.873,0.1477,0.0001766,7.776e-05,0.01223,0.0,-1.0,0.00049,20.0,16.1
17015,6.0,-5.0,-499.825,0.1477,0.0001766,7.776e-05,0.01224,0.0,-1.0,0.00049,20.0,16.2
17120,6.0,-5.0,-499.775,0.1477,0.0001766,7.777e-05,0.01224,0.0,-1.0,0.000491,20.0,16.3
17225,6.0,-5.0,-499.724,0.1477,0.0001767,7.778e-05,0.01225,0.0,-1.0,0.000491,20.0,16.400000000000002
17330,6.0,-5.0,-499.671,0.1477,0.0001767,7.779e-05,0.01226,0.0,-1.0,0.000491,20.0,16.5
17435,6.0,-5.0,-499.617,0.1477,0.0001768,7.78e-05,0.01226,0.0,-1.0,0.000491,20.0,16.6
17540,6.0,-5.0,-499.562,0.1477,0.0001768,7.781e-05,0.01227,0.0,-1.0,0.000491,20.0,16.7
17645,6.0,-5.0,-499.506,0.1477,0.0001769,7.783e-05,0.01227,0.0,-1.0,0.000492,20.0,16.8
17750,6.0,-5.0,-499.449,0.1477,0.0001769,7.784e-05,0.01228,0.0,-1.0,0.000492,20.0,16.900000000000002
17855,6.0,-5.0,-499.391,0.1477,0.000177,7.785e-05,0.01228,0.0,-1.0,0.000492,20.0,17.0
17960,6.0,-5.0,-499.332,0.1477,0.000177,7.786e-05,0.01229,0.0,-1.0,0.000492,20.0,17.1
18065,6.0,-5.0,-499.272,0.1477,0.0001771,7.787e-05,0.01229,0.0,-1.0,0.000493,20.0,17.2
18170,6.0,-5.0,-499.211,0.1477,0.0001771,7.788e-05,0.0123,0.0,-1.0,0.000493,20.0,17.3
18275,6.0,-5.0,-499.149,0.1477,0.0001772,7.789e-05,0.0123,0.0,-1.0,0.000493,20.0,17.400000000000002
18380,6.0,-5.0,-499.086,0.1477,0.0001772,7.791e-05,0.01231,0.0,-1.0,0.000493,20.0,17.5
18485,6.0,-5.0,-499.023,0.1477,0.0001773,7.792e-05,0.01232,0.0,-1.0,0.000493,20.0,17.6
18590,6.0,-5.0,-498.959,0.1477,0.0001773,7.793e-05,0.01232,0.0,-1.0,0.000494,20.0,17.7
18695,6.0,-5.0,-498.894,0.1477,0.0001774,7.794e-05,0.01233,0.0,-1.0,0.000494,20.0,17.8
18800,6.0,-5.0,-498.829,0.1477,0.0001774,7.795e-05,0.01233,0.0,-1.0,0.000494,20.0,17.900000000000002
18905,6.0,-5.0,-498.763,0.1477,0.0001775,7.797e-05,0.01234,0.0,-1.0,0.000494,20.0,18.0
19010,6.0,-5.0,-498.696,0.1477,0.0001775,7.798e-05,0.01234,0.0,-1.0,0.000495,20.0,18.1
19115,6.0,-5.0,-498.629,0.1477,0.0001776,7.799e-05,0.01235,0.0,-1.0,0.000495,20.0,18.2
19220,6.0,-5.0,-498.562,0.1477,0.0001776,7.8e-05,0.01235,0.0,-1.0,0.000495,20.0,18.3
19325,6.0,-5.0,-498.494,0.1477,0.0001777,7.802e-05,0.01236,0.0,-1.0,0.000495,20.0,18.400000000000002
19430,6.0,-5.0,-498.425,0.1477,0.0001777,7.803e-05,0.01237,0.0,-1.0,0.000495,20.0,18.5
19535,6.0,-5.0,-498.357,0.1478,0.0001778,7.804e-05,0.01237,0.0,-1.0,0.000496,20.0,18.6
19640,6.0,-5.0,-498.288,0.1478,0.0001778,7.806e-05,0.01238,0.0,-1.0,0.000496,20.0,18.7
19745,6.0,-5.0,-498.219,0.1478,0.0001779,7.807e-05,0.01238,0.0,-1.0,0.000496,20.0,18.8
19850,6.0,-5.0,-498.149,0.1478,0.000178,7.808e-05,0.01239,0.0,-1.0,0.000496,20.0,18.900000000000002
19955,6.0,-5.0,-498.079,0.1478,0.000178,7.81e-05,0.01239,0.0,-1.0,0.000496,20.0,19.0
20060,6.0,-5.0,-498.01,0.1478,0.0001781,7.811e-05,0.0124,0.0,-1.0,0.000497,20.0,19.1
20165,6.0,-5.0,-497.94,0.1478,0.0001781,7.812e-05,0.0124,0.0,-1.0,0.000497,20.0,19.200000000000003
20270,6.0,-5.0,-497.87,0.1478,0.0001782,7.814e-05,0.01241,0.0,-1.0,0.000497,20.0,19.3
20375,6.0,-5.0,-497.799,0.1478,0.0001782,7.815e-05,0.01241,0.0,-1.0,0.000497,20.0,19.400000000000002
20480,6.0,-5.0,-497.729,0.1478,0.0001783,7.816e-05,0.01242,0.0,-1.0,0.000498,20.0,19.5
20585,6.0,-5.0,-497.659,0.1478,0.0001783,7.818e-05,0.01242,0.0,-1.0,0.000498,20.0,19.6
20690,6.0,-5.0,-497.589,0.1478,0.0001784,7.819e-05,0.01243,0.0,-1.0,0.000498,20.0,19.700000000000003
20795,6.0,-5.0,-497.518,0.1478,0.0001785,7.82e-05,0.01243,0.0,-1.0,0.000498,20.0,19.8
20900,6.0,-5.0,-497.448,0.1478,0.0001785,7.822e-05,0.01244,0.0,-1.0,0.000498,20.0,19.900000000000002
21005,6.0,-5.0,-497.378,0.1478,0.0001786,7.823e-05,0.01244,0.0,-1.0,0.000499,20.0,20.0
21110,6.0,-5.0,-497.308,0.1478,0.0001786,7.824e-05,0.01245,0.0,-1.0,0.000499,20.0,20.1
21215,6.0,-5.0,-497.238,0.1478,0.0001787,7.826e-05,0.01245,0.0,-1.0,0.000499,20.0,20.200000000000003
21320,6.0,-5.0,-497.169,0.1478,0.0001787,7.827e-05,0.01246,0.0,-1.0,0.000499,20.0,20.3
21425,6.0,-5.0,-497.099,0.1478,0.0001788,7.828e-05,0.01246,0.0,-1.0,0.000499,20.0,20.400000000000002
21530,6.0,-5.0,-497.03,0.1478,0.0001788,7.83e-05,0.01247,0.0,-1.0,0.0005,20.0,20.5
21635,6.0,-5.0,-496.961,0.1478,0.0001789,7.831e-05,0.01247,0.0,-1.0,0.0005,20.0,20.6
21740,6.0,-5.0,-496.892,0.1479,0.000179,7.832e-05,0.01248,0.0,-1.0,0.0005,20.0,20.700000000000003
21845,6.0,-5.0,-496.824,0.1479,0.000179,7.833e-05,0.01248,0.0,-1.0,0.0005,20.0,20.8
21950,6.0,-5.0,-496.756,0.1479,0.0001791,7.835e-05,0.01249,0.0,-1.0,0.0005,20.0,20.900000000000002
22055,6.0,-5.0,-496.688,0.1479,0.0001791,7.836e-05,0.01249,0.0,-1.0,0.000501,20.0,21.0
22160,6.0,-5.0,-496.621,0.1479,0.0001792,7.837e-05,0.0125,0.0,-1.0,0.000501,20.0,21.1
22265,6.0,-5.0,-496.553,0.1479,0.0001792,7.839e-05,0.0125,0.0,-1.0,0.000501,20.0,21.200000000000003
22370,6.0,-5.0,-496.487,0.1479,0.0001793,7.84e-05,0.01251,0.0,-1.0,0.000501,20.0,21.3
22475,6.0,-5.0,-496.42,0.1479,0.0001793,7.841e-05,0.01251,0.0,-1.0,0.000501,20.0,21.400000000000002
22580,6.0,-5.0,-496.354,0.1479,0.0001794,7.842e-05,0.01252,0.0,-1.0,0.000501,20.0,21.5
22685,6.0,-5.0,-496.289,0.1479,0.0001794,7.844e-05,0.01252,0.0,-1.0,0.000502,20.0,21.6
22790,6.0,-5.0,-496.224,0.1479,0.0001795,7.845e-05,0.01252,0.0,-1.0,0.000502,20.0,21.700000000000003
22895,6.0,-5.0,-496.159,0.1479,0.0001795,7.846e-05,0.01253,0.0,-1.0,0.000502,20.0,21.8
23000,6.0,-5.0,-496.095,0.1479,0.0001796,7.847e-05,0.01253,0.0,-1.0,0.000502,20.0,21.900000000000002
23105,6.0,-5.0,-496.032,0.1479,0.0001796,7.849e-05,0.01254,0.0,-1.0,0.000502,20.0,22.0
23210,6.0,-5.0,-495.969,0.1479,0.0001797,7.85e-05,0.01254,0.0,-1.0,0.000502,20.0,22.1
23315,6.0,-5.0,-495.906,0.1479,0.0001797,7.851e-05,0.01254,0.0,-1.0,0.000503,20.0,22.200000000000003
23420,6.0,-5.0,-495.844,0.1479,0.0001798,7.852e-05,0.01255,0.0,-1.0,0.000503,20.0,22.3
23525,6.0,-5.0,-495.783,0.1479,0.0001798,7.853e-05,0.01255,0.0,-1.0,0.000503,20.0,22.400000000000002
23630,6.0,-5.0,-495.722,0.1479,0.0001799,7.854e-05,0.01256,0.0,-1.0,0.000503,20.0,22.5
23735,6.0,-5.0,-495.662,0.1479,0.0001799,7.856e-05,0.01256,0.0,-1.0,0.000503,20.0,22.6
23840,6.0,-5.0,-495.602,0.1479,0.00018,7.857e-05,0.01256,0.0,-1.0,0.000503,20.0,22.700000000000003
23945,6.0,-5.0,-495.543,0.1479,0.00018,7.858e-05,0.01257,0.0,-1.0,0.000503,20.0,22.8
24050,6.0,-5.0,-495.484,0.1479,0.0001801,7.859e-05,0.01257,0.0,-1.0,0.000504,20.0,22.900000000000002
24155,6.0,-5.0,-495.427,0.1479,0.0001801,7.86e-05,0.01257,0.0,-1.0,0.000504,20.0,23.0
24260,6.0,-5.0,-495.37,0.148,0.0001802,7.861e-05,0.01258,0.0,-1.0,0.000504,20.0,23.1
24365,6.0,-5.0,-495.313,0.148,0.0001802,7.862e-05,0.01258,0.0,-1.0,0.000504,20.0,23.200000000000003
24470,6.0,-5.0,-495.258,0.148,0.0001803,7.863e-05,0.01258,0.0,-1.0,0.000504,20.0,23.3
24575,6.0,-5.0,-495.202,0.148,0.0001803,7.864e-05,0.01259,0.0,-1.0,0.000504,20.0,23.400000000000002
24680,6.0,-5.0,-495.148,0.148,0.0001804,7.865e-05,0.01259,0.0,-1.0,0.000504,20.0,23.5
24785,6.0,-5.0,-495.094,0.148,0.0001804,7.866e-05,0.01259,0.0,-1.0,0.000505,20.0,23.6
24890,6.0,-5.0,-495.041,0.148,0.0001804,7.867e-05,0.0126,0.0,-1.0,0.000505,20.0,23.700000000000003
24995,6.0,-5.0,-494.989,0.148,0.0001805,7.868e-05,0.0126,0.0,-1.0,0.000505,20.0,23.8
25100,6.0,-5.0,-494.938,0.148,0.0001805,7.869e-05,0.0126,0.0,-1.0,0.000505,20.0,23.900000000000002
25205,6.0,-5.0,-494.887,0.148,0.0001806,7.87e-05,0.01261,0.0,-1.0,0.000505,20.0,24.0
25310,6.0,-5.0,-494.837,0.148,0.0001806,7.871e-05,0.01261,0.0,-1.0,0.000505,20.0,24.1
25415,6.0,-5.0,-494.788,0.148,0.0001806,7.872e-05,0.01261,0.0,-1.0,0.000505,20.0,24.200000000000003
25520,6.0,-5.0,-494.739,0.148,0.0001807,7.873e-05,0.01261,0.0,-1.0,0.000505,20.0,24.3
25625,6.0,-5.0,-494.691,0.148,0.0001807,7.874e-05,0.01262,0.0,-1.0,0.000505,20.0,24.400000000000002
25730,6.0,-5.0,-494.644,0.148,0.0001808,7.875e-05,0.01262,0.0,-1.0,0.000506,20.0,24.5
25835,6.0,-5.0,-494.598,0.148,0.0001808,7.876e-05,0.01262,0.0,-1.0,0.000506,20.0,24.6
25940,6.0,-5.0,-494.553,0.148,0.0001808,7.877e-05,0.01262,0.0,-1.0,0.000506,20.0,24.700000000000003
26045,6.0,-5.0,-494.508,0.148,0.0001809,7.877e-05,0.01263,0.0,-1.0,0.000506,20.0,24.8
26150,6.0,-5.0,-494.464,0.148,0.0001809,7.878e-05,0.01263,0.0,-1.0,0.000506,20.0,24.900000000000002
26255,6.0,-5.0,-494.421,0.148,0.0001809,7.879e-05,0.01263,0.0,-1.0,0.000506,20.0,25.0
25,26.0,-25.0,-217.925,0.1881,0.003021,0.000277,0.01371,0.0,-1.0,0.000549,20.0,0.0
130,26.0,-25.0,-217.745,0.1881,0.003029,0.0002774,0.01363,0.0,-1.0,0.000546,20.0,0.1
235,26.0,-25.0,-217.565,0.1882,0.003037,0.0002777,0.01358,0.0,-1.0,0.000544,20.0,0.2
340,26.0,-25.0,-217.386,0.1882,0.003045,0.000278,0.01356,0.0,-1.0,0.000543,20.0,0.30000000000000004
445,26.0,-25.0,-217.206,0.1883,0.003053,0.0002784,0.01355,0.0,-1.0,0.000543,20.0,0.4
550,26.0,-25.0,-217.026,0.1883,0.003061,0.0002787,0.01356,0.0,-1.0,0.000543,20.0,0.5
655,26.0,-25.0,-216.846,0.1884,0.003069,0.0002791,0.01357,0.0,-1.0,0.000544,20.0,0.6000000000000001
760,26.0,-25.0,-216.665,0.1884,0.003077,0.0002794,0.01359,0.0,-1.0,0.000544,20.0,0.7000000000000001
865,26.0,-25.0,-216.485,0.1885,0.003085,0.0002797,0.01361,0.0,-1.0,0.000545,20.0,0.8
970,26.0,-25.0,-216.304,0.1885,0.003093,0.0002801,0.01363,0.0,-1.0,0.000546,20.0,0.9
1075,26.0,-25.0,-216.124,0.1886,0.003101,0.0002804,0.01365,0.0,-1.0,0.000547,20.0,1.0
1180,26.0,-25.0,-215.944,0.1886,0.003109,0.0002808,0.01367,0.0,-1.0,0.000548,20.0,1.1
1285,26.0,-25.0,-215.763,0.1887,0.003117,0.0002811,0.0137,0.0,-1.0,0.000549,20.0,1.2000000000000002
1390,26.0,-25.0,-215.582,0.1887,0.003126,0.0002814,0.01372,0.0,-1.0,0.00055,20.0,1.3
1495,26.0,-25.0,-215.402,0.1888,0.003134,0.0002818,0.01374,0.0,-1.0,0.000551,20.0,1.4000000000000001
1600,26.0,-25.0,-215.221,0.1888,0.003142,0.0002821,0.01377,0.0,-1.0,0.000552,20.0,1.5
1705,26.0,-25.0,-215.04,0.1889,0.00315,0.0002825,0.01379,0.0,-1.0,0.000553,20.0,1.6
1810,26.0,-25.0,-214.859,0.1889,0.003158,0.0002828,0.01382,0.0,-1.0,0.000554,20.0,1.7000000000000002
1915,26.0,-25.0,-214.677,0.189,0.003166,0.0002831,0.01384,0.0,-1.0,0.000554,20.0,1.8
2020,26.0,-25.0,-214.496,0.189,0.003174,0.0002835,0.01386,0.0,-1.0,0.000555,20.0,1.9000000000000001
2125,26.0,-25.0,-214.315,0.1891,0.003182,0.0002838,0.01389,0.0,-1.0,0.000556,20.0,2.0
2230,26.0,-25.0,-214.134,0.1891,0.00319,0.0002842,0.01391,0.0,-1.0,0.000557,20.0,2.1
2335,26.0,-25.0,-213.953,0.1892,0.003198,0.0002845,0.01393,0.0,-1.0,0.000558,20.0,2.2
2440,26.0,-25.0,-213.772,0.1892,0.003207,0.0002849,0.01396,0.0,-1.0,0.000559,20.0,2.3000000000000003
2545,26.0,-25.0,-213.591,0.1893,0.003215,0.0002852,0.01398,0.0,-1.0,0.00056,20.0,2.4000000000000004
2650,26.0,-25.0,-213.41,0.1893,0.003223,0.0002855,0.014,0.0,-1.0,0.000561,20.0,2.5
2755,26.0,-25.0,-213.229,0.1894,0.003231,0.0002859,0.01402,0.0,-1.0,0.000562,20.0,2.6
2860,26.0,-25.0,-213.049,0.1894,0.003239,0.0002862,0.01404,0.0,-1.0,0.000563,20.0,2.7
2965,26.0,-25.0,-212.868,0.1895,0.003247,0.0002866,0.01406,0.0,-1.0,0.000563,20.0,2.8000000000000003
3070,26.0,-25.0,-212.688,0.1895,0.003255,0.0002869,0.01408,0.0,-1.0,0.000564,20.0,2.9000000000000004
3175,26.0,-25.0,-212.508,0.1896,0.003263,0.0002872,0.01411,0.0,-1.0,0.000565,20.0,3.0
3280,26.0,-25.0,-212.328,0.1896,0.003271,0.0002876,0.01413,0.0,-1.0,0.000566,20.0,3.1
3385,26.0,-25.0,-212.149,0.1897,0.003279,0.0002879,0.01415,0.0,-1.0,0.000567,20.0,3.2
3490,26.0,-25.0,-211.971,0.1897,0.003287,0.0002883,0.01417,0.0,-1.0,0.000568,20.0,3.3000000000000003
3595,26.0,-25.0,-211.795,0.1898,0.003295,0.0002886,0.01419,0.0,-1.0,0.000568,20.0,3.4000000000000004
3700,26.0,-25.0,-211.619,0.1898,0.003303,0.0002889,0.01421,0.0,-1.0,0.000569,20.0,3.5
3805,26.0,-25.0,-211.446,0.1899,0.003311,0.0002893,0.01423,0.0,-1.0,0.00057,20.0,3.6
3910,26.0,-25.0,-211.273,0.1899,0.003318,0.0002896,0.01425,0.0,-1.0,0.000571,20.0,3.7
4015,26.0,-25.0,-211.101,0.19,0.003326,0.0002899,0.01427,0.0,-1.0,0.000572,20.0,3.8000000000000003
4120,26.0,-25.0,-210.93,0.19,0.003334,0.0002902,0.01429,0.0,-1.0,0.000572,20.0,3.9000000000000004
4225,26.0,-25.0,-210.76,0.1901,0.003341,0.0002905,0.01431,0.0,-1.0,0.000573,20.0,4.0
4330,26.0,-25.0,-210.591,0.1901,0.003349,0.0002909,0.01433,0.0,-1.0,0.000574,20.0,4.1000000000000005
4435,26.0,-25.0,-210.422,0.1901,0.003356,0.0002912,0.01435,0.0,-1.0,0.000575,20.0,4.2
4540,26.0,-25.0,-210.254,0.1902,0.003364,0.0002915,0.01437,0.0,-1.0,0.000576,20.0,4.3
4645,26.0,-25.0,-210.086,0.1902,0.003372,0.0002918,0.01439,0.0,-1.0,0.000576,20.0,4.4
4750,26.0,-25.0,-209.919,0.1903,0.003379,0.0002921,0.01441,0.0,-1.0,0.000577,20.0,4.5
4855,26.0,-25.0,-209.754,0.1903,0.003386,0.0002924,0.01443,0.0,-1.0,0.000578,20.0,4.6000000000000005
4960,26.0,-25.0,-209.588,0.1904,0.003394,0.0002928,0.01444,0.0,-1.0,0.000579,20.0,4.7
5065,26.0,-25.0,-209.424,0.1904,0.003401,0.0002931,0.01446,0.0,-1.0,0.000579,20.0,4.800000000000001
5170,26.0,-25.0,-209.261,0.1905,0.003408,0.0002934,0.01448,0.0,-1.0,0.00058,20.0,4.9
5275,26.0,-25.0,-209.099,0.1905,0.003416,0.0002937,0.0145,0.0,-1.0,0.000581,20.0,5.0
5380,26.0,-25.0,-208.937,0.1906,0.003423,0.000294,0.01452,0.0,-1.0,0.000582,20.0,5.1000000000000005
5485,26.0,-25.0,-208.777,0.1906,0.00343,0.0002943,0.01453,0.0,-1.0,0.000582,20.0,5.2
5590,26.0,-25.0,-208.618,0.1906,0.003437,0.0002946,0.01455,0.0,-1.0,0.000583,20.0,5.300000000000001
5695,26.0,-25.0,-208.46,0.1907,0.003444,0.0002949,0.01456,0.0,-1.0,0.000583,20.0,5.4
5800,26.0,-25.0,-208.303,0.1907,0.003451,0.0002952,0.01458,0.0,-1.0,0.000584,20.0,5.5
5905,26.0,-25.0,-208.148,0.1908,0.003458,0.0002955,0.01459,0.0,-1.0,0.000585,20.0,5.6000000000000005
6010,26.0,-25.0,-207.993,0.1908,0.003465,0.0002958,0.01461,0.0,-1.0,0.000585,20.0,5.7
6115,26.0,-25.0,-207.84,0.1909,0.003472,0.0002961,0.01462,0.0,-1.0,0.000586,20.0,5.800000000000001
6220,26.0,-25.0,-207.688,0.1909,0.003479,0.0002963,0.01463,0.0,-1.0,0.000586,20.0,5.9
6325,26.0,-25.0,-207.538,0.1909,0.003486,0.0002966,0.01465,0.0,-1.0,0.000587,20.0,6.0
6430,26.0,-25.0,-207.389,0.191,0.003492,0.0002969,0.01466,0.0,-1.0,0.000587,20.0,6.1000000000000005
6535,26.0,-25.0,-207.241,0.191,0.003499,0.0002972,0.01467,0.0,-1.0,0.000588,20.0,6.2
6640,26.0,-25.0,-207.095,0.1911,0.003505,0.0002975,0.01468,0.0,-1.0,0.000588,20.0,6.300000000000001
6745,26.0,-25.0,-206.951,0.1911,0.003512,0.0002977,0.01469,0.0,-1.0,0.000589,20.0,6.4
6850,26.0,-25.0,-206.807,0.1911,0.003518,0.000298,0.0147,0.0,-1.0,0.000589,20.0,6.5
6955,26.0,-25.0,-206.666,0.1912,0.003525,0.0002983,0.01471,0.0,-1.0,0.000589,20.0,6.6000000000000005
7060,26.0,-25.0,-206.527,0.1912,0.003531,0.0002985,0.01471,0.0,-1.0,0.000589,20.0,6.7
7165,26.0,-25.0,-206.39,0.1913,0.003537,0.0002988,0.01472,0.0,-1.0,0.00059,20.0,6.800000000000001
7270,26.0,-25.0,-206.255,0.1913,0.003543,0.0002991,0.01472,0.0,-1.0,0.00059,20.0,6.9
7375,26.0,-25.0,-206.121,0.1913,0.003549,0.0002993,0.01473,0.0,-1.0,0.00059,20.0,7.0
7480,26.0,-25.0,-205.989,0.1914,0.003555,0.0002996,0.01473,0.0,-1.0,0.00059,20.0,7.1000000000000005
7585,26.0,-25.0,-205.859,0.1914,0.003561,0.0002998,0.01474,0.0,-1.0,0.000591,20.0,7.2
7690,26.0,-25.0,-205.73,0.1914,0.003566,0.0003,0.01475,0.0,-1.0,0.000591,20.0,7.300000000000001
7795,26.0,-25.0,-205.603,0.1915,0.003572,0.0003003,0.01476,0.0,-1.0,0.000591,20.0,7.4
7900,26.0,-25.0,-205.478,0.1915,0.003578,0.0003005,0.01476,0.0,-1.0,0.000591,20.0,7.5
8005,26.0,-25.0,-205.354,0.1915,0.003583,0.0003008,0.01477,0.0,-1.0,0.000592,20.0,7.6000000000000005
8110,26.0,-25.0,-205.232,0.1916,0.003589,0.000301,0.01478,0.0,-1.0,0.000592,20.0,7.7
8215,26.0,-25.0,-205.112,0.1916,0.003594,0.0003012,0.01478,0.0,-1.0,0.000592,20.0,7.800000000000001
8320,26.0,-25.0,-204.993,0.1916,0.003599,0.0003014,0.01479,0.0,-1.0,0.000592,20.0,7.9
8425,26.0,-25.0,-204.876,0.1917,0.003605,0.0003017,0.01479,0.0,-1.0,0.000593,20.0,8.0
8530,26.0,-25.0,-204.761,0.1917,0.00361,0.0003019,0.0148,0.0,-1.0,0.000593,20.0,8.1
8635,26.0,-25.0,-204.647,0.1917,0.003615,0.0003021,0.0148,0.0,-1.0,0.000593,20.0,8.200000000000001
8740,26.0,-25.0,-204.535,0.1918,0.00362,0.0003023,0.0148,0.0,-1.0,0.000593,20.0,8.3
8845,26.0,-25.0,-204.425,0.1918,0.003625,0.0003025,0.01481,0.0,-1.0,0.000593,20.0,8.4
8950,26.0,-25.0,-204.316,0.1918,0.00363,0.0003027,0.01481,0.0,-1.0,0.000593,20.0,8.5
9055,26.0,-25.0,-204.209,0.1919,0.003635,0.0003029,0.01481,0.0,-1.0,0.000593,20.0,8.6
9160,26.0,-25.0,-204.104,0.1919,0.003639,0.0003031,0.01481,0.0,-1.0,0.000593,20.0,8.700000000000001
9265,26.0,-25.0,-204.0,0.1919,0.003644,0.0003033,0.01481,0.0,-1.0,0.000593,20.0,8.8
9370,26.0,-25.0,-203.898,0.1919,0.003648,0.0003035,0.01481,0.0,-1.0,0.000593,20.0,8.9
9475,26.0,-25.0,-203.798,0.192,0.003653,0.0003037,0.01481,0.0,-1.0,0.000593,20.0,9.0
9580,26.0,-25.0,-203.699,0.192,0.003657,0.0003039,0.01481,0.0,-1.0,0.000593,20.0,9.1
9685,26.0,-25.0,-203.602,0.192,0.003662,0.0003041,0.01481,0.0,-1.0,0.000593,20.0,9.200000000000001
9790,26.0,-25.0,-203.507,0.192,0.003666,0.0003042,0.0148,0.0,-1.0,0.000593,20.0,9.3
9895,26.0,-25.0,-203.413,0.1921,0.00367,0.0003044,0.0148,0.0,-1.0,0.000593,20.0,9.4
10000,26.0,-25.0,-203.321,0.1921,0.003674,0.0003046,0.0148,0.0,-1.0,0.000593,20.0,9.5
10105,26.0,-25.0,-203.231,0.1921,0.003678,0.0003048,0.01479,0.0,-1.0,0.000593,20.0,9.600000000000001
10210,26.0,-25.0,-203.142,0.1921,0.003682,0.0003049,0.01479,0.0,-1.0,0.000593,20.0,9.700000000000001
10315,26.0,-25.0,-203.055,0.1922,0.003686,0.0003051,0.01479,0.0,-1.0,0.000592,20.0,9.8
10420,26.0,-25.0,-202.969,0.1922,0.00369,0.0003053,0.01478,0.0,-1.0,0.000592,20.0,9.9
10525,26.0,-25.0,-202.885,0.1922,0.003694,0.0003054,0.01477,0.0,-1.0,0.000592,20.0,10.0
10630,26.0,-25.0,-202.803,0.1922,0.003697,0.0003056,0.01477,0.0,-1.0,0.000592,20.0,10.100000000000001
10735,26.0,-25.0,-202.722,0.1923,0.003701,0.0003057,0.01476,0.0,-1.0,0.000591,20.0,10.200000000000001
10840,26.0,-25.0,-202.643,0.1923,0.003705,0.0003059,0.01476,0.0,-1.0,0.000591,20.0,10.3
10945,26.0,-25.0,-202.565,0.1923,0.003708,0.000306,0.01475,0.0,-1.0,0.000591,20.0,10.4
11050,26.0,-25.0,-202.489,0.1923,0.003711,0.0003062,0.01474,0.0,-1.0,0.000591,20.0,10.5
11155,26.0,-25.0,-202.415,0.1923,0.003715,0.0003063,0.01473,0.0,-1.0,0.00059,20.0,10.600000000000001
11260,26.0,-25.0,-202.342,0.1924,0.003718,0.0003064,0.01472,0.0,-1.0,0.00059,20.0,10.700000000000001
11365,26.0,-25.0,-202.27,0.1924,0.003721,0.0003066,0.01471,0.0,-1.0,0.00059,20.0,10.8
11470,26.0,-25.0,-202.2,0.1924,0.003724,0.0003067,0.0147,0.0,-1.0,0.000589,20.0,10.9
11575,26.0,-25.0,-202.132,0.1924,0.003727,0.0003068,0.0147,0.0,-1.0,0.000589,20.0,11.0
11680,26.0,-25.0,-202.065,0.1924,0.00373,0.000307,0.01469,0.0,-1.0,0.000588,20.0,11.100000000000001
11785,26.0,-25.0,-201.999,0.1925,0.003733,0.0003071,0.01467,0.0,-1.0,0.000588,20.0,11.200000000000001
11890,26.0,-25.0,-201.935,0.1925,0.003736,0.0003072,0.01466,0.0,-1.0,0.000587,20.0,11.3
11995,26.0,-25.0,-201.873,0.1925,0.003739,0.0003073,0.01465,0.0,-1.0,0.000587,20.0,11.4
12100,26.0,-25.0,-201.811,0.1925,0.003742,0.0003074,0.01464,0.0,-1.0,0.000587,20.0,11.5
12205,26.0,-25.0,-201.752,0.1925,0.003744,0.0003076,0.01463,0.0,-1.0,0.000586,20.0,11.600000000000001
12310,26.0,-25.0,-201.693,0.1925,0.003747,0.0003077,0.01462,0.0,-1.0,0.000586,20.0,11.700000000000001
12415,26.0,-25.0,-201.636,0.1926,0.00375,0.0003078,0.01461,0.0,-1.0,0.000585,20.0,11.8
12520,26.0,-25.0,-201.581,0.1926,0.003752,0.0003079,0.01459,0.0,-1.0,0.000585,20.0,11.9
12625,26.0,-25.0,-201.527,0.1926,0.003755,0.000308,0.01458,0.0,-1.0,0.000584,20.0,12.0
12730,26.0,-25.0,-201.474,0.1926,0.003757,0.0003081,0.01457,0.0,-1.0,0.000584,20.0,12.100000000000001
12835,26.0,-25.0,-201.423,0.1926,0.003759,0.0003082,0.01455,0.0,-1.0,0.000583,20.0,12.200000000000001
12940,26.0,-25.0,-201.373,0.1926,0.003761,0.0003083,0.01454,0.0,-1.0,0.000582,20.0,12.3
13045,26.0,-25.0,-201.324,0.1926,0.003764,0.0003084,0.01452,0.0,-1.0,0.000582,20.0,12.4
13150,26.0,-25.0,-201.277,0.1927,0.003766,0.0003085,0.01451,0.0,-1.0,0.000581,20.0,12.5
13255,26.0,-25.0,-201.231,0.1927,0.003768,0.0003085,0.0145,0.0,-1.0,0.000581,20.0,12.600000000000001
13360,26.0,-25.0,-201.186,0.1927,0.00377,0.0003086,0.01448,0.0,-1.0,0.00058,20.0,12.700000000000001
13465,26.0,-25.0,-201.142,0.1927,0.003772,0.0003087,0.01447,0.0,-1.0,0.00058,20.0,12.8
13570,26.0,-25.0,-201.1,0.1927,0.003774,0.0003088,0.01445,0.0,-1.0,0.000579,20.0,12.9
13675,26.0,-25.0,-201.06,0.1927,0.003775,0.0003089,0.01443,0.0,-1.0,0.000578,20.0,13.0
13780,26.0,-25.0,-201.021,0.1927,0.003777,0.0003089,0.01442,0.0,-1.0,0.000578,20.0,13.100000000000001
13885,26.0,-25.0,-200.983,0.1927,0.003779,0.000309,0.0144,0.0,-1.0,0.000577,20.0,13.200000000000001
13990,26.0,-25.0,-200.947,0.1927,0.003781,0.0003091,0.01438,0.0,-1.0,0.000576,20.0,13.3
14095,26.0,-25.0,-200.911,0.1928,0.003782,0.0003091,0.01437,0.0,-1.0,0.000576,20.0,13.4
14200,26.0,-25.0,-200.877,0.1928,0.003784,0.0003092,0.01435,0.0,-1.0,0.000575,20.0,13.5
14305,26.0,-25.0,-200.843,0.1928,0.003785,0.0003093,0.01433,0.0,-1.0,0.000574,20.0,13.600000000000001
14410,26.0,-25.0,-200.811,0.1928,0.003787,0.0003093,0.01432,0.0,-1.0,0.000574,20.0,13.700000000000001
14515,26.0,-25.0,-200.78,0.1928,0.003788,0.0003094,0.0143,0.0,-1.0,0.000573,20.0,13.8
14620,26.0,-25.0,-200.75,0.1928,0.003789,0.0003094,0.01429,0.0,-1.0,0.000572,20.0,13.9
14725,26.0,-25.0,-200.721,0.1928,0.003791,0.0003095,0.01427,0.0,-1.0,0.000572,20.0,14.0
14830,26.0,-25.0,-200.693,0.1928,0.003792,0.0003096,0.01425,0.0,-1.0,0.000571,20.0,14.100000000000001
14935,26.0,-25.0,-200.667,0.1928,0.003793,0.0003096,0.01424,0.0,-1.0,0.00057,20.0,14.200000000000001
15040,26.0,-25.0,-200.642,0.1928,0.003794,0.0003097,0.01422,0.0,-1.0,0.00057,20.0,14.3
15145,26.0,-25.0,-200.617,0.1928,0.003795,0.0003097,0.0142,0.0,-1.0,0.000569,20.0,14.4
15250,26.0,-25.0,-200.594,0.1928,0.003796,0.0003097,0.01419,0.0,-1.0,0.000568,20.0,14.5
15355,26.0,-25.0,-200.572,0.1929,0.003797,0.0003098,0.01417,0.0,-1.0,0.000568,20.0,14.600000000000001
15460,26.0,-25.0,-200.551,0.1929,0.003798,0.0003098,0.01415,0.0,-1.0,0.000567,20.0,14.700000000000001
15565,26.0,-25.0,-200.532,0.1929,0.003799,0.0003099,0.01413,0.0,-1.0,0.000566,20.0,14.8
15670,26.0,-25.0,-200.513,0.1929,0.0038,0.0003099,0.01412,0.0,-1.0,0.000566,20.0,14.9
15775,26.0,-25.0,-200.495,0.1929,0.003801,0.0003099,0.0141,0.0,-1.0,0.000565,20.0,15.0
15880,26.0,-25.0,-200.478,0.1929,0.003801,0.00031,0.01408,0.0,-1.0,0.000564,20.0,15.100000000000001
15985,26.0,-25.0,-200.463,0.1929,0.003802,0.00031,0.01406,0.0,-1.0,0.000563,20.0,15.200000000000001
16090,26.0,-25.0,-200.448,0.1929,0.003803,0.00031,0.01405,0.0,-1.0,0.000563,20.0,15.3
16195,26.0,-25.0,-200.434,0.1929,0.003803,0.00031,0.01403,0.0,-1.0,0.000562,20.0,15.4
16300,26.0,-25.0,-200.421,0.1929,0.003804,0.0003101,0.01401,0.0,-1.0,0.000561,20.0,15.5
16405,26.0,-25.0,-200.409,0.1929,0.003805,0.0003101,0.01399,0.0,-1.0,0.000561,20.0,15.600000000000001
16510,26.0,-25.0,-200.398,0.1929,0.003805,0.0003101,0.01397,0.0,-1.0,0.00056,20.0,15.700000000000001
16615,26.0,-25.0,-200.389,0.1929,0.003805,0.0003101,0.01396,0.0,-1.0,0.000559,20.0,15.8
16720,26.0,-25.0,-200.379,0.1929,0.003806,0.0003101,0.01394,0.0,-1.0,0.000558,20.0,15.9
16825,26.0,-25.0,-200.371,0.1929,0.003806,0.0003102,0.01392,0.0,-1.0,0.000558,20.0,16.0
16930,26.0,-25.0,-200.364,0.1929,0.003807,0.0003102,0.0139,0.0,-1.0,0.000557,20.0,16.1
17035,26.0,-25.0,-200.358,0.1929,0.003807,0.0003102,0.01388,0.0,-1.0,0.000556,20.0,16.2
17140,26.0,-25.0,-200.352,0.1929,0.003807,0.0003102,0.01386,0.0,-1.0,0.000555,20.0,16.3
17245,26.0,-25.0,-200.348,0.1929,0.003807,0.0003102,0.01384,0.0,-1.0,0.000555,20.0,16.400000000000002
17350,26.0,-25.0,-200.344,0.1929,0.003807,0.0003102,0.01382,0.0,-1.0,0.000554,20.0,16.5
17455,26.0,-25.0,-200.341,0.1929,0.003808,0.0003102,0.0138,0.0,-1.0,0.000553,20.0,16.6
17560,26.0,-25.0,-200.339,0.1929,0.003808,0.0003102,0.01378,0.0,-1.0,0.000552,20.0,16.7
17665,26.0,-25.0,-200.337,0.1929,0.003808,0.0003102,0.01377,0.0,-1.0,0.000551,20.0,16.8
17770,26.0,-25.0,-200.337,0.1929,0.003808,0.0003102,0.01375,0.0,-1.0,0.000551,20.0,16.900000000000002
17875,26.0,-25.0,-200.337,0.1929,0.003808,0.0003102,0.01373,0.0,-1.0,0.00055,20.0,17.0
17980,26.0,-25.0,-200.338,0.1929,0.003808,0.0003102,0.01371,0.0,-1.0,0.000549,20.0,17.1
18085,26.0,-25.0,-200.34,0.1929,0.003808,0.0003102,0.01369,0.0,-1.0,0.000548,20.0,17.2
18190,26.0,-25.0,-200.343,0.1929,0.003808,0.0003102,0.01367,0.0,-1.0,0.000548,20.0,17.3
18295,26.0,-25.0,-200.347,0.1929,0.003807,0.0003102,0.01365,0.0,-1.0,0.000547,20.0,17.400000000000002
18400,26.0,-25.0,-200.351,0.1929,0.003807,0.0003102,0.01363,0.0,-1.0,0.000546,20.0,17.5
18505,26.0,-25.0,-200.356,0.1929,0.003807,0.0003102,0.01361,0.0,-1.0,0.000545,20.0,17.6
18610,26.0,-25.0,-200.362,0.1929,0.003807,0.0003102,0.01359,0.0,-1.0,0.000544,20.0,17.7
18715,26.0,-25.0,-200.368,0.1929,0.003806,0.0003102,0.01357,0.0,-1.0,0.000544,20.0,17.8
18820,26.0,-25.0,-200.376,0.1929,0.003806,0.0003102,0.01355,0.0,-1.0,0.000543,20.0,17.900000000000002
18925,26.0,-25.0,-200.384,0.1929,0.003806,0.0003101,0.01353,0.0,-1.0,0.000542,20.0,18.0
19030,26.0,-25.0,-200.392,0.1929,0.003805,0.0003101,0.01351,0.0,-1.0,0.000541,20.0,18.1
19135,26.0,-25.0,-200.402,0.1929,0.003805,0.0003101,0.01349,0.0,-1.0,0.00054,20.0,18.2
19240,26.0,-25.0,-200.412,0.1929,0.003804,0.0003101,0.01347,0.0,-1.0,0.00054,20.0,18.3
19345,26.0,-25.0,-200.422,0.1929,0.003804,0.0003101,0.01345,0.0,-1.0,0.000539,20.0,18.400000000000002
19450,26.0,-25.0,-200.434,0.1929,0.003803,0.00031,0.01343,0.0,-1.0,0.000538,20.0,18.5
19555,26.0,-25.0,-200.446,0.1929,0.003803,0.00031,0.01341,0.0,-1.0,0.000537,20.0,18.6
19660,26.0,-25.0,-200.459,0.1929,0.003802,0.00031,0.01339,0.0,-1.0,0.000536,20.0,18.7
19765,26.0,-25.0,-200.473,0.1929,0.003802,0.00031,0.01336,0.0,-1.0,0.000535,20.0,18.8
19870,26.0,-25.0,-200.487,0.1929,0.003801,0.0003099,0.01334,0.0,-1.0,0.000535,20.0,18.900000000000002
19975,26.0,-25.0,-200.503,0.1929,0.0038,0.0003099,0.01332,0.0,-1.0,0.000534,20.0,19.0
20080,26.0,-25.0,-200.519,0.1929,0.0038,0.0003099,0.0133,0.0,-1.0,0.000533,20.0,19.1
20185,26.0,-25.0,-200.535,0.1929,0.003799,0.0003099,0.01328,0.0,-1.0,0.000532,20.0,19.200000000000003
20290,26.0,-25.0,-200.552,0.1929,0.003798,0.0003098,0.01326,0.0,-1.0,0.000531,20.0,19.3
20395,26.0,-25.0,-200.57,0.1929,0.003797,0.0003098,0.01324,0.0,-1.0,0.00053,20.0,19.400000000000002
20500,26.0,-25.0,-200.588,0.1928,0.003797,0.0003098,0.01322,0.0,-1.0,0.00053,20.0,19.5
20605,26.0,-25.0,-200.606,0.1928,0.003796,0.0003097,0.0132,0.0,-1.0,0.000529,20.0,19.6
20710,26.0,-25.0,-200.626,0.1928,0.003795,0.0003097,0.01318,0.0,-1.0,0.000528,20.0,19.700000000000003
20815,26.0,-25.0,-200.645,0.1928,0.003794,0.0003096,0.01316,0.0,-1.0,0.000527,20.0,19.8
20920,26.0,-25.0,-200.666,0.1928,0.003793,0.0003096,0.01314,0.0,-1.0,0.000526,20.0,19.900000000000002
21025,26.0,-25.0,-200.686,0.1928,0.003792,0.0003096,0.01312,0.0,-1.0,0.000526,20.0,20.0
21130,26.0,-25.0,-200.708,0.1928,0.003791,0.0003095,0.0131,0.0,-1.0,0.000525,20.0,20.1
21235,26.0,-25.0,-200.73,0.1928,0.00379,0.0003095,0.01308,0.0,-1.0,0.000524,20.0,20.200000000000003
21340,26.0,-25.0,-200.752,0.1928,0.003789,0.0003094,0.01306,0.0,-1.0,0.000523,20.0,20.3
21445,26.0,-25.0,-200.775,0.1928,0.003788,0.0003094,0.01304,0.0,-1.0,0.000522,20.0,20.400000000000002
21550,26.0,-25.0,-200.798,0.1928,0.003787,0.0003094,0.01302,0.0,-1.0,0.000522,20.0,20.5
21655,26.0,-25.0,-200.822,0.1928,0.003786,0.0003093,0.013,0.0,-1.0,0.000521,20.0,20.6
21760,26.0,-25.0,-200.847,0.1928,0.003785,0.0003093,0.01298,0.0,-1.0,0.00052,20.0,20.700000000000003
21865,26.0,-25.0,-200.872,0.1928,0.003784,0.0003092,0.01296,0.0,-1.0,0.000519,20.0,20.8
21970,26.0,-25.0,-200.897,0.1928,0.003783,0.0003092,0.01294,0.0,-1.0,0.000518,20.0,20.900000000000002
22075,26.0,-25.0,-200.923,0.1928,0.003782,0.0003091,0.01292,0.0,-1.0,0.000518,20.0,21.0
22180,26.0,-25.0,-200.95,0.1927,0.00378,0.0003091,0.0129,0.0,-1.0,0.000517,20.0,21.1
22285,26.0,-25.0,-200.977,0.1927,0.003779,0.000309,0.01288,0.0,-1.0,0.000516,20.0,21.200000000000003
22390,26.0,-25.0,-201.004,0.1927,0.003778,0.000309,0.01286,0.0,-1.0,0.000515,20.0,21.3
22495,26.0,-25.0,-201.032,0.1927,0.003777,0.0003089,0.01284,0.0,-1.0,0.000514,20.0,21.400000000000002
22600,26.0,-25.0,-201.06,0.1927,0.003775,0.0003089,0.01282,0.0,-1.0,0.000513,20.0,21.5
22705,26.0,-25.0,-201.089,0.1927,0.003774,0.0003088,0.0128,0.0,-1.0,0.000513,20.0,21.6
22810,26.0,-25.0,-201.118,0.1927,0.003773,0.0003088,0.01278,0.0,-1.0,0.000512,20.0,21.700000000000003
22915,26.0,-25.0,-201.148,0.1927,0.003771,0.0003087,0.01276,0.0,-1.0,0.000511,20.0,21.8
23020,26.0,-25.0,-201.178,0.1927,0.00377,0.0003086,0.01274,0.0,-1.0,0.00051,20.0,21.900000000000002
23125,26.0,-25.0,-201.209,0.1927,0.003769,0.0003086,0.01272,0.0,-1.0,0.00051,20.0,22.0
23230,26.0,-25.0,-201.24,0.1927,0.003767,0.0003085,0.0127,0.0,-1.0,0.000509,20.0,22.1
23335,26.0,-25.0,-201.272,0.1927,0.003766,0.0003085,0.01268,0.0,-1.0,0.000508,20.0,22.200000000000003
23440,26.0,-25.0,-201.303,0.1927,0.003765,0.0003084,0.01266,0.0,-1.0,0.000507,20.0,22.3
23545,26.0,-25.0,-201.336,0.1926,0.003763,0.0003083,0.01264,0.0,-1.0,0.000506,20.0,22.400000000000002
23650,26.0,-25.0,-201.369,0.1926,0.003762,0.0003083,0.01262,0.0,-1.0,0.000506,20.0,22.5
23755,26.0,-25.0,-201.402,0.1926,0.00376,0.0003082,0.0126,0.0,-1.0,0.000505,20.0,22.6
23860,26.0,-25.0,-201.435,0.1926,0.003759,0.0003082,0.01258,0.0,-1.0,0.000504,20.0,22.700000000000003
23965,26.0,-25.0,-201.469,0.1926,0.003757,0.0003081,0.01256,0.0,-1.0,0.000503,20.0,22.8
24070,26.0,-25.0,-201.504,0.1926,0.003756,0.000308,0.01254,0.0,-1.0,0.000502,20.0,22.900000000000002
24175,26.0,-25.0,-201.538,0.1926,0.003754,0.000308,0.01252,0.0,-1.0,0.000502,20.0,23.0
24280,26.0,-25.0,-201.574,0.1926,0.003752,0.0003079,0.0125,0.0,-1.0,0.000501,20.0,23.1
24385,26.0,-25.0,-201.609,0.1926,0.003751,0.0003078,0.01248,0.0,-1.0,0.0005,20.0,23.200000000000003
24490,26.0,-25.0,-201.645,0.1926,0.003749,0.0003078,0.01246,0.0,-1.0,0.000499,20.0,23.3
24595,26.0,-25.0,-201.681,0.1925,0.003748,0.0003077,0.01244,0.0,-1.0,0.000499,20.0,23.400000000000002
24700,26.0,-25.0,-201.718,0.1925,0.003746,0.0003076,0.01242,0.0,-1.0,0.000498,20.0,23.5
24805,26.0,-25.0,-201.755,0.1925,0.003744,0.0003076,0.0124,0.0,-1.0,0.000497,20.0,23.6
24910,26.0,-25.0,-201.793,0.1925,0.003743,0.0003075,0.01239,0.0,-1.0,0.000496,20.0,23.700000000000003
25015,26.0,-25.0,-201.831,0.1925,0.003741,0.0003074,0.01237,0.0,-1.0,0.000495,20.0,23.8
25120,26.0,-25.0,-201.869,0.1925,0.003739,0.0003073,0.01235,0.0,-1.0,0.000495,20.0,23.900000000000002
25225,26.0,-25.0,-201.907,0.1925,0.003738,0.0003073,0.01233,0.0,-1.0,0.000494,20.0,24.0
25330,26.0,-25.0,-201.946,0.1925,0.003736,0.0003072,0.01231,0.0,-1.0,0.000493,20.0,24.1
25435,26.0,-25.0,-201.985,0.1925,0.003734,0.0003071,0.01229,0.0,-1.0,0.000492,20.0,24.200000000000003
25540,26.0,-25.0,-202.025,0.1925,0.003732,0.000307,0.01227,0.0,-1.0,0.000492,20.0,24.3
25645,26.0,-25.0,-202.065,0.1924,0.00373,0.000307,0.01225,0.0,-1.0,0.000491,20.0,24.400000000000002
25750,26.0,-25.0,-202.105,0.1924,0.003729,0.0003069,0.01223,0.0,-1.0,0.00049,20.0,24.5
25855,26.0,-25.0,-202.146,0.1924,0.003727,0.0003068,0.01221,0.0,-1.0,0.000489,20.0,24.6
25960,26.0,-25.0,-202.187,0.1924,0.003725,0.0003067,0.01219,0.0,-1.0,0.000489,20.0,24.700000000000003
26065,26.0,-25.0,-202.228,0.1924,0.003723,0.0003067,0.01218,0.0,-1.0,0.000488,20.0,24.8
26170,26.0,-25.0,-202.27,0.1924,0.003721,0.0003066,0.01216,0.0,-1.0,0.000487,20.0,24.900000000000002
26275,26.0,-25.0,-202.311,0.1924,0.003719,0.0003065,0.01214,0.0,-1.0,0.000486,20.0,25.0
45,46.0,-45.0,-137.887,0.2182,0.0134,0.0005345,0.02497,0.0,-1.0,0.001,20.0,0.0
150,46.0,-45.0,-137.783,0.2182,0.01343,0.0005351,0.02469,0.0,-1.0,0.000989,20.0,0.1
255,46.0,-45.0,-137.682,0.2183,0.01346,0.0005357,0.02452,0.0,-1.0,0.000983,20.0,0.2
360,46.0,-45.0,-137.584,0.2183,0.0135,0.0005362,0.02443,0.0,-1.0,0.000979,20.0,0.30000000000000004
465,46.0,-45.0,-137.488,0.2184,0.01353,0.0005367,0.02438,0.0,-1.0,0.000977,20.0,0.4
570,46.0,-45.0,-137.393,0.2184,0.01356,0.0005373,0.02434,0.0,-1.0,0.000975,20.0,0.5
675,46.0,-45.0,-137.299,0.2185,0.01359,0.0005378,0.02431,0.0,-1.0,0.000974,20.0,0.6000000000000001
780,46.0,-45.0,-137.206,0.2185,0.01361,0.0005383,0.02429,0.0,-1.0,0.000973,20.0,0.7000000000000001
885,46.0,-45.0,-137.114,0.2186,0.01364,0.0005388,0.02426,0.0,-1.0,0.000972,20.0,0.8
990,46.0,-45.0,-137.024,0.2186,0.01367,0.0005393,0.02424,0.0,-1.0,0.000971,20.0,0.9
1095,46.0,-45.0,-136.934,0.2187,0.0137,0.0005398,0.02421,0.0,-1.0,0.00097,20.0,1.0
1200,46.0,-45.0,-136.846,0.2187,0.01373,0.0005403,0.02419,0.0,-1.0,0.000969,20.0,1.1
1305,46.0,-45.0,-136.76,0.2188,0.01376,0.0005408,0.02416,0.0,-1.0,0.000968,20.0,1.2000000000000002
1410,46.0,-45.0,-136.675,0.2188,0.01378,0.0005412,0.02414,0.0,-1.0,0.000967,20.0,1.3
1515,46.0,-45.0,-136.593,0.2189,0.01381,0.0005417,0.02411,0.0,-1.0,0.000966,20.0,1.4000000000000001
1620,46.0,-45.0,-136.513,0.2189,0.01383,0.0005421,0.02408,0.0,-1.0,0.000965,20.0,1.5
1725,46.0,-45.0,-136.435,0.2189,0.01386,0.0005426,0.02404,0.0,-1.0,0.000963,20.0,1.6
1830,46.0,-45.0,-136.358,0.219,0.01388,0.000543,0.02401,0.0,-1.0,0.000962,20.0,1.7000000000000002
1935,46.0,-45.0,-136.284,0.219,0.01391,0.0005434,0.02396,0.0,-1.0,0.00096,20.0,1.8
2040,46.0,-45.0,-136.211,0.2191,0.01393,0.0005438,0.02392,0.0,-1.0,0.000958,20.0,1.9000000000000001
2145,46.0,-45.0,-136.14,0.2191,0.01395,0.0005442,0.02387,0.0,-1.0,0.000956,20.0,2.0
2250,46.0,-45.0,-136.072,0.2191,0.01397,0.0005446,0.02381,0.0,-1.0,0.000954,20.0,2.1
2355,46.0,-45.0,-136.006,0.2192,0.01399,0.000545,0.02375,0.0,-1.0,0.000952,20.0,2.2
2460,46.0,-45.0,-135.942,0.2192,0.01401,0.0005453,0.02369,0.0,-1.0,0.000949,20.0,2.3000000000000003
2565,46.0,-45.0,-135.88,0.2192,0.01403,0.0005457,0.02362,0.0,-1.0,0.000946,20.0,2.4000000000000004
2670,46.0,-45.0,-135.82,0.2193,0.01405,0.000546,0.02355,0.0,-1.0,0.000943,20.0,2.5
2775,46.0,-45.0,-135.763,0.2193,0.01407,0.0005463,0.02347,0.0,-1.0,0.00094,20.0,2.6
2880,46.0,-45.0,-135.709,0.2193,0.01409,0.0005466,0.02339,0.0,-1.0,0.000937,20.0,2.7
2985,46.0,-45.0,-135.657,0.2194,0.0141,0.0005469,0.02331,0.0,-1.0,0.000934,20.0,2.8000000000000003
3090,46.0,-45.0,-135.607,0.2194,0.01412,0.0005472,0.02322,0.0,-1.0,0.00093,20.0,2.9000000000000004
3195,46.0,-45.0,-135.56,0.2194,0.01413,0.0005474,0.02313,0.0,-1.0,0.000927,20.0,3.0
3300,46.0,-45.0,-135.516,0.2194,0.01415,0.0005477,0.02303,0.0,-1.0,0.000923,20.0,3.1
3405,46.0,-45.0,-135.474,0.2195,0.01416,0.0005479,0.02293,0.0,-1.0,0.000919,20.0,3.2
3510,46.0,-45.0,-135.435,0.2195,0.01417,0.0005481,0.02283,0.0,-1.0,0.000915,20.0,3.3000000000000003
3615,46.0,-45.0,-135.398,0.2195,0.01418,0.0005483,0.02272,0.0,-1.0,0.00091,20.0,3.4000000000000004
3720,46.0,-45.0,-135.364,0.2195,0.0142,0.0005485,0.02262,0.0,-1.0,0.000906,20.0,3.5
3825,46.0,-45.0,-135.333,0.2195,0.01421,0.0005487,0.0225,0.0,-1.0,0.000902,20.0,3.6
3930,46.0,-45.0,-135.304,0.2196,0.01421,0.0005488,0.02239,0.0,-1.0,0.000897,20.0,3.7
4035,46.0,-45.0,-135.278,0.2196,0.01422,0.000549,0.02227,0.0,-1.0,0.000892,20.0,3.8000000000000003
4140,46.0,-45.0,-135.254,0.2196,0.01423,0.0005491,0.02216,0.0,-1.0,0.000888,20.0,3.9000000000000004
4245,46.0,-45.0,-135.233,0.2196,0.01424,0.0005492,0.02204,0.0,-1.0,0.000883,20.0,4.0
4350,46.0,-45.0,-135.214,0.2196,0.01424,0.0005493,0.02191,0.0,-1.0,0.000878,20.0,4.1000000000000005
4455,46.0,-45.0,-135.198,0.2196,0.01425,0.0005494,0.02179,0.0,-1.0,0.000873,20.0,4.2
4560,46.0,-45.0,-135.184,0.2196,0.01425,0.0005495,0.02166,0.0,-1.0,0.000868,20.0,4.3
4665,46.0,-45.0,-135.173,0.2196,0.01426,0.0005496,0.02154,0.0,-1.0,0.000863,20.0,4.4
4770,46.0,-45.0,-135.164,0.2196,0.01426,0.0005496,0.02141,0.0,-1.0,0.000858,20.0,4.5
4875,46.0,-45.0,-135.157,0.2196,0.01426,0.0005497,0.02128,0.0,-1.0,0.000853,20.0,4.6000000000000005
4980,46.0,-45.0,-135.152,0.2196,0.01426,0.0005497,0.02115,0.0,-1.0,0.000847,20.0,4.7
5085,46.0,-45.0,-135.15,0.2196,0.01426,0.0005497,0.02102,0.0,-1.0,0.000842,20.0,4.800000000000001
5190,46.0,-45.0,-135.15,0.2196,0.01426,0.0005497,0.02089,0.0,-1.0,0.000837,20.0,4.9
5295,46.0,-45.0,-135.153,0.2196,0.01426,0.0005497,0.02076,0.0,-1.0,0.000832,20.0,5.0
5400,46.0,-45.0,-135.158,0.2196,0.01426,0.0005497,0.02063,0.0,-1.0,0.000827,20.0,5.1000000000000005
5505,46.0,-45.0,-135.164,0.2196,0.01426,0.0005496,0.0205,0.0,-1.0,0.000821,20.0,5.2
5610,46.0,-45.0,-135.173,0.2196,0.01426,0.0005496,0.02037,0.0,-1.0,0.000816,20.0,5.300000000000001
5715,46.0,-45.0,-135.184,0.2196,0.01425,0.0005495,0.02024,0.0,-1.0,0.000811,20.0,5.4
5820,46.0,-45.0,-135.197,0.2196,0.01425,0.0005494,0.02011,0.0,-1.0,0.000806,20.0,5.5
5925,46.0,-45.0,-135.211,0.2196,0.01424,0.0005494,0.01998,0.0,-1.0,0.0008,20.0,5.6000000000000005
6030,46.0,-45.0,-135.228,0.2196,0.01424,0.0005493,0.01985,0.0,-1.0,0.000795,20.0,5.7
6135,46.0,-45.0,-135.246,0.2196,0.01423,0.0005492,0.01972,0.0,-1.0,0.00079,20.0,5.800000000000001
6240,46.0,-45.0,-135.265,0.2196,0.01423,0.0005491,0.01959,0.0,-1.0,0.000785,20.0,5.9
6345,46.0,-45.0,-135.287,0.2196,0.01422,0.0005489,0.01946,0.0,-1.0,0.000779,20.0,6.0
6450,46.0,-45.0,-135.31,0.2196,0.01421,0.0005488,0.01932,0.0,-1.0,0.000774,20.0,6.1000000000000005
6555,46.0,-45.0,-135.335,0.2195,0.0142,0.0005487,0.01919,0.0,-1.0,0.000769,20.0,6.2
6660,46.0,-45.0,-135.361,0.2195,0.0142,0.0005485,0.01906,0.0,-1.0,0.000764,20.0,6.300000000000001
6765,46.0,-45.0,-135.389,0.2195,0.01419,0.0005484,0.01893,0.0,-1.0,0.000758,20.0,6.4
6870,46.0,-45.0,-135.419,0.2195,0.01418,0.0005482,0.0188,0.0,-1.0,0.000753,20.0,6.5
6975,46.0,-45.0,-135.45,0.2195,0.01417,0.000548,0.01866,0.0,-1.0,0.000748,20.0,6.6000000000000005
7080,46.0,-45.0,-135.482,0.2195,0.01416,0.0005479,0.01853,0.0,-1.0,0.000743,20.0,6.7
7185,46.0,-45.0,-135.516,0.2194,0.01415,0.0005477,0.0184,0.0,-1.0,0.000737,20.0,6.800000000000001
7290,46.0,-45.0,-135.551,0.2194,0.01414,0.0005475,0.01828,0.0,-1.0,0.000732,20.0,6.9
7395,46.0,-45.0,-135.588,0.2194,0.01412,0.0005473,0.01815,0.0,-1.0,0.000727,20.0,7.0
7500,46.0,-45.0,-135.625,0.2194,0.01411,0.0005471,0.01802,0.0,-1.0,0.000722,20.0,7.1000000000000005
7605,46.0,-45.0,-135.664,0.2194,0.0141,0.0005468,0.0179,0.0,-1.0,0.000717,20.0,7.2
7710,46.0,-45.0,-135.704,0.2193,0.01409,0.0005466,0.01777,0.0,-1.0,0.000712,20.0,7.300000000000001
7815,46.0,-45.0,-135.745,0.2193,0.01408,0.0005464,0.01765,0.0,-1.0,0.000707,20.0,7.4
7920,46.0,-45.0,-135.787,0.2193,0.01406,0.0005462,0.01752,0.0,-1.0,0.000702,20.0,7.5
8025,46.0,-45.0,-135.83,0.2193,0.01405,0.0005459,0.0174,0.0,-1.0,0.000697,20.0,7.6000000000000005
8130,46.0,-45.0,-135.874,0.2192,0.01403,0.0005457,0.01728,0.0,-1.0,0.000692,20.0,7.7
8235,46.0,-45.0,-135.919,0.2192,0.01402,0.0005454,0.01716,0.0,-1.0,0.000688,20.0,7.800000000000001
8340,46.0,-45.0,-135.965,0.2192,0.01401,0.0005452,0.01704,0.0,-1.0,0.000683,20.0,7.9
8445,46.0,-45.0,-136.012,0.2192,0.01399,0.0005449,0.01692,0.0,-1.0,0.000678,20.0,8.0
8550,46.0,-45.0,-136.06,0.2192,0.01398,0.0005447,0.01681,0.0,-1.0,0.000673,20.0,8.1
8655,46.0,-45.0,-136.108,0.2191,0.01396,0.0005444,0.01669,0.0,-1.0,0.000669,20.0,8.200000000000001
8760,46.0,-45.0,-136.158,0.2191,0.01394,0.0005441,0.01657,0.0,-1.0,0.000664,20.0,8.3
8865,46.0,-45.0,-136.209,0.2191,0.01393,0.0005438,0.01646,0.0,-1.0,0.000659,20.0,8.4
8970,46.0,-45.0,-136.261,0.219,0.01391,0.0005435,0.01634,0.0,-1.0,0.000655,20.0,8.5
9075,46.0,-45.0,-136.314,0.219,0.0139,0.0005432,0.01623,0.0,-1.0,0.00065,20.0,8.6
9180,46.0,-45.0,-136.367,0.219,0.01388,0.000543,0.01611,0.0,-1.0,0.000646,20.0,8.700000000000001
9285,46.0,-45.0,-136.422,0.219,0.01386,0.0005427,0.016,0.0,-1.0,0.000641,20.0,8.8
9390,46.0,-45.0,-136.477,0.2189,0.01384,0.0005423,0.01589,0.0,-1.0,0.000637,20.0,8.9
9495,46.0,-45.0,-136.532,0.2189,0.01383,0.000542,0.01578,0.0,-1.0,0.000632,20.0,9.0
9600,46.0,-45.0,-136.589,0.2189,0.01381,0.0005417,0.01567,0.0,-1.0,0.000628,20.0,9.1
9705,46.0,-45.0,-136.646,0.2188,0.01379,0.0005414,0.01556,0.0,-1.0,0.000624,20.0,9.200000000000001
9810,46.0,-45.0,-136.703,0.2188,0.01377,0.0005411,0.01546,0.0,-1.0,0.000619,20.0,9.3
9915,46.0,-45.0,-136.762,0.2188,0.01375,0.0005408,0.01535,0.0,-1.0,0.000615,20.0,9.4
10020,46.0,-45.0,-136.82,0.2187,0.01374,0.0005404,0.01525,0.0,-1.0,0.000611,20.0,9.5
10125,46.0,-45.0,-136.88,0.2187,0.01372,0.0005401,0.01515,0.0,-1.0,0.000607,20.0,9.600000000000001
10230,46.0,-45.0,-136.94,0.2187,0.0137,0.0005398,0.01504,0.0,-1.0,0.000603,20.0,9.700000000000001
10335,46.0,-45.0,-137.001,0.2186,0.01368,0.0005394,0.01494,0.0,-1.0,0.000599,20.0,9.8
10440,46.0,-45.0,-137.062,0.2186,0.01366,0.0005391,0.01484,0.0,-1.0,0.000595,20.0,9.9
10545,46.0,-45.0,-137.124,0.2186,0.01364,0.0005388,0.01474,0.0,-1.0,0.000591,20.0,10.0
10650,46.0,-45.0,-137.186,0.2185,0.01362,0.0005384,0.01464,0.0,-1.0,0.000587,20.0,10.100000000000001
10755,46.0,-45.0,-137.249,0.2185,0.0136,0.0005381,0.01454,0.0,-1.0,0.000583,20.0,10.200000000000001
10860,46.0,-45.0,-137.313,0.2185,0.01358,0.0005377,0.01444,0.0,-1.0,0.000579,20.0,10.3
10965,46.0,-45.0,-137.377,0.2184,0.01356,0.0005374,0.01435,0.0,-1.0,0.000575,20.0,10.4
11070,46.0,-45.0,-137.442,0.2184,0.01354,0.000537,0.01425,0.0,-1.0,0.000571,20.0,10.5
11175,46.0,-45.0,-137.507,0.2184,0.01352,0.0005366,0.01416,0.0,-1.0,0.000567,20.0,10.600000000000001
11280,46.0,-45.0,-137.572,0.2183,0.0135,0.0005363,0.01407,0.0,-1.0,0.000564,20.0,10.700000000000001
11385,46.0,-45.0,-137.638,0.2183,0.01348,0.0005359,0.01397,0.0,-1.0,0.00056,20.0,10.8
11490,46.0,-45.0,-137.704,0.2183,0.01346,0.0005355,0.01388,0.0,-1.0,0.000556,20.0,10.9
11595,46.0,-45.0,-137.77,0.2182,0.01344,0.0005352,0.01379,0.0,-1.0,0.000553,20.0,11.0
11700,46.0,-45.0,-137.837,0.2182,0.01342,0.0005348,0.0137,0.0,-1.0,0.000549,20.0,11.100000000000001
11805,46.0,-45.0,-137.904,0.2182,0.01339,0.0005344,0.01362,0.0,-1.0,0.000545,20.0,11.200000000000001
11910,46.0,-45.0,-137.972,0.2181,0.01337,0.0005341,0.01353,0.0,-1.0,0.000542,20.0,11.3
12015,46.0,-45.0,-138.04,0.2181,0.01335,0.0005337,0.01344,0.0,-1.0,0.000538,20.0,11.4
12120,46.0,-45.0,-138.108,0.2181,0.01333,0.0005333,0.01335,0.0,-1.0,0.000535,20.0,11.5
12225,46.0,-45.0,-138.177,0.218,0.01331,0.0005329,0.01327,0.0,-1.0,0.000532,20.0,11.600000000000001
12330,46.0,-45.0,-138.246,0.218,0.01329,0.0005325,0.01318,0.0,-1.0,0.000528,20.0,11.700000000000001
12435,46.0,-45.0,-138.316,0.2179,0.01326,0.0005322,0.0131,0.0,-1.0,0.000525,20.0,11.8
12540,46.0,-45.0,-138.386,0.2179,0.01324,0.0005318,0.01302,0.0,-1.0,0.000521,20.0,11.9
12645,46.0,-45.0,-138.456,0.2179,0.01322,0.0005314,0.01293,0.0,-1.0,0.000518,20.0,12.0
12750,46.0,-45.0,-138.526,0.2178,0.0132,0.000531,0.01285,0.0,-1.0,0.000515,20.0,12.100000000000001
12855,46.0,-45.0,-138.597,0.2178,0.01318,0.0005306,0.01278,0.0,-1.0,0.000512,20.0,12.200000000000001
12960,46.0,-45.0,-138.668,0.2178,0.01315,0.0005302,0.0127,0.0,-1.0,0.000509,20.0,12.3
13065,46.0,-45.0,-138.74,0.2177,0.01313,0.0005298,0.01262,0.0,-1.0,0.000506,20.0,12.4
13170,46.0,-45.0,-138.812,0.2177,0.01311,0.0005294,0.01255,0.0,-1.0,0.000503,20.0,12.5
13275,46.0,-45.0,-138.884,0.2176,0.01309,0.000529,0.01247,0.0,-1.0,0.0005,20.0,12.600000000000001
13380,46.0,-45.0,-138.956,0.2176,0.01306,0.0005286,0.0124,0.0,-1.0,0.000497,20.0,12.700000000000001
13485,46.0,-45.0,-139.029,0.2176,0.01304,0.0005282,0.01232,0.0,-1.0,0.000494,20.0,12.8
13590,46.0,-45.0,-139.102,0.2175,0.01302,0.0005278,0.01225,0.0,-1.0,0.000491,20.0,12.9
13695,46.0,-45.0,-139.175,0.2175,0.01299,0.0005274,0.01217,0.0,-1.0,0.000488,20.0,13.0
13800,46.0,-45.0,-139.249,0.2174,0.01297,0.000527,0.0121,0.0,-1.0,0.000485,20.0,13.100000000000001
13905,46.0,-45.0,-139.322,0.2174,0.01295,0.0005266,0.01203,0.0,-1.0,0.000482,20.0,13.200000000000001
14010,46.0,-45.0,-139.396,0.2174,0.01292,0.0005262,0.01196,0.0,-1.0,0.000479,20.0,13.3
14115,46.0,-45.0,-139.47,0.2173,0.0129,0.0005258,0.01189,0.0,-1.0,0.000476,20.0,13.4
14220,46.0,-45.0,-139.544,0.2173,0.01288,0.0005253,0.01182,0.0,-1.0,0.000474,20.0,13.5
14325,46.0,-45.0,-139.619,0.2172,0.01285,0.0005249,0.01175,0.0,-1.0,0.000471,20.0,13.600000000000001
14430,46.0,-45.0,-139.693,0.2172,0.01283,0.0005245,0.01168,0.0,-1.0,0.000468,20.0,13.700000000000001
14535,46.0,-45.0,-139.768,0.2172,0.01281,0.0005241,0.01162,0.0,-1.0,0.000465,20.0,13.8
14640,46.0,-45.0,-139.843,0.2171,0.01278,0.0005237,0.01155,0.0,-1.0,0.000463,20.0,13.9
14745,46.0,-45.0,-139.918,0.2171,0.01276,0.0005233,0.01148,0.0,-1.0,0.00046,20.0,14.0
14850,46.0,-45.0,-139.993,0.217,0.01274,0.0005229,0.01142,0.0,-1.0,0.000457,20.0,14.100000000000001
14955,46.0,-45.0,-140.069,0.217,0.01271,0.0005224,0.01135,0.0,-1.0,0.000455,20.0,14.200000000000001
15060,46.0,-45.0,-140.144,0.217,0.01269,0.000522,0.01129,0.0,-1.0,0.000452,20.0,14.3
15165,46.0,-45.0,-140.22,0.2169,0.01266,0.0005216,0.01122,0.0,-1.0,0.00045,20.0,14.4
15270,46.0,-45.0,-140.296,0.2169,0.01264,0.0005212,0.01116,0.0,-1.0,0.000447,20.0,14.5
15375,46.0,-45.0,-140.371,0.2168,0.01262,0.0005208,0.0111,0.0,-1.0,0.000445,20.0,14.600000000000001
15480,46.0,-45.0,-140.447,0.2168,0.01259,0.0005203,0.01104,0.0,-1.0,0.000442,20.0,14.700000000000001
15585,46.0,-45.0,-140.523,0.2168,0.01257,0.0005199,0.01098,0.0,-1.0,0.00044,20.0,14.8
15690,46.0,-45.0,-140.6,0.2167,0.01255,0.0005195,0.01092,0.0,-1.0,0.000437,20.0,14.9
15795,46.0,-45.0,-140.676,0.2167,0.01252,0.0005191,0.01086,0.0,-1.0,0.000435,20.0,15.0
15900,46.0,-45.0,-140.753,0.2166,0.0125,0.0005187,0.0108,0.0,-1.0,0.000433,20.0,15.100000000000001
16005,46.0,-45.0,-140.829,0.2166,0.01247,0.0005182,0.01074,0.0,-1.0,0.00043,20.0,15.200000000000001
16110,46.0,-45.0,-140.906,0.2166,0.01245,0.0005178,0.01068,0.0,-1.0,0.000428,20.0,15.3
16215,46.0,-45.0,-140.983,0.2165,0.01242,0.0005174,0.01062,0.0,-1.0,0.000425,20.0,15.4
16320,46.0,-45.0,-141.059,0.2165,0.0124,0.000517,0.01056,0.0,-1.0,0.000423,20.0,15.5
16425,46.0,-45.0,-141.136,0.2164,0.01238,0.0005165,0.01051,0.0,-1.0,0.000421,20.0,15.600000000000001
16530,46.0,-45.0,-141.213,0.2164,0.01235,0.0005161,0.01045,0.0,-1.0,0.000419,20.0,15.700000000000001
16635,46.0,-45.0,-141.29,0.2163,0.01233,0.0005157,0.01039,0.0,-1.0,0.000416,20.0,15.8
16740,46.0,-45.0,-141.368,0.2163,0.0123,0.0005152,0.01034,0.0,-1.0,0.000414,20.0,15.9
16845,46.0,-45.0,-141.445,0.2163,0.01228,0.0005148,0.01028,0.0,-1.0,0.000412,20.0,16.0
16950,46.0,-45.0,-141.522,0.2162,0.01225,0.0005144,0.01023,0.0,-1.0,0.00041,20.0,16.1
17055,46.0,-45.0,-141.6,0.2162,0.01223,0.000514,0.01018,0.0,-1.0,0.000408,20.0,16.2
17160,46.0,-45.0,-141.677,0.2161,0.01221,0.0005135,0.01012,0.0,-1.0,0.000406,20.0,16.3
17265,46.0,-45.0,-141.755,0.2161,0.01218,0.0005131,0.01007,0.0,-1.0,0.000403,20.0,16.400000000000002
17370,46.0,-45.0,-141.832,0.2161,0.01216,0.0005127,0.01002,0.0,-1.0,0.000401,20.0,16.5
17475,46.0,-45.0,-141.911,0.216,0.01213,0.0005122,0.009972,0.0,-1.0,0.0004,20.0,16.6
17580,46.0,-45.0,-141.989,0.216,0.01211,0.0005118,0.009925,0.0,-1.0,0.000398,20.0,16.7
17685,46.0,-45.0,-142.068,0.2159,0.01208,0.0005114,0.009877,0.0,-1.0,0.000396,20.0,16.8
17790,46.0,-45.0,-142.146,0.2159,0.01206,0.0005109,0.00983,0.0,-1.0,0.000394,20.0,16.900000000000002
17895,46.0,-45.0,-142.225,0.2158,0.01203,0.0005105,0.009783,0.0,-1.0,0.000392,20.0,17.0
18000,46.0,-45.0,-142.304,0.2158,0.01201,0.0005101,0.009736,0.0,-1.0,0.00039,20.0,17.1
18105,46.0,-45.0,-142.383,0.2158,0.01198,0.0005096,0.009689,0.0,-1.0,0.000388,20.0,17.2
18210,46.0,-45.0,-142.462,0.2157,0.01196,0.0005092,0.009643,0.0,-1.0,0.000386,20.0,17.3
18315,46.0,-45.0,-142.541,0.2157,0.01193,0.0005087,0.009597,0.0,-1.0,0.000384,20.0,17.400000000000002
18420,46.0,-45.0,-142.62,0.2156,0.01191,0.0005083,0.009551,0.0,-1.0,0.000383,20.0,17.5
18525,46.0,-45.0,-142.7,0.2156,0.01188,0.0005079,0.009505,0.0,-1.0,0.000381,20.0,17.6
18630,46.0,-45.0,-142.779,0.2155,0.01186,0.0005074,0.00946,0.0,-1.0,0.000379,20.0,17.7
18735,46.0,-45.0,-142.858,0.2155,0.01183,0.000507,0.009415,0.0,-1.0,0.000377,20.0,17.8
18840,46.0,-45.0,-142.937,0.2155,0.01181,0.0005065,0.00937,0.0,-1.0,0.000375,20.0,17.900000000000002
18945,46.0,-45.0,-143.017,0.2154,0.01178,0.0005061,0.009325,0.0,-1.0,0.000374,20.0,18.0
19050,46.0,-45.0,-143.096,0.2154,0.01176,0.0005057,0.009281,0.0,-1.0,0.000372,20.0,18.1
19155,46.0,-45.0,-143.175,0.2153,0.01173,0.0005052,0.009237,0.0,-1.0,0.00037,20.0,18.2
19260,46.0,-45.0,-143.254,0.2153,0.01171,0.0005048,0.009194,0.0,-1.0,0.000368,20.0,18.3
19365,46.0,-45.0,-143.334,0.2152,0.01168,0.0005044,0.009151,0.0,-1.0,0.000367,20.0,18.400000000000002
19470,46.0,-45.0,-143.413,0.2152,0.01166,0.0005039,0.009108,0.0,-1.0,0.000365,20.0,18.5
19575,46.0,-45.0,-143.492,0.2152,0.01163,0.0005035,0.009065,0.0,-1.0,0.000363,20.0,18.6
19680,46.0,-45.0,-143.572,0.2151,0.01161,0.000503,0.009023,0.0,-1.0,0.000362,20.0,18.7
19785,46.0,-45.0,-143.651,0.2151,0.01158,0.0005026,0.008981,0.0,-1.0,0.00036,20.0,18.8
19890,46.0,-45.0,-143.73,0.215,0.01156,0.0005022,0.00894,0.0,-1.0,0.000358,20.0,18.900000000000002
19995,46.0,-45.0,-143.81,0.215,0.01153,0.0005017,0.008899,0.0,-1.0,0.000357,20.0,19.0
20100,46.0,-45.0,-143.889,0.215,0.01151,0.0005013,0.008858,0.0,-1.0,0.000355,20.0,19.1
20205,46.0,-45.0,-143.968,0.2149,0.01148,0.0005008,0.008817,0.0,-1.0,0.000353,20.0,19.200000000000003
20310,46.0,-45.0,-144.048,0.2149,0.01146,0.0005004,0.008777,0.0,-1.0,0.000352,20.0,19.3
20415,46.0,-45.0,-144.127,0.2148,0.01143,0.0005,0.008737,0.0,-1.0,0.00035,20.0,19.400000000000002
20520,46.0,-45.0,-144.206,0.2148,0.01141,0.0004995,0.008697,0.0,-1.0,0.000348,20.0,19.5
20625,46.0,-45.0,-144.286,0.2147,0.01138,0.0004991,0.00866,0.0,-1.0,0.000347,20.0,19.6
20730,46.0,-45.0,-144.366,0.2147,0.01136,0.0004986,0.008626,0.0,-1.0,0.000346,20.0,19.700000000000003
20835,46.0,-45.0,-144.446,0.2147,0.01133,0.0004982,0.008593,0.0,-1.0,0.000344,20.0,19.8
20940,46.0,-45.0,-144.527,0.2146,0.01131,0.0004977,0.00856,0.0,-1.0,0.000343,20.0,19.900000000000002
21045,46.0,-45.0,-144.608,0.2146,0.01128,0.0004973,0.008526,0.0,-1.0,0.000342,20.0,20.0
21150,46.0,-45.0,-144.688,0.2145,0.01126,0.0004968,0.008492,0.0,-1.0,0.00034,20.0,20.1
21255,46.0,-45.0,-144.769,0.2145,0.01123,0.0004964,0.008458,0.0,-1.0,0.000339,20.0,20.200000000000003
21360,46.0,-45.0,-144.85,0.2144,0.01121,0.0004959,0.008423,0.0,-1.0,0.000337,20.0,20.3
21465,46.0,-45.0,-144.931,0.2144,0.01118,0.0004955,0.008389,0.0,-1.0,0.000336,20.0,20.400000000000002
21570,46.0,-45.0,-145.011,0.2143,0.01115,0.0004951,0.008355,0.0,-1.0,0.000335,20.0,20.5
21675,46.0,-45.0,-145.092,0.2143,0.01113,0.0004946,0.008321,0.0,-1.0,0.000333,20.0,20.6
21780,46.0,-45.0,-145.173,0.2143,0.0111,0.0004942,0.008286,0.0,-1.0,0.000332,20.0,20.700000000000003
21885,46.0,-45.0,-145.253,0.2142,0.01108,0.0004937,0.008253,0.0,-1.0,0.000331,20.0,20.8
21990,46.0,-45.0,-145.334,0.2142,0.01105,0.0004933,0.008219,0.0,-1.0,0.000329,20.0,20.900000000000002
22095,46.0,-45.0,-145.414,0.2141,0.01103,0.0004928,0.008185,0.0,-1.0,0.000328,20.0,21.0
22200,46.0,-45.0,-145.495,0.2141,0.011,0.0004924,0.008151,0.0,-1.0,0.000327,20.0,21.1
22305,46.0,-45.0,-145.575,0.214,0.01098,0.0004919,0.008118,0.0,-1.0,0.000325,20.0,21.200000000000003
22410,46.0,-45.0,-145.656,0.214,0.01095,0.0004915,0.008085,0.0,-1.0,0.000324,20.0,21.3
22515,46.0,-45.0,-145.736,0.214,0.01093,0.000491,0.008052,0.0,-1.0,0.000323,20.0,21.400000000000002
22620,46.0,-45.0,-145.816,0.2139,0.0109,0.0004906,0.00802,0.0,-1.0,0.000321,20.0,21.5
22725,46.0,-45.0,-145.897,0.2139,0.01088,0.0004901,0.007987,0.0,-1.0,0.00032,20.0,21.6
22830,46.0,-45.0,-145.977,0.2138,0.01085,0.0004897,0.007955,0.0,-1.0,0.000319,20.0,21.700000000000003
22935,46.0,-45.0,-146.057,0.2138,0.01083,0.0004893,0.007923,0.0,-1.0,0.000317,20.0,21.8
23040,46.0,-45.0,-146.137,0.2137,0.0108,0.0004888,0.007891,0.0,-1.0,0.000316,20.0,21.900000000000002
23145,46.0,-45.0,-146.217,0.2137,0.01077,0.0004884,0.007859,0.0,-1.0,0.000315,20.0,22.0
23250,46.0,-45.0,-146.297,0.2137,0.01075,0.0004879,0.007828,0.0,-1.0,0.000314,20.0,22.1
23355,46.0,-45.0,-146.377,0.2136,0.01072,0.0004875,0.007797,0.0,-1.0,0.000312,20.0,22.200000000000003
23460,46.0,-45.0,-146.458,0.2136,0.0107,0.000487,0.00777,0.0,-1.0,0.000311,20.0,22.3
23565,46.0,-45.0,-146.539,0.2135,0.01067,0.0004866,0.007748,0.0,-1.0,0.00031,20.0,22.400000000000002
23670,46.0,-45.0,-146.621,0.2135,0.01065,0.0004861,0.007725,0.0,-1.0,0.000309,20.0,22.5
23775,46.0,-45.0,-146.702,0.2134,0.01062,0.0004857,0.007701,0.0,-1.0,0.000309,20.0,22.6
23880,46.0,-45.0,-146.784,0.2134,0.0106,0.0004852,0.007676,0.0,-1.0,0.000308,20.0,22.700000000000003
23985,46.0,-45.0,-146.866,0.2134,0.01057,0.0004848,0.00765,0.0,-1.0,0.000306,20.0,22.8
24090,46.0,-45.0,-146.948,0.2133,0.01054,0.0004843,0.007624,0.0,-1.0,0.000305,20.0,22.900000000000002
24195,46.0,-45.0,-147.029,0.2133,0.01052,0.0004839,0.007597,0.0,-1.0,0.000304,20.0,23.0
24300,46.0,-45.0,-147.11,0.2132,0.01049,0.0004834,0.00757,0.0,-1.0,0.000303,20.0,23.1
24405,46.0,-45.0,-147.192,0.2132,0.01047,0.000483,0.007543,0.0,-1.0,0.000302,20.0,23.200000000000003
24510,46.0,-45.0,-147.273,0.2131,0.01044,0.0004825,0.007516,0.0,-1.0,0.000301,20.0,23.3
24615,46.0,-45.0,-147.354,0.2131,0.01042,0.0004821,0.00749,0.0,-1.0,0.0003,20.0,23.400000000000002
24720,46.0,-45.0,-147.435,0.2131,0.01039,0.0004816,0.007463,0.0,-1.0,0.000299,20.0,23.5
24825,46.0,-45.0,-147.516,0.213,0.01037,0.0004812,0.007436,0.0,-1.0,0.000298,20.0,23.6
24930,46.0,-45.0,-147.597,0.213,0.01034,0.0004807,0.007409,0.0,-1.0,0.000297,20.0,23.700000000000003
25035,46.0,-45.0,-147.678,0.2129,0.01031,0.0004803,0.007383,0.0,-1.0,0.000296,20.0,23.8
25140,46.0,-45.0,-147.759,0.2129,0.01029,0.0004798,0.007356,0.0,-1.0,0.000295,20.0,23.900000000000002
25245,46.0,-45.0,-147.839,0.2128,0.01026,0.0004794,0.00733,0.0,-1.0,0.000294,20.0,24.0
25350,46.0,-45.0,-147.92,0.2128,0.01024,0.0004789,0.007304,0.0,-1.0,0.000293,20.0,24.1
25455,46.0,-45.0,-148.0,0.2127,0.01021,0.0004785,0.007278,0.0,-1.0,0.000292,20.0,24.200000000000003
25560,46.0,-45.0,-148.081,0.2127,0.01019,0.000478,0.007252,0.0,-1.0,0.000291,20.0,24.3
25665,46.0,-45.0,-148.161,0.2127,0.01016,0.0004776,0.007226,0.0,-1.0,0.00029,20.0,24.400000000000002
25770,46.0,-45.0,-148.242,0.2126,0.01014,0.0004772,0.0072,0.0,-1.0,0.000288,20.0,24.5
25875,46.0,-45.0,-148.322,0.2126,0.01011,0.0004767,0.007175,0.0,-1.0,0.000287,20.0,24.6
25980,46.0,-45.0,-148.402,0.2125,0.01009,0.0004763,0.00715,0.0,-1.0,0.000286,20.0,24.700000000000003
26085,46.0,-45.0,-148.484,0.2125,0.01006,0.0004758,0.007143,0.0,-1.0,0.000286,20.0,24.8
26190,46.0,-45.0,-148.567,0.2124,0.01003,0.0004754,0.007128,0.0,-1.0,0.000286,20.0,24.900000000000002
26295,46.0,-45.0,-148.65,0.2124,0.01001,0.0004749,0.007111,0.0,-1.0,0.000285,20.0,25.0
65,66.0,-65.0,-93.644,0.2477,0.04286,0.0008862,0.03005,0.0,-1.0,0.0012,20.0,0.0
170,66.0,-65.0,-93.621,0.2477,0.04291,0.0008865,0.03028,0.0,-1.0,0.00121,20.0,0.1
275,66.0,-65.0,-93.622,0.2477,0.04291,0.0008865,0.03015,0.0,-1.0,0.00121,20.0,0.2
380,66.0,-65.0,-93.631,0.2477,0.04289,0.0008864,0.02991,0.0,-1.0,0.0012,20.0,0.30000000000000004
485,66.0,-65.0,-93.644,0.2477,0.04286,0.0008862,0.02964,0.0,-1.0,0.00119,20.0,0.4
590,66.0,-65.0,-93.664,0.2477,0.04282,0.0008859,0.02931,0.0,-1.0,0.00117,20.0,0.5
695,66.0,-65.0,-93.689,0.2477,0.04277,0.0008855,0.02895,0.0,-1.0,0.00116,20.0,0.6000000000000001
800,66.0,-65.0,-93.719,0.2476,0.04271,0.0008851,0.02855,0.0,-1.0,0.00114,20.0,0.7000000000000001
905,66.0,-65.0,-93.756,0.2476,0.04263,0.0008845,0.0281,0.0,-1.0,0.00113,20.0,0.8
1010,66.0,-65.0,-93.803,0.2476,0.04254,0.0008839,0.02764,0.0,-1.0,0.00111,20.0,0.9
1115,66.0,-65.0,-93.857,0.2475,0.04243,0.0008831,0.02715,0.0,-1.0,0.00109,20.0,1.0
1220,66.0,-65.0,-93.915,0.2475,0.04231,0.0008822,0.02662,0.0,-1.0,0.00107,20.0,1.1
1325,66.0,-65.0,-93.983,0.2474,0.04217,0.0008812,0.02606,0.0,-1.0,0.00104,20.0,1.2000000000000002
1430,66.0,-65.0,-94.059,0.2473,0.04202,0.0008801,0.02547,0.0,-1.0,0.00102,20.0,1.3
1535,66.0,-65.0,-94.144,0.2472,0.04185,0.0008789,0.02486,0.0,-1.0,0.000996,20.0,1.4000000000000001
1640,66.0,-65.0,-94.236,0.2471,0.04166,0.0008776,0.02425,0.0,-1.0,0.000971,20.0,1.5
1745,66.0,-65.0,-94.335,0.247,0.04146,0.0008761,0.02362,0.0,-1.0,0.000946,20.0,1.6
1850,66.0,-65.0,-94.44,0.2469,0.04125,0.0008746,0.023,0.0,-1.0,0.000922,20.0,1.7000000000000002
1955,66.0,-65.0,-94.551,0.2468,0.04102,0.000873,0.02238,0.0,-1.0,0.000897,20.0,1.8
2060,66.0,-65.0,-94.667,0.2467,0.04079,0.0008713,0.02176,0.0,-1.0,0.000872,20.0,1.9000000000000001
2165,66.0,-65.0,-94.789,0.2466,0.04054,0.0008695,0.02115,0.0,-1.0,0.000847,20.0,2.0
2270,66.0,-65.0,-94.915,0.2465,0.04028,0.0008677,0.02055,0.0,-1.0,0.000823,20.0,2.1
2375,66.0,-65.0,-95.045,0.2463,0.04002,0.0008658,0.01996,0.0,-1.0,0.0008,20.0,2.2
2480,66.0,-65.0,-95.178,0.2462,0.03975,0.0008638,0.01938,0.0,-1.0,0.000776,20.0,2.3000000000000003
2585,66.0,-65.0,-95.315,0.2461,0.03947,0.0008618,0.01881,0.0,-1.0,0.000754,20.0,2.4000000000000004
2690,66.0,-65.0,-95.456,0.2459,0.03919,0.0008598,0.01826,0.0,-1.0,0.000731,20.0,2.5
2795,66.0,-65.0,-95.609,0.2458,0.03906,0.0008584,0.01774,0.0,-1.0,0.000711,20.0,2.6
2900,66.0,-65.0,-95.758,0.2457,0.03894,0.000857,0.01723,0.0,-1.0,0.00069,20.0,2.7
3005,66.0,-65.0,-95.91,0.2456,0.03882,0.0008556,0.01672,0.0,-1.0,0.00067,20.0,2.8000000000000003
3110,66.0,-65.0,-96.062,0.2455,0.03869,0.0008543,0.01623,0.0,-1.0,0.00065,20.0,2.9000000000000004
3215,66.0,-65.0,-96.216,0.2454,0.03857,0.0008528,0.01575,0.0,-1.0,0.000631,20.0,3.0
3320,66.0,-65.0,-96.371,0.2452,0.03844,0.0008514,0.01529,0.0,-1.0,0.000612,20.0,3.1
3425,66.0,-65.0,-96.527,0.2451,0.03832,0.00085,0.01483,0.0,-1.0,0.000594,20.0,3.2
3530,66.0,-65.0,-96.684,0.245,0.03819,0.0008486,0.0144,0.0,-1.0,0.000577,20.0,3.3000000000000003
3635,66.0,-65.0,-96.844,0.2449,0.03806,0.0008471,0.01394,0.0,-1.0,0.000559,20.0,3.4000000000000004
3740,66.0,-65.0,-97.009,0.2448,0.03793,0.0008456,0.01343,0.0,-1.0,0.000538,20.0,3.5
3845,66.0,-65.0,-97.172,0.2447,0.03779,0.0008441,0.01302,0.0,-1.0,0.000522,20.0,3.6
3950,66.0,-65.0,-97.334,0.2445,0.03766,0.0008426,0.01262,0.0,-1.0,0.000506,20.0,3.7
4055,66.0,-65.0,-97.497,0.2444,0.03753,0.0008411,0.01225,0.0,-1.0,0.000491,20.0,3.8000000000000003
4160,66.0,-65.0,-97.659,0.2443,0.0374,0.0008396,0.01188,0.0,-1.0,0.000476,20.0,3.9000000000000004
4265,66.0,-65.0,-97.821,0.2442,0.03726,0.0008382,0.01153,0.0,-1.0,0.000462,20.0,4.0
4370,66.0,-65.0,-97.983,0.2441,0.03713,0.0008367,0.01118,0.0,-1.0,0.000448,20.0,4.1000000000000005
4475,66.0,-65.0,-98.15,0.2439,0.037,0.0008352,0.01077,0.0,-1.0,0.000431,20.0,4.2
4580,66.0,-65.0,-98.315,0.2438,0.03686,0.0008336,0.01042,0.0,-1.0,0.000417,20.0,4.3
4685,66.0,-65.0,-98.481,0.2437,0.03673,0.0008321,0.01009,0.0,-1.0,0.000404,20.0,4.4
4790,66.0,-65.0,-98.645,0.2436,0.0366,0.0008306,0.009781,0.0,-1.0,0.000392,20.0,4.5
4895,66.0,-65.0,-98.808,0.2435,0.03646,0.0008291,0.009482,0.0,-1.0,0.00038,20.0,4.6000000000000005
5000,66.0,-65.0,-98.971,0.2433,0.03633,0.0008276,0.009195,0.0,-1.0,0.000368,20.0,4.7
5105,66.0,-65.0,-99.135,0.2432,0.0362,0.0008261,0.008879,0.0,-1.0,0.000356,20.0,4.800000000000001
5210,66.0,-65.0,-99.3,0.2431,0.03606,0.0008246,0.008569,0.0,-1.0,0.000343,20.0,4.9
5315,66.0,-65.0,-99.465,0.243,0.03593,0.0008231,0.008282,0.0,-1.0,0.000332,20.0,5.0
5420,66.0,-65.0,-99.629,0.2429,0.0358,0.0008216,0.008013,0.0,-1.0,0.000321,20.0,5.1000000000000005
5525,66.0,-65.0,-99.792,0.2427,0.03566,0.0008201,0.007756,0.0,-1.0,0.000311,20.0,5.2
5630,66.0,-65.0,-99.954,0.2426,0.03553,0.0008187,0.00751,0.0,-1.0,0.000301,20.0,5.300000000000001
5735,66.0,-65.0,-100.117,0.2425,0.0354,0.0008172,0.007242,0.0,-1.0,0.00029,20.0,5.4
5840,66.0,-65.0,-100.28,0.2424,0.03527,0.0008157,0.006983,0.0,-1.0,0.00028,20.0,5.5
5945,66.0,-65.0,-100.443,0.2423,0.03514,0.0008142,0.006737,0.0,-1.0,0.00027,20.0,5.6000000000000005
6050,66.0,-65.0,-100.605,0.2421,0.035,0.0008127,0.006505,0.0,-1.0,0.000261,20.0,5.7
6155,66.0,-65.0,-100.766,0.242,0.03487,0.0008112,0.006284,0.0,-1.0,0.000252,20.0,5.800000000000001
6260,66.0,-65.0,-100.927,0.2419,0.03474,0.0008097,0.006064,0.0,-1.0,0.000243,20.0,5.9
6365,66.0,-65.0,-101.088,0.2418,0.03461,0.0008083,0.005836,0.0,-1.0,0.000234,20.0,6.0
6470,66.0,-65.0,-101.249,0.2417,0.03448,0.0008068,0.005619,0.0,-1.0,0.000225,20.0,6.1000000000000005
6575,66.0,-65.0,-101.409,0.2415,0.03435,0.0008053,0.005411,0.0,-1.0,0.000217,20.0,6.2
6680,66.0,-65.0,-101.568,0.2414,0.03422,0.0008039,0.005213,0.0,-1.0,0.000209,20.0,6.300000000000001
6785,66.0,-65.0,-101.727,0.2413,0.03409,0.0008024,0.005022,0.0,-1.0,0.000201,20.0,6.4
6890,66.0,-65.0,-101.886,0.2412,0.03397,0.000801,0.004826,0.0,-1.0,0.000193,20.0,6.5
6995,66.0,-65.0,-102.045,0.2411,0.03384,0.0007995,0.004636,0.0,-1.0,0.000186,20.0,6.6000000000000005
7100,66.0,-65.0,-102.203,0.241,0.03371,0.0007981,0.004453,0.0,-1.0,0.000178,20.0,6.7
7205,66.0,-65.0,-102.36,0.2408,0.03358,0.0007966,0.00428,0.0,-1.0,0.000171,20.0,6.800000000000001
7310,66.0,-65.0,-102.517,0.2407,0.03345,0.0007952,0.00411,0.0,-1.0,0.000165,20.0,6.9
7415,66.0,-65.0,-102.673,0.2406,0.03333,0.0007938,0.00394,0.0,-1.0,0.000158,20.0,7.0
7520,66.0,-65.0,-102.829,0.2405,0.0332,0.0007923,0.003775,0.0,-1.0,0.000151,20.0,7.1000000000000005
7625,66.0,-65.0,-102.985,0.2404,0.03307,0.0007909,0.003615,0.0,-1.0,0.000145,20.0,7.2
7730,66.0,-65.0,-103.139,0.2403,0.03295,0.0007895,0.003462,0.0,-1.0,0.000139,20.0,7.300000000000001
7835,66.0,-65.0,-103.294,0.2402,0.03282,0.0007881,0.003311,0.0,-1.0,0.000133,20.0,7.4
7940,66.0,-65.0,-103.448,0.24,0.0327,0.0007867,0.003161,0.0,-1.0,0.000127,20.0,7.5
8045,66.0,-65.0,-103.601,0.2399,0.03257,0.0007853,0.003016,0.0,-1.0,0.000121,20.0,7.6000000000000005
8150,66.0,-65.0,-103.754,0.2398,0.03245,0.0007839,0.002876,0.0,-1.0,0.000115,20.0,7.7
8255,66.0,-65.0,-103.906,0.2397,0.03233,0.0007825,0.002739,0.0,-1.0,0.00011,20.0,7.800000000000001
8360,66.0,-65.0,-104.057,0.2396,0.0322,0.0007811,0.002605,0.0,-1.0,0.000104,20.0,7.9
8465,66.0,-65.0,-104.209,0.2395,0.03208,0.0007797,0.002473,0.0,-1.0,9.91e-05,20.0,8.0
8570,66.0,-65.0,-104.359,0.2394,0.03196,0.0007784,0.002345,0.0,-1.0,9.39e-05,20.0,8.1
8675,66.0,-65.0,-104.509,0.2393,0.03184,0.000777,0.002221,0.0,-1.0,8.9e-05,20.0,8.200000000000001
8780,66.0,-65.0,-104.658,0.2391,0.03171,0.0007756,0.0021,0.0,-1.0,8.42e-05,20.0,8.3
8885,66.0,-65.0,-104.807,0.239,0.03159,0.0007743,0.001983,0.0,-1.0,7.94e-05,20.0,8.4
8990,66.0,-65.0,-104.956,0.2389,0.03147,0.0007729,0.001868,0.0,-1.0,7.48e-05,20.0,8.5
9095,66.0,-65.0,-105.103,0.2388,0.03135,0.0007715,0.001757,0.0,-1.0,7.04e-05,20.0,8.6
9200,66.0,-65.0,-105.251,0.2387,0.03123,0.0007702,0.001649,0.0,-1.0,6.61e-05,20.0,8.700000000000001
9305,66.0,-65.0,-105.398,0.2386,0.03111,0.0007688,0.001543,0.0,-1.0,6.18e-05,20.0,8.8
9410,66.0,-65.0,-105.544,0.2385,0.031,0.0007675,0.00144,0.0,-1.0,5.77e-05,20.0,8.9
9515,66.0,-65.0,-105.69,0.2384,0.03088,0.0007662,0.001339,0.0,-1.0,5.37e-05,20.0,9.0
9620,66.0,-65.0,-105.835,0.2383,0.03076,0.0007649,0.001241,0.0,-1.0,4.97e-05,20.0,9.1
9725,66.0,-65.0,-105.979,0.2382,0.03064,0.0007635,0.001145,0.0,-1.0,4.59e-05,20.0,9.200000000000001
9830,66.0,-65.0,-106.124,0.2381,0.03053,0.0007622,0.001051,0.0,-1.0,4.21e-05,20.0,9.3
9935,66.0,-65.0,-106.267,0.238,0.03041,0.0007609,0.0009592,0.0,-1.0,3.84e-05,20.0,9.4
10040,66.0,-65.0,-106.41,0.2379,0.03029,0.0007596,0.0008696,0.0,-1.0,3.48e-05,20.0,9.5
10145,66.0,-65.0,-106.552,0.2378,0.03018,0.0007583,0.0007815,0.0,-1.0,3.13e-05,20.0,9.600000000000001
10250,66.0,-65.0,-106.694,0.2376,0.03006,0.000757,0.0006965,0.0,-1.0,2.79e-05,20.0,9.700000000000001
10355,66.0,-65.0,-106.836,0.2375,0.02995,0.0007557,0.0006135,0.0,-1.0,2.46e-05,20.0,9.8
10460,66.0,-65.0,-106.977,0.2374,0.02983,0.0007544,0.0005336,0.0,-1.0,2.14e-05,20.0,9.9
10565,66.0,-65.0,-107.117,0.2373,0.02972,0.0007531,0.0004556,0.0,-1.0,1.83e-05,20.0,10.0
10670,66.0,-65.0,-107.257,0.2372,0.02961,0.0007518,0.0003798,0.0,-1.0,1.52e-05,20.0,10.100000000000001
10775,66.0,-65.0,-107.396,0.2371,0.02949,0.0007506,0.0003059,0.0,-1.0,1.23e-05,20.0,10.200000000000001
10880,66.0,-65.0,-107.535,0.237,0.02938,0.0007493,0.0002339,0.0,-1.0,9.37e-06,20.0,10.3
10985,66.0,-65.0,-107.674,0.2369,0.02927,0.000748,0.0001636,0.0,-1.0,6.56e-06,20.0,10.4
11090,66.0,-65.0,-107.812,0.2368,0.02915,0.0007468,9.462e-05,0.0,-1.0,3.79e-06,20.0,10.5
11195,66.0,-65.0,-107.949,0.2367,0.02904,0.0007455,2.725e-05,0.0,-1.0,1.09e-06,20.0,10.600000000000001
11300,66.0,-65.0,-108.086,0.2366,0.02893,0.0007443,-3.873e-05,0.0,-1.0,-1.55e-06,20.0,10.700000000000001
11405,66.0,-65.0,-108.223,0.2365,0.02882,0.000743,-0.0001035,0.0,-1.0,-4.15e-06,20.0,10.8
11510,66.0,-65.0,-108.359,0.2364,0.02871,0.0007418,-0.0001668,0.0,-1.0,-6.68e-06,20.0,10.9
11615,66.0,-65.0,-108.494,0.2363,0.0286,0.0007405,-0.0002284,0.0,-1.0,-9.15e-06,20.0,11.0
11720,66.0,-65.0,-108.629,0.2362,0.02849,0.0007393,-0.0002881,0.0,-1.0,-1.15e-05,20.0,11.100000000000001
11825,66.0,-65.0,-108.763,0.2361,0.02838,0.0007381,-0.0003458,0.0,-1.0,-1.39e-05,20.0,11.200000000000001
11930,66.0,-65.0,-108.897,0.236,0.02827,0.0007368,-0.0004013,0.0,-1.0,-1.61e-05,20.0,11.3
12035,66.0,-65.0,-109.031,0.2359,0.02816,0.0007356,-0.0004555,0.0,-1.0,-1.82e-05,20.0,11.4
12140,66.0,-65.0,-109.164,0.2358,0.02806,0.0007344,-0.0005079,0.0,-1.0,-2.03e-05,20.0,11.5
12245,66.0,-65.0,-109.297,0.2357,0.02795,0.0007332,-0.0005591,0.0,-1.0,-2.24e-05,20.0,11.600000000000001
12350,66.0,-65.0,-109.43,0.2356,0.02784,0.000732,-0.0006096,0.0,-1.0,-2.44e-05,20.0,11.700000000000001
12455,66.0,-65.0,-109.561,0.2355,0.02773,0.0007308,-0.0006587,0.0,-1.0,-2.64e-05,20.0,11.8
12560,66.0,-65.0,-109.693,0.2354,0.02763,0.0007296,-0.000707,0.0,-1.0,-2.83e-05,20.0,11.9
12665,66.0,-65.0,-109.824,0.2353,0.02752,0.0007284,-0.0007546,0.0,-1.0,-3.02e-05,20.0,12.0
12770,66.0,-65.0,-109.954,0.2352,0.02742,0.0007272,-0.0008014,0.0,-1.0,-3.21e-05,20.0,12.100000000000001
12875,66.0,-65.0,-110.084,0.2352,0.02731,0.000726,-0.0008473,0.0,-1.0,-3.39e-05,20.0,12.200000000000001
12980,66.0,-65.0,-110.214,0.2351,0.0272,0.0007248,-0.0008912,0.0,-1.0,-3.57e-05,20.0,12.3
13085,66.0,-65.0,-110.343,0.235,0.0271,0.0007236,-0.0009333,0.0,-1.0,-3.74e-05,20.0,12.4
13190,66.0,-65.0,-110.472,0.2349,0.027,0.0007224,-0.0009733,0.0,-1.0,-3.9e-05,20.0,12.5
13295,66.0,-65.0,-110.6,0.2348,0.02689,0.0007213,-0.001012,0.0,-1.0,-4.06e-05,20.0,12.600000000000001
13400,66.0,-65.0,-110.728,0.2347,0.02679,0.0007201,-0.00105,0.0,-1.0,-4.21e-05,20.0,12.700000000000001
13505,66.0,-65.0,-110.856,0.2346,0.02668,0.0007189,-0.001087,0.0,-1.0,-4.36e-05,20.0,12.8
13610,66.0,-65.0,-110.983,0.2345,0.02658,0.0007177,-0.001123,0.0,-1.0,-4.5e-05,20.0,12.9
13715,66.0,-65.0,-111.11,0.2344,0.02648,0.0007166,-0.001159,0.0,-1.0,-4.64e-05,20.0,13.0
13820,66.0,-65.0,-111.237,0.2343,0.02637,0.0007154,-0.001195,0.0,-1.0,-4.79e-05,20.0,13.100000000000001
13925,66.0,-65.0,-111.363,0.2342,0.02627,0.0007143,-0.00123,0.0,-1.0,-4.93e-05,20.0,13.200000000000001
14030,66.0,-65.0,-111.488,0.2341,0.02617,0.0007131,-0.001264,0.0,-1.0,-5.06e-05,20.0,13.3
14135,66.0,-65.0,-111.614,0.234,0.02607,0.000712,-0.001297,0.0,-1.0,-5.2e-05,20.0,13.4
14240,66.0,-65.0,-111.739,0.2339,0.02597,0.0007108,-0.001329,0.0,-1.0,-5.32e-05,20.0,13.5
14345,66.0,-65.0,-111.863,0.2338,0.02587,0.0007097,-0.001358,0.0,-1.0,-5.44e-05,20.0,13.600000000000001
14450,66.0,-65.0,-111.987,0.2338,0.02577,0.0007086,-0.001386,0.0,-1.0,-5.55e-05,20.0,13.700000000000001
14555,66.0,-65.0,-112.111,0.2337,0.02566,0.0007074,-0.001413,0.0,-1.0,-5.66e-05,20.0,13.8
14660,66.0,-65.0,-112.235,0.2336,0.02556,0.0007063,-0.00144,0.0,-1.0,-5.77e-05,20.0,13.9
14765,66.0,-65.0,-112.358,0.2335,0.02546,0.0007052,-0.001466,0.0,-1.0,-5.87e-05,20.0,14.0
14870,66.0,-65.0,-112.481,0.2334,0.02536,0.000704,-0.001493,0.0,-1.0,-5.98e-05,20.0,14.100000000000001
14975,66.0,-65.0,-112.604,0.2333,0.02526,0.0007029,-0.001519,0.0,-1.0,-6.09e-05,20.0,14.200000000000001
15080,66.0,-65.0,-112.726,0.2332,0.02517,0.0007018,-0.001545,0.0,-1.0,-6.19e-05,20.0,14.3
15185,66.0,-65.0,-112.848,0.2331,0.02507,0.0007007,-0.001571,0.0,-1.0,-6.29e-05,20.0,14.4
15290,66.0,-65.0,-112.969,0.233,0.02497,0.0006996,-0.001596,0.0,-1.0,-6.4e-05,20.0,14.5
15395,66.0,-65.0,-113.09,0.2329,0.02487,0.0006985,-0.001619,0.0,-1.0,-6.49e-05,20.0,14.600000000000001
15500,66.0,-65.0,-113.211,0.2329,0.02477,0.0006974,-0.00164,0.0,-1.0,-6.57e-05,20.0,14.700000000000001
15605,66.0,-65.0,-113.332,0.2328,0.02467,0.0006963,-0.001659,0.0,-1.0,-6.65e-05,20.0,14.8
15710,66.0,-65.0,-113.452,0.2327,0.02458,0.0006952,-0.001678,0.0,-1.0,-6.72e-05,20.0,14.9
15815,66.0,-65.0,-113.573,0.2326,0.02448,0.0006941,-0.001698,0.0,-1.0,-6.8e-05,20.0,15.0
15920,66.0,-65.0,-113.692,0.2325,0.02438,0.000693,-0.001717,0.0,-1.0,-6.88e-05,20.0,15.100000000000001
16025,66.0,-65.0,-113.812,0.2324,0.02428,0.0006919,-0.001737,0.0,-1.0,-6.96e-05,20.0,15.200000000000001
16130,66.0,-65.0,-113.931,0.2323,0.02419,0.0006908,-0.001758,0.0,-1.0,-7.04e-05,20.0,15.3
16235,66.0,-65.0,-114.05,0.2322,0.02409,0.0006897,-0.001778,0.0,-1.0,-7.12e-05,20.0,15.4
16340,66.0,-65.0,-114.169,0.2321,0.02399,0.0006886,-0.001799,0.0,-1.0,-7.21e-05,20.0,15.5
16445,66.0,-65.0,-114.287,0.2321,0.0239,0.0006875,-0.001817,0.0,-1.0,-7.28e-05,20.0,15.600000000000001
16550,66.0,-65.0,-114.405,0.232,0.0238,0.0006864,-0.001832,0.0,-1.0,-7.34e-05,20.0,15.700000000000001
16655,66.0,-65.0,-114.523,0.2319,0.02371,0.0006854,-0.001845,0.0,-1.0,-7.39e-05,20.0,15.8
16760,66.0,-65.0,-114.641,0.2318,0.02361,0.0006843,-0.001859,0.0,-1.0,-7.45e-05,20.0,15.9
16865,66.0,-65.0,-114.759,0.2317,0.02352,0.0006832,-0.001872,0.0,-1.0,-7.5e-05,20.0,16.0
16970,66.0,-65.0,-114.876,0.2316,0.02342,0.0006821,-0.001887,0.0,-1.0,-7.56e-05,20.0,16.1
17075,66.0,-65.0,-114.993,0.2315,0.02333,0.0006811,-0.001902,0.0,-1.0,-7.62e-05,20.0,16.2
17180,66.0,-65.0,-115.11,0.2315,0.02323,0.00068,-0.001917,0.0,-1.0,-7.68e-05,20.0,16.3
17285,66.0,-65.0,-115.226,0.2314,0.02314,0.0006789,-0.001934,0.0,-1.0,-7.75e-05,20.0,16.400000000000002
17390,66.0,-65.0,-115.342,0.2313,0.02304,0.0006779,-0.00195,0.0,-1.0,-7.81e-05,20.0,16.5
17495,66.0,-65.0,-115.458,0.2312,0.02295,0.0006768,-0.001962,0.0,-1.0,-7.86e-05,20.0,16.6
17600,66.0,-65.0,-115.574,0.2311,0.02285,0.0006758,-0.001971,0.0,-1.0,-7.89e-05,20.0,16.7
17705,66.0,-65.0,-115.69,0.231,0.02276,0.0006747,-0.001978,0.0,-1.0,-7.92e-05,20.0,16.8
17810,66.0,-65.0,-115.806,0.2309,0.02267,0.0006736,-0.001985,0.0,-1.0,-7.95e-05,20.0,16.900000000000002
17915,66.0,-65.0,-115.921,0.2309,0.02257,0.0006726,-0.001994,0.0,-1.0,-7.99e-05,20.0,17.0
18020,66.0,-65.0,-116.036,0.2308,0.02248,0.0006715,-0.002004,0.0,-1.0,-8.03e-05,20.0,17.1
18125,66.0,-65.0,-116.151,0.2307,0.02239,0.0006705,-0.002015,0.0,-1.0,-8.07e-05,20.0,17.2
18230,66.0,-65.0,-116.265,0.2306,0.02229,0.0006694,-0.002027,0.0,-1.0,-8.12e-05,20.0,17.3
18335,66.0,-65.0,-116.379,0.2305,0.0222,0.0006684,-0.002039,0.0,-1.0,-8.17e-05,20.0,17.400000000000002
18440,66.0,-65.0,-116.493,0.2304,0.02211,0.0006674,-0.002051,0.0,-1.0,-8.22e-05,20.0,17.5
18545,66.0,-65.0,-116.607,0.2304,0.02202,0.0006663,-0.002054,0.0,-1.0,-8.23e-05,20.0,17.6
18650,66.0,-65.0,-116.721,0.2303,0.02192,0.0006653,-0.002055,0.0,-1.0,-8.23e-05,20.0,17.7
18755,66.0,-65.0,-116.835,0.2302,0.02183,0.0006642,-0.002055,0.0,-1.0,-8.23e-05,20.0,17.8
18860,66.0,-65.0,-116.948,0.2301,0.02174,0.0006632,-0.002059,0.0,-1.0,-8.25e-05,20.0,17.900000000000002
18965,66.0,-65.0,-117.061,0.23,0.02165,0.0006621,-0.002064,0.0,-1.0,-8.27e-05,20.0,18.0
19070,66.0,-65.0,-117.174,0.2299,0.02155,0.0006611,-0.002071,0.0,-1.0,-8.3e-05,20.0,18.1
19175,66.0,-65.0,-117.287,0.2298,0.02146,0.0006601,-0.002079,0.0,-1.0,-8.33e-05,20.0,18.2
19280,66.0,-65.0,-117.399,0.2298,0.02137,0.0006591,-0.002087,0.0,-1.0,-8.36e-05,20.0,18.3
19385,66.0,-65.0,-117.51,0.2297,0.02128,0.000658,-0.002097,0.0,-1.0,-8.4e-05,20.0,18.400000000000002
19490,66.0,-65.0,-117.622,0.2296,0.02119,0.000657,-0.002097,0.0,-1.0,-8.4e-05,20.0,18.5
19595,66.0,-65.0,-117.734,0.2295,0.0211,0.000656,-0.002087,0.0,-1.0,-8.36e-05,20.0,18.6
19700,66.0,-65.0,-117.846,0.2294,0.02101,0.000655,-0.002083,0.0,-1.0,-8.34e-05,20.0,18.7
19805,66.0,-65.0,-117.958,0.2294,0.02092,0.0006539,-0.002081,0.0,-1.0,-8.34e-05,20.0,18.8
19910,66.0,-65.0,-118.07,0.2293,0.02083,0.0006529,-0.002083,0.0,-1.0,-8.35e-05,20.0,18.900000000000002
20015,66.0,-65.0,-118.181,0.2292,0.02074,0.0006519,-0.002087,0.0,-1.0,-8.36e-05,20.0,19.0
20120,66.0,-65.0,-118.291,0.2291,0.02065,0.0006509,-0.002093,0.0,-1.0,-8.38e-05,20.0,19.1
20225,66.0,-65.0,-118.401,0.229,0.02056,0.0006499,-0.002099,0.0,-1.0,-8.41e-05,20.0,19.200000000000003
20330,66.0,-65.0,-118.51,0.2289,0.02047,0.0006489,-0.002106,0.0,-1.0,-8.44e-05,20.0,19.3
20435,66.0,-65.0,-118.62,0.2289,0.02038,0.0006479,-0.0021,0.0,-1.0,-8.41e-05,20.0,19.400000000000002
20540,66.0,-65.0,-118.732,0.2288,0.02029,0.0006469,-0.002076,0.0,-1.0,-8.32e-05,20.0,19.5
20645,66.0,-65.0,-118.843,0.2287,0.0202,0.0006459,-0.002068,0.0,-1.0,-8.29e-05,20.0,19.6
20750,66.0,-65.0,-118.953,0.2286,0.02011,0.0006448,-0.002065,0.0,-1.0,-8.27e-05,20.0,19.700000000000003
20855,66.0,-65.0,-119.063,0.2285,0.02002,0.0006438,-0.002067,0.0,-1.0,-8.28e-05,20.0,19.8
20960,66.0,-65.0,-119.172,0.2285,0.01993,0.0006428,-0.00207,0.0,-1.0,-8.29e-05,20.0,19.900000000000002
21065,66.0,-65.0,-119.28,0.2284,0.01985,0.0006419,-0.002075,0.0,-1.0,-8.31e-05,20.0,20.0
21170,66.0,-65.0,-119.388,0.2283,0.01976,0.0006409,-0.002081,0.0,-1.0,-8.34e-05,20.0,20.1
21275,66.0,-65.0,-119.495,0.2282,0.01967,0.0006399,-0.002087,0.0,-1.0,-8.36e-05,20.0,20.200000000000003
21380,66.0,-65.0,-119.605,0.2281,0.01958,0.0006389,-0.002052,0.0,-1.0,-8.22e-05,20.0,20.3
21485,66.0,-65.0,-119.716,0.2281,0.01949,0.0006379,-0.002023,0.0,-1.0,-8.1e-05,20.0,20.400000000000002
21590,66.0,-65.0,-119.825,0.228,0.0194,0.0006369,-0.002018,0.0,-1.0,-8.08e-05,20.0,20.5
21695,66.0,-65.0,-119.933,0.2279,0.01932,0.0006359,-0.002019,0.0,-1.0,-8.09e-05,20.0,20.6
21800,66.0,-65.0,-120.041,0.2278,0.01923,0.0006349,-0.002023,0.0,-1.0,-8.1e-05,20.0,20.700000000000003
21905,66.0,-65.0,-120.147,0.2277,0.01914,0.0006339,-0.002027,0.0,-1.0,-8.12e-05,20.0,20.8
22010,66.0,-65.0,-120.253,0.2277,0.01906,0.0006329,-0.002032,0.0,-1.0,-8.14e-05,20.0,20.900000000000002
22115,66.0,-65.0,-120.359,0.2276,0.01897,0.000632,-0.002038,0.0,-1.0,-8.16e-05,20.0,21.0
22220,66.0,-65.0,-120.465,0.2275,0.01889,0.0006311,-0.002043,0.0,-1.0,-8.18e-05,20.0,21.1
22325,66.0,-65.0,-120.579,0.2275,0.01886,0.0006304,-0.002044,0.0,-1.0,-8.19e-05,20.0,21.200000000000003
22430,66.0,-65.0,-120.687,0.2274,0.01882,0.0006298,-0.002048,0.0,-1.0,-8.2e-05,20.0,21.3
22535,66.0,-65.0,-120.794,0.2273,0.01879,0.0006292,-0.002053,0.0,-1.0,-8.23e-05,20.0,21.400000000000002
22640,66.0,-65.0,-120.9,0.2273,0.01875,0.0006287,-0.002058,0.0,-1.0,-8.25e-05,20.0,21.5
22745,66.0,-65.0,-121.005,0.2272,0.01872,0.0006281,-0.002064,0.0,-1.0,-8.27e-05,20.0,21.6
22850,66.0,-65.0,-121.11,0.2272,0.01869,0.0006275,-0.002069,0.0,-1.0,-8.29e-05,20.0,21.700000000000003
22955,66.0,-65.0,-121.213,0.2271,0.01866,0.0006269,-0.002074,0.0,-1.0,-8.31e-05,20.0,21.8
23060,66.0,-65.0,-121.317,0.2271,0.01862,0.0006263,-0.002079,0.0,-1.0,-8.33e-05,20.0,21.900000000000002
23165,66.0,-65.0,-121.425,0.227,0.01859,0.0006258,-0.00214,0.0,-1.0,-8.57e-05,20.0,22.0
23270,66.0,-65.0,-121.531,0.2269,0.01855,0.0006252,-0.002159,0.0,-1.0,-8.65e-05,20.0,22.1
23375,66.0,-65.0,-121.637,0.2269,0.01852,0.0006246,-0.002171,0.0,-1.0,-8.7e-05,20.0,22.200000000000003
23480,66.0,-65.0,-121.741,0.2268,0.01849,0.000624,-0.002178,0.0,-1.0,-8.73e-05,20.0,22.3
23585,66.0,-65.0,-121.844,0.2268,0.01846,0.0006234,-0.002185,0.0,-1.0,-8.75e-05,20.0,22.400000000000002
23690,66.0,-65.0,-121.947,0.2267,0.01842,0.0006229,-0.00219,0.0,-1.0,-8.78e-05,20.0,22.5
23795,66.0,-65.0,-122.049,0.2267,0.01839,0.0006223,-0.002195,0.0,-1.0,-8.8e-05,20.0,22.6
23900,66.0,-65.0,-122.151,0.2266,0.01836,0.0006217,-0.0022,0.0,-1.0,-8.82e-05,20.0,22.700000000000003
24005,66.0,-65.0,-122.256,0.2266,0.01833,0.0006211,-0.002238,0.0,-1.0,-8.97e-05,20.0,22.8
24110,66.0,-65.0,-122.359,0.2265,0.01829,0.0006206,-0.002257,0.0,-1.0,-9.04e-05,20.0,22.900000000000002
24215,66.0,-65.0,-122.463,0.2264,0.01826,0.00062,-0.002272,0.0,-1.0,-9.1e-05,20.0,23.0
24320,66.0,-65.0,-122.565,0.2264,0.01823,0.0006194,-0.002281,0.0,-1.0,-9.14e-05,20.0,23.1
24425,66.0,-65.0,-122.667,0.2263,0.0182,0.0006189,-0.002288,0.0,-1.0,-9.17e-05,20.0,23.200000000000003
24530,66.0,-65.0,-122.768,0.2263,0.01817,0.0006183,-0.002294,0.0,-1.0,-9.19e-05,20.0,23.3
24635,66.0,-65.0,-122.868,0.2262,0.01813,0.0006177,-0.002299,0.0,-1.0,-9.21e-05,20.0,23.400000000000002
24740,66.0,-65.0,-122.969,0.2262,0.0181,0.0006172,-0.002308,0.0,-1.0,-9.25e-05,20.0,23.5
24845,66.0,-65.0,-123.07,0.2261,0.01807,0.0006166,-0.002331,0.0,-1.0,-9.34e-05,20.0,23.6
24950,66.0,-65.0,-123.172,0.2261,0.01804,0.0006161,-0.002347,0.0,-1.0,-9.4e-05,20.0,23.700000000000003
25055,66.0,-65.0,-123.273,0.226,0.01801,0.0006155,-0.00236,0.0,-1.0,-9.45e-05,20.0,23.8
25160,66.0,-65.0,-123.373,0.226,0.01797,0.0006149,-0.002369,0.0,-1.0,-9.49e-05,20.0,23.900000000000002
25265,66.0,-65.0,-123.473,0.2259,0.01794,0.0006144,-0.002376,0.0,-1.0,-9.52e-05,20.0,24.0
25370,66.0,-65.0,-123.572,0.2258,0.01791,0.0006138,-0.002382,0.0,-1.0,-9.54e-05,20.0,24.1
25475,66.0,-65.0,-123.671,0.2258,0.01788,0.0006133,-0.002386,0.0,-1.0,-9.56e-05,20.0,24.200000000000003
25580,66.0,-65.0,-123.77,0.2257,0.01785,0.0006128,-0.002399,0.0,-1.0,-9.61e-05,20.0,24.3
25685,66.0,-65.0,-123.87,0.2257,0.01782,0.0006122,-0.002413,0.0,-1.0,-9.67e-05,20.0,24.400000000000002
25790,66.0,-65.0,-123.969,0.2256,0.01779,0.0006116,-0.002426,0.0,-1.0,-9.72e-05,20.0,24.5
25895,66.0,-65.0,-124.068,0.2256,0.01776,0.0006111,-0.002436,0.0,-1.0,-9.76e-05,20.0,24.6
26000,66.0,-65.0,-124.167,0.2255,0.01772,0.0006106,-0.002445,0.0,-1.0,-9.79e-05,20.0,24.700000000000003
26105,66.0,-65.0,-124.265,0.2255,0.01769,0.00061,-0.002451,0.0,-1.0,-9.82e-05,20.0,24.8
26210,66.0,-65.0,-124.362,0.2254,0.01766,0.0006095,-0.002457,0.0,-1.0,-9.84e-05,20.0,24.900000000000002
26315,66.0,-65.0,-124.46,0.2254,0.01763,0.0006089,-0.002464,0.0,-1.0,-9.87e-05,20.0,25.0
